GameID,Ha,pHa,La,LotNumA,Hb,pHb,Lb,LotNumB,Amb,Corr,lot_shape__A,lot_shape_symm_A,lot_shape_R_A,lot_shape_L_A,lot_shape__B,lot_shape_symm_B,lot_shape_R_B,lot_shape_L_B,MSE,MSE_var,good_bad,diffEV,diffSDs,diffMins,diffMaxs,diffUV,RatioMin,SignMax,pBbet_Unbiased1,pBbet_UnbiasedFB,pBbet_Uniform,pBbet_Sign1,pBbet_SignFB,Dom,diffBEV0,diffBEVfb,diffSignEV
13,0,1.0,0,1,50,0.5,-50,1,0,0,1,0,0,0,1,0,0,0,0.14144849112811714,0.0080394731669977,0,0.0,50.0,-50.0,50.0,0.0,0.0,1.0,0.0138,0.0054,0.0138,0.0138,0.0054,0.0,0.0,0.0,0.0
25,2,1.0,2,1,3,0.5,1,1,0,0,1,0,0,0,1,0,0,0,0.1823069718541233,0.006960118978529845,0,0.0,1.0,-1.0,1.0,0.0,0.5,1.0,-0.0116,0.0246,-0.0116,0.0,0.0,0.0,0.0,0.0,0.0
1,3,1.0,3,1,4,0.8,0,1,0,0,1,0,0,0,1,0,0,0,0.17240374616848722,0.00826593626431687,0,0.2,1.6,-3.0,1.0,-1.0,0.0,1.0,0.597,0.5936,-0.0006,-0.2015,-0.2032,0.0,0.2,0.2,-0.8
27,16,1.0,16,1,48,0.4,1,3,0,0,1,0,0,0,0,0,0,1,0.15928199791539518,0.006051429061625707,0,3.8,23.07726154,-15.0,34.0,19.75,0.0625,1.0,-0.1982,-0.1896,0.4956,0.0,0.0,0.0,3.8,3.8,0.0
24,-2,1.0,-2,1,-1,0.5,-3,1,0,0,1,0,0,0,1,0,0,0,0.17176690952783275,0.0060507611564595614,0,0.0,1.0,-1.0,1.0,0.0,0.666666667,-1.0,-0.0114,0.0172,-0.0114,0.0,0.0,0.0,0.0,0.0,0.0
10,2,1.0,2,1,101,0.01,1,1,0,0,1,0,0,0,1,0,0,0,0.2110676378358569,0.005226329552240131,0,0.0,9.949874371,-1.0,99.0,49.0,0.5,1.0,-0.9834,-0.981,-0.0018,0.0,0.0,0.0,0.0,0.0,0.0
2,3,0.25,0,1,4,0.2,0,1,0,0,1,0,0,0,1,0,0,0,0.1774797086647634,0.009625898517113542,0,0.05,0.300961894,0.0,1.0,0.5,1.0,1.0,0.1477,-0.0077,0.4997,-0.0514,-0.0567,0.0,0.05,0.05,-0.2
4,1,1.0,1,1,2,0.5,0,1,0,0,1,0,0,0,1,0,0,0,0.17457127994470725,0.005113350077552752,0,0.0,1.0,-1.0,1.0,0.0,0.0,1.0,0.008,-0.019,0.008,-0.496,-0.5095,0.0,0.0,0.0,-1.0
11,19,1.0,19,1,20,0.9,-20,1,0,0,1,0,0,0,1,0,0,0,0.11182206035407788,0.019699638556888388,0,-3.0,12.0,-39.0,1.0,-19.0,0.0,1.0,0.8076,0.8064,0.0218,-0.0962,-0.0968,0.0,-3.0,-3.0,-8.0
22,10,0.1,0,1,10,0.1,0,1,1,0,1,0,0,0,1,0,0,0,0.1334682622030576,0.020195736207692248,0,0.0,0.0,0.0,0.0,0.0,1.0,1.0,0.097,0.0004,0.0,0.097,0.0004,0.0,1.0,0.5,0.0
12,0,1.0,0,1,50,0.5,-50,1,0,0,1,0,0,0,1,0,0,0,0.1626826222349568,0.008587217089899462,0,0.0,50.0,-50.0,50.0,0.0,0.0,1.0,0.0116,-0.0006,0.0116,0.0116,-0.0006,0.0,0.0,0.0,0.0
15,7,1.0,7,1,50,0.5,1,1,0,0,1,0,0,0,1,0,0,0,0.07912799168446577,0.012596774762683852,1,18.5,24.5,-6.0,43.0,18.5,0.14285714300000002,1.0,-0.0056,0.0138,-0.0056,0.0,0.0,0.0,18.5,18.5,0.0
26,16,1.0,16,1,50,0.4,1,1,0,0,1,0,0,0,1,0,0,0,0.14911966701077176,0.005472049565783768,0,4.6,24.00499948,-15.0,34.0,9.5,0.0625,1.0,-0.2054,-0.2064,-0.0072,0.0,0.0,0.0,4.6,4.6,0.0
30,6,0.5,0,1,8,0.5,0,1,0,1,1,0,0,0,1,0,0,0,0.018039542128389256,0.005248703774685421,1,1.0,1.0,0.0,2.0,1.0,1.0,1.0,0.5031,0.4973,0.5031,0.0,0.0,1.0,1.0,1.0,0.0
18,30,1.0,30,1,50,0.5,-1,1,0,0,1,0,0,0,1,0,0,0,0.14264724244519505,0.013279135022798693,0,-5.5,25.5,-31.0,20.0,-5.5,0.0,1.0,-0.0006,0.0016,-0.0006,-0.5003,-0.4992,0.0,-5.5,-5.5,-51.0
14,0,1.0,0,1,1,0.5,-1,1,0,0,1,0,0,0,1,0,0,0,0.1736170655165475,0.008197486763379452,0,0.0,1.0,-1.0,1.0,0.0,0.0,1.0,-0.006,-0.0034,-0.006,-0.006,-0.0034,0.0,0.0,0.0,0.0
8,1,1.0,1,1,20,0.05,0,1,0,0,1,0,0,0,1,0,0,0,0.18512174813715912,0.015923315110673197,0,0.0,4.358898944,-1.0,19.0,9.0,0.0,1.0,-0.907,-0.8956,-0.0006,-0.9535,-0.9478,0.0,0.0,0.0,-19.0
21,10,0.5,0,1,10,0.5,0,1,1,0,1,0,0,0,1,0,0,0,0.17452445377169648,0.006287736227420863,0,0.0,0.0,0.0,0.0,0.0,1.0,1.0,-0.1607,0.0094,0.0,-0.1607,0.0094,0.0,-1.666666667,-0.833333333,0.0
7,-1,1.0,-1,1,0,0.95,-20,1,0,0,1,0,0,0,1,0,0,0,0.17506971907052327,0.008469642829472367,0,0.0,4.358898944,-19.0,1.0,-9.0,0.05,0.0,0.9042,0.9012,-0.0078,0.9521,0.9506,0.0,0.0,0.0,19.0
17,30,1.0,30,1,50,0.5,1,1,0,0,1,0,0,0,1,0,0,0,0.12833923001052078,0.012241666467380376,0,-4.5,24.5,-29.0,20.0,-4.5,0.033333333,1.0,0.019,-0.009000000000000001,0.019,0.0,0.0,0.0,-4.5,-4.5,0.0
23,10,0.9,0,1,10,0.9,0,1,1,0,1,0,0,0,1,0,0,0,0.1442049948016233,0.016809680140361466,0,0.0,0.0,0.0,0.0,0.0,1.0,1.0,-0.4294,0.001,0.0,-0.4294,0.001,0.0,-4.333333333,-2.166666667,0.0
9,1,1.0,1,1,100,0.01,0,1,0,0,1,0,0,0,1,0,0,0,0.20104162324949149,0.010076017172348316,0,0.0,9.949874371,-1.0,99.0,49.0,0.0,1.0,-0.9802,-0.9828,0.0064,-0.9901,-0.9914,0.0,0.0,0.0,-99.0
5,-3,1.0,-3,1,0,0.2,-4,1,0,0,1,0,0,0,1,0,0,0,0.17395213319792194,0.008622730130281283,0,-0.2,1.6,-1.0,3.0,1.0,0.75,0.0,-0.6044,-0.6046,0.0092,0.1978,0.1977,0.0,-0.2,-0.2,0.8
6,0,0.75,-3,1,0,0.8,-4,1,0,0,1,0,0,0,1,0,0,0,0.18509781474058207,0.008769272403141673,0,-0.05,0.300961894,-1.0,0.0,-0.5,0.75,0.0,-0.1507,-0.017,-0.4954,0.0499,0.0375,0.0,-0.05,-0.05,0.2
16,7,1.0,7,1,50,0.5,-1,1,0,0,1,0,0,0,1,0,0,0,0.10582726326689287,0.0173148571612898,0,17.5,25.5,-8.0,43.0,17.5,0.0,1.0,0.0004,0.014,0.0004,-0.4998,-0.493,0.0,17.5,17.5,-51.0
20,9,1.0,9,1,9,1.0,9,8,0,0,1,0,0,0,0,0,1,0,0.1886940686398472,0.01254848398534512,0,0.0,26.17250466,-7.0,247.0,54.75,0.222222222,1.0,-0.7494,-0.7504,0.2376,0.0,0.0,0.0,0.0,0.0,0.0
28,6,0.5,0,1,9,0.5,0,1,0,-1,1,0,0,0,1,0,0,0,0.05852965664740165,0.007177302020765595,1,1.5,1.5,0.0,3.0,1.5,1.0,1.0,0.5055,0.0,0.5055,0.0,0.0,1.0,1.5,1.5,0.0
19,9,1.0,9,1,9,1.0,9,8,0,0,1,0,0,0,0,0,1,0,0.17059209158036906,0.013210647669253214,0,0.0,26.17250466,-7.0,247.0,54.75,0.222222222,1.0,-0.7476,-0.7436,0.2554,0.0,0.0,0.0,0.0,0.0,0.0
29,2,1.0,2,1,3,1.0,3,1,0,0,1,0,0,0,1,0,0,0,0.009284079084564393,0.0023499345843924486,1,1.0,0.0,1.0,1.0,1.0,0.666666667,1.0,1.0,1.0,1.0,0.0,0.0,1.0,1.0,1.0,0.0
3,-1,1.0,-1,1,0,0.5,-2,1,0,0,1,0,0,0,1,0,0,0,0.16036732571944415,0.007547582001628638,0,0.0,1.0,-1.0,1.0,0.0,0.5,0.0,0.0026,0.0054,0.0026,0.5013,0.5027,0.0,0.0,0.0,1.0
41,29,1.0,29,1,44,0.4,21,5,0,0,1,0,0,0,0,1,0,0,0.1442825,0.016023677080078118,0,1.2,11.28538878,-8.0,17.0,11.16666667,0.7241379309999999,1.0,-0.2054,-0.19,0.6652,0.0,0.0,0.0,1.2,1.2,0.0
59,17,0.25,16,1,43,0.4,2,1,0,0,1,0,0,0,1,0,0,0,0.15901750000000006,0.006910359461015625,0,2.15,19.65280319,-14.0,26.0,6.0,0.125,1.0,-0.2012,-0.185,-0.0038,0.0,0.0,0.0,2.15,2.15,0.0
58,85,0.4,-7,1,40,0.25,24,1,0,0,1,0,0,0,1,0,0,0,0.16510499999999992,0.006687714181992189,0,-1.8,-38.14240804,31.0,-45.0,-7.0,0.0,1.0,0.193,0.2016,0.0048,0.5965,0.6008,0.0,-1.8,-1.8,110.4
42,-6,1.0,-6,1,54,0.1,-21,1,1,0,1,0,0,0,1,0,0,0,0.13360999999999998,0.014847806136093756,0,-7.5,22.5,-15.0,60.0,22.5,0.28571428600000004,1.0,-0.5304,-0.8022,0.0068,0.2348,0.0989,0.0,2.5,-2.5,15.0
47,11,1.0,11,1,57,0.2,-5,6,0,0,1,0,0,0,0,0,0,1,0.09606249999999987,0.016984240057265617,1,-3.6,25.36217656,-16.0,51.0,25.14285714,0.0,1.0,-0.6278,-0.6128,0.4132,-0.8139,-0.8064,0.0,-3.6,-3.6,-107.61875
35,-5,1.0,-5,1,47,0.01,-15,1,0,0,1,0,0,0,1,0,0,0,0.042805000000000065,0.012202774192617205,1,-9.38,6.16892211,-10.0,52.0,21.0,0.333333333,1.0,-0.979,-0.9786,0.0146,0.0105,0.0107,0.0,-9.38,-9.38,1.24
51,42,0.8,-18,1,68,0.2,23,1,0,0,1,0,0,0,1,0,0,0,0.121155,0.012210311147695321,0,2.0,-6.0,41.0,26.0,33.5,0.0,1.0,-0.1884,-0.2968,1.0,0.2036,0.1975,0.0,2.0,2.0,34.4
43,14,1.0,14,1,12,0.9,9,1,0,0,1,0,0,0,1,0,0,0,0.022027499999999964,0.0024454553885156238,1,-2.3,0.9,-5.0,-2.0,-3.5,0.642857143,1.0,-1.0,-1.0,-1.0,0.0,0.0,-1.0,-2.3,-2.3,0.0
34,7,1.0,7,1,27,0.1,4,3,0,0,1,0,0,0,0,1,0,0,0.186545,0.0070857678624609375,0,-0.7,6.903622238,-3.0,21.0,14.25,0.571428571,1.0,-0.7964,-0.8036,0.4976,0.0,0.0,0.0,-0.7,-0.7,0.0
46,37,0.01,9,1,30,0.6,-37,1,0,0,1,0,0,0,1,0,0,0,0.12123250000000005,0.014418688933476554,0,-6.08,30.03719773,-46.0,-7.0,-26.5,0.0,1.0,0.1974,0.194,-1.0,-0.3921,-0.3967,0.0,-6.08,-6.08,-59.2
48,-2,1.0,-2,1,24,0.5,-24,1,1,0,1,0,0,0,1,0,0,0,0.15870499999999998,0.006216601371328122,0,2.0,24.0,-22.0,26.0,2.0,0.083333333,1.0,-0.3544,-0.0086,0.0164,0.3228,0.4957,0.0,-6.666666667,-2.333333333,48.0
36,28,1.0,28,1,88,0.6,-46,3,0,0,1,0,0,0,0,0,1,0,0.15250750000000002,0.006564739545351564,0,6.4,65.67373904,-74.0,64.0,27.0,0.0,1.0,0.2054,0.1866,0.5004,-0.3973,-0.4067,0.0,6.4,6.4,-110.4
54,18,1.0,18,1,64,0.5,-33,1,0,0,1,0,0,0,1,0,0,0,0.12523750000000006,0.009541598430234366,0,-2.5,48.5,-51.0,46.0,-2.5,0.0,1.0,-0.0238,0.0096,-0.0238,-0.5119,-0.4952,0.0,-2.5,-2.5,-97.0
45,13,1.0,13,1,13,1.0,13,9,0,0,1,0,0,0,0,1,0,0,0.1918025,0.0058183746704296895,0,0.0,1.4142135619999998,-4.0,4.0,0.0,0.692307692,1.0,-0.0069,-0.0019,-0.0041,0.0,0.0,0.0,0.0,0.0,0.0
53,28,1.0,28,1,42,0.75,-22,1,0,0,1,0,0,0,1,0,0,0,0.1675700000000001,0.006772995642656256,0,-2.0,27.71281292,-50.0,14.0,-18.0,0.0,1.0,0.4996,0.4956,0.0052,-0.2502,-0.2522,0.0,-2.0,-2.0,-32.0
38,24,1.0,24,1,34,0.05,28,1,0,0,1,0,0,0,1,0,0,0,0.01679750000000001,0.002806326129726562,1,4.3,1.307669683,4.0,10.0,7.0,0.857142857,1.0,1.0,1.0,1.0,0.0,0.0,1.0,4.3,4.3,0.0
40,3,0.8,-37,1,79,0.4,-46,7,0,0,1,0,0,0,0,0,0,1,0.14536500000000002,0.006453134027578125,0,9.0,46.26716631,-9.0,82.0,55.625,0.804347826,1.0,-0.2172,-0.217,0.501,-0.4116,-0.4125,0.0,9.0,9.0,-106.4375
39,29,1.0,29,1,33,0.8,6,5,0,0,1,0,0,0,0,1,0,0,0.164415,0.015401319961992187,0,-1.4,10.83697375,-23.0,6.0,-0.5,0.206896552,1.0,0.6148,0.5964,0.6838,0.0,0.0,0.0,-1.4,-1.4,0.0
57,49,0.5,-3,1,33,0.95,17,9,0,-1,1,0,0,0,0,1,0,0,0.12485500000000008,0.01431774942925781,0,9.200000107000001,-22.25033334,20.0,-12.0,8.4,0.0,1.0,-0.0072,0.0012,-0.0072,0.4964,0.5006,0.0,9.200000107000001,9.200000107000001,52.00000016
52,46,0.2,0,1,46,0.25,-2,1,0,0,1,0,0,0,1,0,0,0,0.14072999999999994,0.019947774052968773,0,0.8,2.384609691,-2.0,0.0,-1.0,0.0,1.0,-0.6912,-0.5511,-0.4998,-0.6912,-0.5511,0.0,0.8,0.8,-33.6
33,-3,1.0,-3,1,14,0.4,-22,1,0,0,1,0,0,0,1,0,0,0,0.11119000000000004,0.009532052526445314,0,-4.6,17.63632615,-19.0,17.0,-1.0,0.13636363599999998,1.0,-0.2184,-0.1918,-0.0214,0.3908,0.4041,0.0,-4.6,-4.6,28.8
37,23,0.9,0,1,64,0.4,-7,1,0,0,1,0,0,0,1,0,0,0,0.15679999999999994,0.01078954405699219,0,0.7,27.88275435,-7.0,41.0,17.0,0.0,1.0,-0.2096,-0.2024,-0.0036,-0.6048,-0.5599,0.0,0.7,0.7,-78.1
56,-8,1.0,-8,1,-5,0.99,-34,1,0,0,1,0,0,0,1,0,0,0,0.08123999999999998,0.02286214376976565,1,2.71,2.885463568,-26.0,3.0,-11.5,0.235294118,-1.0,0.982,0.9818,-0.0116,0.0,0.0,0.0,2.71,2.71,0.0
55,43,0.2,19,1,22,0.25,17,9,0,-1,1,0,0,0,0,1,0,0,0.0677124999999999,0.011003662254023423,1,-5.550000056,-7.322391637999999,-2.0,-17.0,-9.5,0.894736842,1.0,-0.9027,-0.5124,-0.503,0.0,0.0,0.0,-5.550000056,-5.550000056,-5.2e-08
44,23,1.0,23,1,24,0.99,-33,1,0,0,1,0,0,0,1,0,0,0,0.19942250000000009,0.004207345486875005,0,0.43,5.671428392,-56.0,1.0,-27.5,0.0,1.0,0.98,0.9788,0.013,-0.01,-0.0106,0.0,0.43,0.43,-1.14
60,51,0.1,21,1,38,0.6,1,1,0,0,1,0,0,0,1,0,0,0,0.14103000000000004,0.009165304887187505,0,-0.8,9.126224097,-20.0,-13.0,-16.5,0.047619048,1.0,0.0054,0.0742,-1.0,0.0,0.0,0.0,-0.8,-0.8,0.0
31,4,1.0,4,1,40,0.6,-44,1,1,0,1,0,0,0,1,0,0,0,0.13708750000000006,0.008253446498085942,0,2.4,41.15142768,-48.0,36.0,-6.0,0.0,1.0,-0.2742,0.2036,0.0032,-0.6371,-0.3982,0.0,-18.0,-7.8,-67.2
50,4,1.0,4,1,4,1.0,4,9,0,0,1,0,0,0,0,1,0,0,0.1880625,0.006862230403242189,0,0.0,1.4142135619999998,-4.0,4.0,0.0,0.0,1.0,0.0063,0.0051,0.0073,-0.0041,-0.0054,0.0,0.0,0.0,-0.03125
49,23,1.0,23,1,23,1.0,23,3,0,0,1,0,0,0,0,1,0,0,0.2059975,0.0041706896108203145,0,0.0,0.7071067809999999,-1.0,1.0,0.0,0.956521739,1.0,-0.0148,-0.0096,-0.0169,0.0,0.0,0.0,0.0,0.0,0.0
32,24,0.75,-4,1,82,0.25,3,1,0,0,1,0,0,0,1,0,0,0,0.12923250000000006,0.011911545163125006,0,5.75,22.0836478,7.0,58.0,32.5,0.0,1.0,-0.0022,-0.1182,1.0,0.244,0.2437,0.0,5.75,5.75,43.0
71,13,0.6,-20,1,76,0.2,-26,1,0,0,1,0,0,0,1,0,0,0,0.1169620253365569,0.011264643164611107,0,-5.4,24.6333677,-6.0,63.0,28.5,0.7692307690000001,1.0,-0.6046,-0.5904,-0.0062,-0.4006,-0.3958,0.0,-5.4,-5.4,-81.6
89,17,1.0,17,1,44,0.1,17,1,0,0,1,0,0,0,1,0,0,0,0.024410190671289397,0.0036136030213661,1,2.7,8.1,0.0,27.0,13.5,1.0,1.0,0.1012,0.0927,0.5014,0.0,0.0,1.0,2.7,2.7,0.0
69,49,0.5,11,1,31,0.95,21,3,1,0,1,0,0,0,0,1,0,0,0.12422368206069682,0.0047018410772312795,0,0.5,-16.71417411,10.0,-17.0,-1.5,0.523809524,1.0,0.0096,-0.006999999999999999,0.0096,0.0,0.0,0.0,-3.5,-1.5,0.0
74,44,0.05,16,1,14,0.9,10,3,1,0,1,0,0,0,0,1,0,0,0.02239769266735462,0.0023577152296019874,1,-3.8,-4.727685812,-6.0,-29.0,-17.0,0.625,1.0,-1.0,-1.0,-1.0,0.0,0.0,-1.0,-3.933333333,-3.866666667,0.0
88,17,0.05,-7,1,13,0.25,-15,1,1,0,1,0,0,0,1,0,0,0,0.15094632268433053,0.005240388854357138,0,-2.2,6.893676921,-8.0,-4.0,-6.0,0.466666667,1.0,-0.5472,-0.5284,-1.0,0.2264,0.1977,0.0,-1.466666667,-1.833333333,12.8
87,-2,1.0,-2,1,4,0.99,-34,7,0,0,1,0,0,0,0,1,0,0,0.03226662390431341,0.0022420473775742193,1,5.62,3.972480333,-32.0,9.0,1.25,0.05882352900000001,1.0,0.9788,0.9806,0.7536,0.9894,0.9903,0.0,5.62,5.62,81.18
90,10,1.0,10,1,31,0.75,-49,1,0,0,1,0,0,0,1,0,0,0,0.14847492394350928,0.0060871948285365065,0,1.0,34.64101615,-59.0,21.0,-19.0,0.0,1.0,0.496,0.4914,0.0056,-0.252,-0.2543,0.0,1.0,1.0,-40.0
83,9,1.0,9,1,64,0.01,9,1,0,0,1,0,0,0,1,0,0,0,0.03206409230114882,0.01253137570985,1,0.55,5.4724309039999985,0.0,55.0,27.5,1.0,1.0,0.009000000000000001,0.0084,0.5006,0.0,0.0,1.0,0.55,0.55,0.0
86,71,0.5,-11,1,61,0.75,-49,1,1,0,1,0,0,0,1,0,0,0,0.095720557637672,0.00603102650613315,1,3.5,6.631397207999999,-38.0,-10.0,-24.0,0.224489796,1.0,-1.0,-0.2248,-1.0,-0.0931,0.2706,0.0,-34.33333333,-15.41666667,60.0
70,18,1.0,18,1,35,0.75,-19,1,0,0,1,0,0,0,1,0,0,0,0.14664829360770365,0.0061429299279962355,0,3.5,23.3826859,-37.0,17.0,-10.0,0.0,1.0,0.4962,0.504,-0.006999999999999999,-0.2519,-0.248,0.0,3.5,3.5,-27.0
77,1,1.0,1,1,38,0.4,-9,1,0,0,1,0,0,0,1,0,0,0,0.14832110236885315,0.006026717834658607,0,8.8,23.02520358,-10.0,37.0,13.5,0.0,1.0,-0.2046,-0.2102,-0.0042,-0.6023,-0.6051,0.0,8.8,8.8,-56.4
79,32,0.01,19,1,65,0.01,9,1,0,0,1,0,0,0,1,0,0,0,0.02604069861918455,0.002689170357651568,1,-9.57,4.27844598,-10.0,33.0,11.5,0.473684211,1.0,-0.9786,-0.9778,-0.0004,0.0,0.0,0.0,-9.57,-9.57,0.0
66,45,0.6,2,1,54,0.1,20,5,0,0,1,0,0,0,0,0,0,1,0.14098381671567922,0.005916066731748535,0,-4.4,-10.58515378,18.0,13.0,19.5,0.1,1.0,-0.0212,-0.0942,1.0,0.0,0.0,0.0,-4.4,-4.4,0.0
82,25,1.0,25,1,26,0.01,25,7,1,0,1,0,0,0,0,1,0,0,0.16421214547577356,0.026989366114176863,0,0.01,0.157797338,-2.0,4.0,1.0,0.92,1.0,-0.2941,0.0061,0.2733,0.0,0.0,0.0,-0.333333333,-0.161666667,0.0
61,26,0.25,25,1,29,0.05,24,7,0,0,1,0,0,0,0,0,1,0,0.20361865083834788,0.008791988015094345,0,-1.0,3.700690239,-2.0,123.0,27.625,0.92,1.0,-0.9714,-0.9674,0.3813,0.0,0.0,0.0,-1.0,-1.0,-1.42e-14
63,17,1.0,17,1,60,0.1,15,5,0,0,1,0,0,0,0,1,0,0,0.18066591884447208,0.015788789803574576,0,2.5,13.5037032,-2.0,45.0,35.5,0.882352941,1.0,-0.7962,-0.8029999999999999,0.6594,0.0,0.0,0.0,2.5,2.5,0.0
81,10,0.25,2,1,-1,0.9,-32,1,1,0,1,0,0,0,1,0,0,0,0.03146162474265342,0.0072231183790413215,1,-8.1,5.835898385,-34.0,-11.0,-22.5,0.0,1.0,-1.0,-1.0,-1.0,-1.0,-1.0,-1.0,-18.83333333,-13.46666667,-84.0
75,13,1.0,13,1,50,0.6,-45,1,0,0,1,0,0,0,1,0,0,0,0.14155295630376213,0.00523062870742134,0,-1.0,46.54030511,-58.0,37.0,-10.5,0.0,1.0,0.2006,0.1854,-0.001,-0.3997,-0.4073,0.0,-1.0,-1.0,-76.0
78,19,1.0,19,1,44,0.05,9,1,0,0,1,0,0,0,1,0,0,0,0.06920044860763327,0.020964469887112636,1,-8.25,7.6280731510000015,-10.0,25.0,7.5,0.473684211,1.0,-0.902,-0.8996,0.0034,0.0,0.0,0.0,-8.25,-8.25,0.0
76,35,0.01,16,1,20,0.5,13,5,1,0,1,0,0,0,0,1,0,0,0.14680724235343373,0.0143043101449489,0,0.31,1.680238084,-3.0,-13.0,-6.666666667,0.8125,1.0,-0.1688,-0.0096,-0.3296,0.0,0.0,0.0,-0.182222222,0.063888889,0.0
62,25,1.0,25,1,45,0.2,17,1,0,0,1,0,0,0,1,0,0,0,0.15179490464218445,0.012475596567379224,0,-2.4,11.2,-8.0,20.0,6.0,0.68,1.0,-0.6062,-0.5984,-0.001,0.0,0.0,0.0,-2.4,-2.4,0.0
85,20,1.0,20,1,70,0.25,6,1,0,0,1,0,0,0,1,0,0,0,0.15973337605648402,0.0057880731499157356,0,2.0,27.71281292,-14.0,50.0,18.0,0.3,1.0,-0.486,-0.499,0.0044,0.0,0.0,0.0,2.0,2.0,0.0
84,27,1.0,27,1,22,0.99,-7,1,0,0,1,0,0,0,1,0,0,0,0.011948085246187163,0.0016308479430003115,1,-5.29,2.885463568,-34.0,-5.0,-19.5,0.0,1.0,-1.0,-1.0,-1.0,-0.0113,-0.0116,-1.0,-5.29,-5.29,-0.68
64,52,0.1,-8,1,5,0.9,-43,1,1,0,1,0,0,0,1,0,0,0,0.13815478286795865,0.009549323205937273,0,2.2,-3.6,-35.0,-47.0,-41.0,0.186046512,1.0,-0.3046,0.631,-1.0,0.3477,0.8041,0.0,-19.33333333,-8.566666667,152.0
72,-9,1.0,-9,1,13,0.25,-8,1,0,0,1,0,0,0,1,0,0,0,0.02802884149646005,0.002199873246674032,1,6.25,9.09326674,1.0,22.0,11.5,0.8888888890000001,1.0,1.0,1.0,1.0,0.2504,0.2422,1.0,6.25,6.25,11.0
65,12,0.4,-16,1,-5,1.0,-5,1,0,0,1,0,0,0,1,0,0,0,0.13503220641532318,0.0070847653784884435,0,-0.2,-13.71714256,11.0,-17.0,-3.0,0.3125,1.0,0.201,0.1958,0.0,-0.3995,-0.4021,0.0,-0.2,-0.2,-22.4
67,85,0.25,4,1,54,0.25,11,1,0,1,1,0,0,0,1,0,0,0,0.16675660947550974,0.005581505573457722,0,-2.5,-16.45448267,7.0,-31.0,-12.0,0.363636364,1.0,0.503,0.4952,0.0064,0.0,0.0,0.0,-2.5,-2.5,0.0
68,12,1.0,12,1,102,0.2,-14,1,0,0,1,0,0,0,1,0,0,0,0.13412465951459715,0.011568465684577535,0,-2.8,46.4,-26.0,90.0,32.0,0.0,1.0,-0.6158,-0.593,-0.022,-0.8079,-0.7965,0.0,-2.8,-2.8,-185.6
80,3,1.0,3,1,50,0.4,-36,1,0,0,1,0,0,0,1,0,0,0,0.15369460024571496,0.008245882246035341,0,-4.6,42.13122358,-39.0,47.0,4.0,0.0,1.0,-0.1952,-0.1958,0.0018,-0.5976,-0.5979,0.0,-4.6,-4.6,-103.2
73,2,1.0,2,1,51,0.05,0,7,0,0,1,0,0,0,0,1,0,0,0.19021310690660792,0.01031324386254872,0,0.55,11.11856555,-2.0,52.0,42.625,0.0,1.0,-0.8964,-0.8948,0.7492,-0.9482,-0.9474,0.0,0.55,0.55,-51.3
91,7,1.0,7,1,16,0.1,10,1,0,0,1,0,0,0,1,0,0,0,0.017321583081491898,0.003398180261020993,1,3.6,1.8,3.0,9.0,6.0,0.7,1.0,1.0,1.0,1.0,0.0,0.0,1.0,3.6,3.6,0.0
93,5,1.0,5,1,103,0.1,-9,4,1,0,1,0,0,0,0,0,0,1,0.15732094215180067,0.008285565863145439,0,-2.8,33.63123548,-14.0,101.0,73.6,0.0,1.0,-0.3746,-0.8042,0.6104,-0.6873,-0.9021,0.0,19.86666667,8.533333333,-207.0
104,-6,1.0,-6,1,3,0.99,-27,1,0,0,1,0,0,0,1,0,0,0,0.029356833857813607,0.008685576894771022,1,8.7,2.9849623110000003,-21.0,9.0,-6.0,0.222222222,1.0,0.9808,0.9786,-0.01,0.9904,0.9893,0.0,8.7,8.7,59.4
92,8,0.8,-37,1,102,0.2,-29,1,0,0,1,0,0,0,1,0,0,0,0.11738118887805528,0.009044327351967198,0,-1.8,34.4,8.0,94.0,51.0,0.783783784,1.0,-0.196,-0.28800000000000003,1.0,-0.598,-0.6046,0.0,-1.8,-1.8,-166.8
99,22,1.0,22,1,44,0.4,15,5,0,0,1,0,0,0,0,1,0,0,0.13131485340151242,0.009058985761716357,0,4.6,14.22111107,-7.0,24.0,17.16666667,0.681818182,1.0,-0.21,-0.2068,0.6729999999999999,0.0,0.0,0.0,4.6,4.6,0.0
102,11,1.0,11,1,25,0.5,-3,3,1,0,1,0,0,0,0,1,0,0,0.14510879667902704,0.005936075772331801,0,0.0,14.00892573,-14.0,15.0,7.0,0.0,1.0,-0.151,0.0122,0.4992,-0.5755,-0.4939,0.0,-2.333333333,-1.166666667,-29.0
120,-9,0.95,-26,1,-1,0.1,-11,1,0,0,1,0,0,0,1,0,0,0,0.1886838648215609,0.00632182698455659,0,-0.15,-0.705064102,15.0,8.0,11.5,0.423076923,-1.0,-0.7062,-0.7062,1.0,0.0,0.0,0.0,-0.15,-0.15,0.0
103,27,0.8,-4,1,77,0.1,22,6,0,-1,1,0,0,0,0,0,1,0,0.1081262617904644,0.017766992569300002,0,6.7,4.521879328,26.0,107.0,69.64285714,0.0,1.0,-0.4058,-0.5898,1.0,0.1998,0.2051,0.0,6.7,6.7,55.2
118,26,1.0,26,1,46,0.5,10,6,0,0,1,0,0,0,0,0,0,1,0.15722352191760636,0.006184408185902392,0,2.0,19.86202407,-37.0,25.0,2.857142857,0.0,1.0,-0.0686,-0.0444,0.13699999999999998,-0.0159,-0.0132,0.0,2.0,2.0,-1.9375
101,28,1.0,28,1,73,0.05,27,3,0,0,1,0,0,0,0,1,0,0,0.12189969554540395,0.01640532564332679,0,1.3,10.02671432,-1.0,46.0,33.5,0.964285714,1.0,-0.8982,-0.9026,0.4944,0.0,0.0,0.0,1.3,1.3,-7.109999999999998e-15
115,50,0.4,5,1,20,0.8,-17,7,0,0,1,0,0,0,0,1,0,0,0.08465438233373873,0.010052990745749859,1,-10.4,-7.204922517999999,-22.0,-27.0,-12.125,0.0,1.0,-0.1966,-0.0462,-0.2416,-0.2011,-0.2001,0.0,-10.4,-10.4,-26.8
96,35,0.5,-47,1,-10,0.75,-15,1,0,0,1,0,0,0,1,0,0,0,0.11047460344994843,0.01006859483478197,0,-5.25,-38.83493649,32.0,-45.0,-6.5,0.319148936,1.0,0.0056,-0.0164,0.0056,-0.4972,-0.5082,0.0,-5.25,-5.25,-82.0
95,-3,0.05,-9,1,42,0.4,-24,6,0,1,1,0,0,0,0,0,0,1,0.14759045026622467,0.007931101152460616,0,11.1,31.88630567,-15.0,50.0,26.57142857,0.375,1.0,-0.2226,-0.233,0.4256,0.3887,0.3835,0.0,11.1,11.1,55.025
105,30,1.0,30,1,90,0.01,36,1,0,0,1,0,0,0,1,0,0,0,0.017243390488591567,0.0018851138123092655,1,6.54,5.37293216,6.0,60.0,33.0,0.833333333,1.0,1.0,1.0,1.0,0.0,0.0,1.0,6.54,6.54,0.0
107,25,1.0,25,1,65,0.25,9,5,0,0,1,0,0,0,0,1,0,0,0.14139016182598568,0.009731318045608513,0,-2.0,24.25386567,-16.0,42.0,30.66666667,0.36,1.0,-0.4936,-0.505,0.6629999999999999,0.0,0.0,0.0,-2.0,-2.0,0.0
108,16,1.0,16,1,91,0.2,-11,1,0,0,1,0,0,0,1,0,0,0,0.08428008330357617,0.007313022502188294,1,-6.6,40.8,-27.0,75.0,24.0,0.0,1.0,-0.6004,-0.6084,0.0074,-0.8002,-0.8042,0.0,-6.6,-6.6,-163.2
110,12,1.0,12,1,29,0.8,-35,2,0,0,1,0,0,0,0,0,0,1,0.11864637074397172,0.007725053376693551,0,4.2,25.61562023,-47.0,18.0,-4.333333333,0.0,1.0,0.597,0.6028,0.3248,-0.2015,-0.1986,0.0,4.2,4.2,-26.0
100,18,0.6,-29,1,-1,1.0,-1,1,0,0,1,0,0,0,1,0,0,0,0.13795994228248135,0.006322283648486178,0,-0.2,-23.02520358,28.0,-19.0,4.5,0.034482759,1.0,-0.1896,-0.2088,0.0076,-0.5948,-0.6044,0.0,-0.2,-0.2,-56.4
97,10,1.0,10,1,45,0.2,-5,1,0,0,1,0,0,0,1,0,0,0,0.0860451850578334,0.006583422884819363,1,-5.0,20.0,-15.0,35.0,10.0,0.0,1.0,-0.5986,-0.6132,-0.0078,-0.7993,-0.8066,0.0,-5.0,-5.0,-80.0
98,94,0.5,-40,1,36,0.75,-21,7,0,0,1,0,0,0,0,1,0,0,0.12499150777854365,0.005511215938053286,0,-5.25,-42.29549636,19.0,-55.0,1.875,0.525,1.0,-0.0084,-0.0042,-0.0084,0.2501,0.2401,0.0,-5.25,-5.25,67.0
116,2,1.0,2,1,45,0.05,3,5,0,0,1,0,0,0,0,1,0,0,0.00781669604209148,0.0008746786841276455,1,3.1,9.156418514,1.0,45.0,36.0,0.666666667,1.0,1.0,1.0,1.0,0.0,0.0,1.0,3.1,3.1,0.0
113,9,0.95,0,1,37,0.25,-3,6,0,0,1,0,0,0,0,0,1,0,0.15551994872313812,0.010588812638165373,0,-1.55,16.3483289,-3.0,85.0,38.78571429,0.0,1.0,-0.5056,-0.4986,0.7088,-0.7528,-0.7371,0.0,-1.55,-1.55,-140.65
94,7,1.0,7,1,6,0.75,1,1,0,0,1,0,0,0,1,0,0,0,0.024102547652129328,0.008315342519329258,1,-2.25,2.165063509,-6.0,-1.0,-3.5,0.14285714300000002,1.0,-1.0,-1.0,-1.0,0.0,0.0,-1.0,-2.25,-2.25,0.0
112,-7,1.0,-7,1,28,0.2,-18,7,0,0,1,0,0,0,0,1,0,0,0.12625412596592295,0.010126211331245956,0,-1.8,18.40815037,-11.0,38.0,29.25,0.388888889,1.0,-0.589,-0.6024,0.7542,0.2055,0.1988,0.0,-1.8,-1.8,19.6
106,2,1.0,2,1,34,0.05,-5,5,0,0,1,0,0,0,0,1,0,0,0.07864637076935133,0.022107465548727445,1,-5.05,8.502793659,-7.0,34.0,25.5,0.0,1.0,-0.8998,-0.905,0.6732,-0.9499,-0.9525,0.0,-5.05,-5.05,-77.9
111,28,1.0,28,1,47,0.6,-13,1,0,0,1,0,0,0,1,0,0,0,0.11875148214284055,0.005945939069460004,0,-5.0,29.39387691,-41.0,19.0,-11.0,0.0,1.0,0.1996,0.2092,-0.0074,-0.4002,-0.3954,0.0,-5.0,-5.0,-48.0
109,11,1.0,11,1,26,0.5,-9,1,0,0,1,0,0,0,1,0,0,0,0.13497195964939776,0.009832894457818427,0,-2.5,17.5,-20.0,15.0,-2.5,0.0,1.0,-0.0024,0.012,-0.0024,-0.5012,-0.494,0.0,-2.5,-2.5,-35.0
119,19,0.4,12,1,100,0.25,-12,2,0,0,1,0,0,0,0,0,1,0,0.13086748920948582,0.01212394304157847,0,1.2,45.07071436,-24.0,82.0,47.16666667,0.0,1.0,-0.4922,-0.5082,0.3328,-0.7461,-0.7541,0.0,1.2,1.2,-169.5
117,-6,1.0,-6,1,7,0.5,-30,1,0,0,1,0,0,0,1,0,0,0,0.11835667362235602,0.005174484526505417,0,-5.5,18.5,-24.0,13.0,-5.5,0.2,1.0,0.0142,-0.0044,0.0142,0.5071,0.4978,0.0,-5.5,-5.5,37.0
114,72,0.01,-2,1,112,0.25,-33,1,0,-1,1,0,0,0,1,0,0,0,0.13926614324252282,0.009401696178623863,0,4.51,55.42393474,-31.0,40.0,4.5,0.060606061,1.0,-0.4812,-0.5092,0.0184,0.2501,0.2354,0.0,4.51,4.51,69.6
121,-8,1.0,-8,1,21,0.01,0,3,0,0,1,0,0,0,0,1,0,0,0.035625060101323464,0.0032509409163299892,1,8.21,2.090669749,8.0,30.0,23.75,0.0,1.0,1.0,1.0,1.0,1.0,1.0,1.0,8.21,8.21,30.3
134,27,0.05,24,1,31,0.5,10,3,0,0,1,0,0,0,0,1,0,0,0.13126998875911325,0.007145892203822883,0,-3.65,9.858063179,-14.0,5.0,0.25,0.4166666670000001,1.0,-0.001,0.0088,0.5056,0.0,0.0,0.0,-3.65,-3.65,0.0
137,3,1.0,3,1,4,0.4,3,5,1,0,1,0,0,0,0,1,0,0,0.0817625380356568,0.022274623288174242,1,0.4,0.8,-1.0,3.0,1.0,0.666666667,1.0,-0.2954,0.2564,0.4052,0.0,0.0,0.0,0.0,0.2,0.0
135,6,1.0,6,1,8,0.5,-1,1,0,0,1,0,0,0,1,0,0,0,0.12435314850378207,0.010660450893739412,0,-2.5,4.5,-7.0,2.0,-2.5,0.0,1.0,0.0034,-0.0108,0.0034,-0.4983,-0.5054,0.0,-2.5,-2.5,-9.0
123,28,0.75,-13,1,57,0.1,16,1,0,0,1,0,0,0,1,0,0,0,0.11339464829067253,0.0054617301659520895,0,2.35,-5.453520778,29.0,29.0,29.0,0.0,1.0,-0.3114,-0.3496,1.0,0.249,0.2501,0.0,2.35,2.35,35.0
125,28,1.0,28,1,41,0.4,12,1,0,0,1,0,0,0,1,0,0,0,0.10959525720195318,0.008087845012399423,0,-4.4,14.20704051,-16.0,13.0,-1.5,0.428571429,1.0,-0.1974,-0.193,0.004,0.0,0.0,0.0,-4.4,-4.4,0.0
147,29,1.0,29,1,36,0.1,32,7,0,0,1,0,0,0,0,1,0,0,0.0326268226153699,0.0135170825157013,1,3.4,1.260952021,3.0,10.0,6.5,0.90625,1.0,1.0,1.0,1.0,0.0,0.0,1.0,3.4,3.4,0.0
149,12,1.0,12,1,31,0.1,12,3,0,0,1,0,0,0,0,1,0,0,0.06236821021112749,0.02493929173133651,1,1.9,5.704384279,0.0,20.0,14.25,1.0,1.0,0.0979,0.1007,0.7471,0.0,0.0,1.0,1.9,1.9,0.0
139,14,1.0,14,1,35,0.6,-9,7,0,0,1,0,0,0,0,1,0,0,0.1349283768093431,0.009012678781990564,0,3.4,21.57637597,-23.0,24.0,15.5,0.0,1.0,0.1978,0.1906,0.7418,-0.4011,-0.4047,0.0,3.4,3.4,-37.6
138,23,1.0,23,1,21,0.8,16,1,0,0,1,0,0,0,1,0,0,0,0.0225874058672894,0.0018191138004713802,1,-3.0,2.0,-7.0,-2.0,-4.5,0.695652174,1.0,-1.0,-1.0,-1.0,0.0,0.0,-1.0,-3.0,-3.0,0.0
128,-3,1.0,-3,1,32,0.4,-16,1,0,0,1,0,0,0,1,0,0,0,0.13488863964243586,0.0054005523532221385,0,6.2,23.51510153,-13.0,35.0,11.0,0.1875,1.0,-0.195,-0.1902,-0.0048,0.4025,0.4049,0.0,6.2,6.2,38.4
124,15,0.95,7,1,42,0.01,19,1,0,0,1,0,0,0,1,0,0,0,0.029244031407029643,0.0031371028661202425,1,4.63,0.544911528,12.0,27.0,19.5,0.368421053,1.0,1.0,1.0,1.0,0.0,0.0,1.0,4.63,4.63,0.0
146,45,0.2,3,1,75,0.05,13,5,0,0,1,0,0,0,0,1,0,0,0.0727229610535743,0.01452502029167057,1,4.7,-3.285563275,10.0,32.0,40.66666667,0.230769231,1.0,0.6998,0.618,1.0,0.0,0.0,0.0,4.7,4.7,0.0
145,17,0.5,-27,1,3,0.75,-35,7,0,0,1,0,0,0,0,1,0,0,0.12538247074593145,0.00520318164449065,0,-1.5,-5.511367552,-8.0,-11.0,3.25,0.771428571,1.0,-0.4986,-0.2474,-0.2532,0.2507,0.2446,0.0,-1.5,-1.5,25.390625
122,68,0.05,-14,1,-11,0.9,-36,1,0,0,1,0,0,0,1,0,0,0,0.17406825832995834,0.005695473831815345,0,-3.6,-10.37148567,-22.0,-79.0,-50.5,0.388888889,1.0,0.7044,0.7132,-1.0,-0.0485,-0.0494,0.0,-3.6,-3.6,-10.4
142,23,1.0,23,1,29,0.8,-8,1,0,0,1,0,0,0,1,0,0,0,0.1426707257769221,0.006116003934153247,0,-1.4,14.8,-31.0,6.0,-12.5,0.0,1.0,0.5952,0.6068,0.0108,-0.2024,-0.1966,0.0,-1.4,-1.4,-14.8
129,-2,1.0,-2,1,-2,1.0,-2,9,0,0,1,0,0,0,0,1,0,0,0.18385899687896615,0.0057097493622938825,0,0.0,1.4142135619999998,-4.0,4.0,0.0,0.333333333,1.0,0.0056,-0.0103,0.0088,0.1469,0.1402,0.0,0.0,0.0,1.4375
136,4,1.0,4,1,25,0.01,-5,1,0,0,1,0,0,0,1,0,0,0,0.04250985419400432,0.013435165630907455,1,-8.7,2.9849623110000003,-9.0,21.0,6.0,0.0,1.0,-0.9798,-0.9814,0.0006,-0.9899,-0.9907,0.0,-8.7,-8.7,-59.4
140,-2,1.0,-2,1,9,0.25,8,1,0,0,1,0,0,0,1,0,0,0,0.020196763358715543,0.004135554518727503,1,10.25,0.433012702,10.0,11.0,10.5,0.0,1.0,1.0,1.0,1.0,1.0,1.0,1.0,10.25,10.25,22.0
148,65,0.01,1,1,12,0.01,3,1,1,-1,1,0,0,0,1,0,0,0,0.1053433745057028,0.026395974243888197,0,1.45,-5.4724309039999985,2.0,-53.0,-25.5,0.333333333,1.0,0.9836,0.9774,-0.0084,0.0,0.0,0.0,2.406666667,1.928333333,0.0
127,4,1.0,4,1,29,0.6,-40,1,1,0,1,0,0,0,1,0,0,0,0.12576958819789327,0.006612043645565522,0,-2.6,33.80295845,-44.0,25.0,-9.5,0.0,1.0,-0.24,0.2,0.0024,-0.62,-0.4,0.0,-17.83333333,-10.21666667,-55.2
132,11,1.0,11,1,20,0.99,4,7,0,0,1,0,0,0,0,1,0,0,0.04084858196728429,0.01151549653168648,1,8.84,2.0048441340000003,-7.0,12.0,7.0,0.363636364,1.0,0.9752,0.9808,0.7454,0.0,0.0,0.0,8.84,8.84,0.0
131,18,1.0,18,1,45,0.01,11,1,0,0,1,0,0,0,1,0,0,0,0.0519929498527888,0.0191166765316032,1,-6.66,3.3829572860000003,-7.0,27.0,10.0,0.611111111,1.0,-0.9792,-0.9798,-0.0092,0.0,0.0,0.0,-6.66,-6.66,0.0
126,-8,1.0,-8,1,80,0.2,-18,7,0,0,1,0,0,0,0,1,0,0,0.1540906906636832,0.00571484358254154,0,9.6,39.20382634,-10.0,91.0,75.75,0.444444444,1.0,-0.6034,-0.6048,0.754,0.1983,0.1976,0.0,9.6,9.6,40.4
143,67,0.5,-39,1,93,0.25,-15,1,0,0,1,0,0,0,1,0,0,0,0.11628521071352375,0.005178069037574992,0,-2.0,-6.234628196,24.0,26.0,25.0,0.384615385,1.0,0.5052,0.2462,1.0,-0.2474,-0.2492,0.0,-2.0,-2.0,-66.0
150,16,1.0,16,1,24,0.05,12,3,0,0,1,0,0,0,0,0,0,1,0.11411376384101073,0.01892743835651117,0,-3.4,2.6720778430000003,-4.0,10.0,4.5,0.75,1.0,-0.9032,-0.8962,0.5044,0.0,0.0,0.0,-3.4,-3.4,-1.78e-15
144,16,0.8,12,1,15,1.0,15,9,0,0,1,0,0,0,0,1,0,0,0.1809594616875136,0.0066057988230642534,0,-0.2,-0.185786438,-1.0,3.0,1.0,0.916666667,1.0,-0.1324,-0.2278,0.4468,0.0,0.0,0.0,-0.2,-0.2,0.0
130,72,0.4,-41,1,16,0.01,1,1,0,0,1,0,0,0,1,0,0,0,0.14394231697106727,0.0068376579509459605,0,-3.05,-53.86598703,42.0,-56.0,-7.0,0.0,1.0,0.2022,0.2112,-0.0044,0.6011,0.6056,0.0,-3.05,-3.05,135.6
133,3,1.0,3,1,8,0.99,-17,9,0,0,1,0,0,0,0,1,0,0,0.06477679858853683,0.01774535157763226,1,4.750000008,2.857883835,-20.0,9.0,2.5,0.0,1.0,0.9774,0.9792,0.7936,-0.0113,-0.0104,0.0,4.750000008,4.750000008,-0.579999971
141,28,0.8,-26,1,22,0.75,2,1,0,0,1,0,0,0,1,0,0,0,0.11743502646448613,0.004989929449851085,0,-0.2,-12.93974596,28.0,-6.0,11.0,0.0,1.0,-0.598,-0.5838,-0.0068,0.201,0.2081,0.0,-0.2,-0.2,21.6
161,0,0.9,-4,5,-2,0.99,-8,1,0,0,0,0,1,0,1,0,0,0,0.11858431488550482,0.0158321547301616,0,-1.66,-6.726940907,-4.0,-28.0,-11.4,0.5,1.0,0.2981,0.3197,-1.0,-0.2305,-0.2271,0.0,-1.66,-1.66,-15.3
171,-8,1.0,-8,1,7,0.25,-14,9,0,0,1,0,0,0,0,1,0,0,0.140663495894857,0.0061818875492435895,0,-0.749999993,9.120718188,-6.0,19.0,12.9,0.571428571,1.0,-0.4968,-0.4968,0.8016,0.2516,0.2516,0.0,-0.749999993,-0.749999993,12.50000003
160,60,0.1,19,1,34,0.8,23,1,0,-1,1,0,0,0,1,0,0,0,0.06959969752356591,0.010901154263257606,1,8.7,-7.9,4.0,-26.0,-11.0,0.826086957,1.0,0.7918,0.7979999999999999,-0.0192,0.0,0.0,0.0,8.7,8.7,0.0
154,46,0.1,16,1,65,0.2,2,5,1,0,1,0,0,0,0,1,0,0,0.13005469668233527,0.00605164657094379,0,-4.4,16.20396794,-14.0,21.0,23.5,0.125,1.0,-0.2668,-0.6062,0.6608,0.0,0.0,0.0,6.166666667,0.8833333329999999,0.0
175,-4,1.0,-4,1,-2,0.8,-25,9,0,0,1,0,0,0,0,1,0,0,0.16566442337978027,0.00576963717253458,0,-2.6,9.286549413,-21.0,6.0,-0.3,0.16,1.0,0.4608,0.479,0.3078,0.1204,0.1219,0.0,-2.6,-2.6,3.88125
156,-1,1.0,-1,1,1,0.2,-1,7,0,0,1,0,0,0,0,1,0,0,0.03330206734401691,0.010714698843851051,1,0.4,0.969535971,-1.0,5.0,2.0,0.5,1.0,0.1776,0.1747,0.573,0.1808,0.1788,0.0,0.4,0.4,1.85625
172,21,1.0,21,1,26,0.8,-24,1,0,0,1,0,0,0,1,0,0,0,0.1216417391521918,0.009662508064796464,0,-5.0,20.0,-45.0,5.0,-20.0,0.0,1.0,0.5914,0.6114,-0.005,-0.2043,-0.1943,0.0,-5.0,-5.0,-20.0
167,13,1.0,13,1,12,0.8,8,1,0,0,1,0,0,0,1,0,0,0,0.007286434365369188,0.0007198908168641519,1,-1.8,1.6,-5.0,-1.0,-3.0,0.615384615,1.0,-1.0,-1.0,-1.0,0.0,0.0,-1.0,-1.8,-1.8,0.0
169,58,0.1,0,1,26,0.2,8,3,1,-1,1,0,0,0,0,0,1,0,0.049189288994061886,0.009820853659731928,1,5.8,-10.11714342,8.0,-28.0,-7.0,0.0,1.0,0.7994,0.7972,0.012,0.8997,0.8986,0.0,6.133333333,5.966666667,52.2
163,25,1.0,25,1,35,0.2,12,1,0,0,1,0,0,0,1,0,0,0,0.042020308277342,0.007299940077480634,1,-8.4,9.2,-13.0,10.0,-1.5,0.48,1.0,-0.6024,-0.5920000000000001,-0.0058,0.0,0.0,0.0,-8.4,-8.4,0.0
162,39,0.6,14,1,48,0.25,24,1,0,0,1,0,0,0,1,0,0,0,0.13067835486845086,0.005636902925326522,0,1.0,-1.855143869,10.0,9.0,9.5,0.583333333,1.0,0.2842,0.0936,1.0,0.0,0.0,0.0,1.0,1.0,0.0
173,83,0.5,-33,7,25,1.0,25,1,0,0,0,1,0,0,1,0,0,0,0.13816801517432015,0.006842498508874678,0,0.0,-58.00646516,58.0,-61.0,-43.5,0.0,1.0,0.0226,-0.001,-0.7466,0.5113,0.4995,0.0,0.0,0.0,119.0
174,74,0.6,-36,5,46,0.5,-11,3,0,0,0,1,0,0,0,1,0,0,0.12065153695121968,0.00838041687125438,0,-12.5,-25.38995545,25.0,-29.0,-23.91666667,0.305555556,1.0,-0.2034,-0.2048,-0.6698,-0.1032,-0.097,0.0,-12.5,-12.5,-22.4
179,36,0.8,-18,5,52,0.25,21,3,0,0,0,1,0,0,0,0,0,1,0.117852341229125,0.0150196718882482,0,3.55,-8.13936002,39.0,16.0,16.75,0.0,1.0,-0.114,-0.2214,0.8422,0.1969,0.1949,0.0,3.55,3.55,28.8
155,7,1.0,7,1,6,0.01,-4,5,0,0,1,0,0,0,0,1,0,0,0.004279230110766103,0.0003102365145252265,1,-10.9,1.0,-11.0,1.0,-2.666666667,0.0,1.0,-0.9963,-0.9964,-0.5054,-0.9896,-0.99,0.0,-10.9,-10.9,-23.76
153,39,0.4,6,5,15,0.95,12,1,0,1,0,1,0,0,1,0,0,0,0.12244506006105685,0.0068537905541870454,0,-4.35,-15.52516389,6.0,-26.0,-20.0,0.5,1.0,0.2114,0.2072,-0.6584,0.0,0.0,0.0,-4.35,-4.35,0.0
164,1,0.5,1,1,40,0.01,-4,1,0,0,1,0,0,0,1,0,0,0,0.06632002295277425,0.029699963495168045,1,-4.56,4.377944723,-5.0,39.0,17.0,0.0,1.0,-0.981,-0.9786,0.0046,-0.9905,-0.9893,0.0,-4.56,-4.56,-87.12
151,27,0.8,-37,7,28,0.01,20,3,0,0,0,0,1,0,0,1,0,0,0.16097655045260206,0.006221226439713404,0,5.88,-29.36310351,57.0,-118.0,-17.75,0.0,1.0,-0.6054,-0.591,-0.3881,0.1973,0.1988,0.0,5.88,5.88,73.6
178,32,0.6,-38,1,14,0.2,4,3,0,0,1,0,0,0,0,0,0,1,0.1045984367152588,0.0069100761717537425,0,2.0,-30.14556813,42.0,-16.0,14.0,0.0,1.0,-0.1972,-0.1954,0.0034,0.4014,0.4023,0.0,2.0,2.0,56.0
166,-6,1.0,-6,1,15,0.6,-10,1,0,0,1,0,0,0,1,0,0,0,0.03247562426928135,0.0031426058686254807,1,11.0,12.24744871,-4.0,21.0,8.5,0.6,1.0,0.1856,0.206,-0.0138,0.5928,0.603,0.0,11.0,11.0,30.0
159,14,1.0,14,1,20,0.95,16,1,0,0,1,0,0,0,1,0,0,0,0.021872514168836912,0.00693983504844969,1,5.8,0.8717797890000001,2.0,6.0,4.0,0.875,1.0,1.0,1.0,1.0,0.0,0.0,1.0,5.8,5.8,0.0
180,50,0.6,-8,6,52,0.4,-12,1,1,0,0,0,0,1,1,0,0,0,0.09139893345054063,0.00994209211557409,1,-13.2,1.487769319,-4.0,-3.0,-9.714285713999999,0.666666667,1.0,-1.0,-0.5654,-0.5636,-0.213,-0.1879,-1.0,-15.2,-14.2,-24.2875
176,-9,1.0,-9,1,12,0.5,-8,1,1,0,1,0,0,0,1,0,0,0,0.01745482040716749,0.0014945316983639328,1,11.0,10.0,1.0,21.0,11.0,0.8888888890000001,1.0,1.0,1.0,1.0,0.1454,0.4989,1.0,4.0,7.5,21.0
170,30,0.99,28,6,30,0.6,19,6,0,0,0,0,1,0,0,0,0,1,0.039033293703730834,0.005226709183724384,1,-4.38,-1.156290566,-52.0,-52.0,-25.28571429,0.0,1.0,-0.202,-0.1008,-1.0,-0.0191,-0.0198,0.0,-4.38,-4.38,-4.275
165,35,0.75,-18,1,53,0.2,27,9,0,0,1,0,0,0,0,1,0,0,0.05751303962975628,0.0054194078479780855,1,10.45,-12.53046018,45.0,22.0,41.9,0.0,1.0,-0.0872,-0.193,1.0,0.2513,0.2439,0.0,10.45,10.45,37.5
152,87,0.2,-26,5,64,0.05,0,9,0,0,0,1,0,0,0,1,0,0,0.09423571785685106,0.014937334057199166,1,6.600000064,-31.25015142,26.0,-21.0,-10.56666667,0.0,1.0,0.6132,0.5936,-0.6612,0.6606,0.6042,0.0,6.600000064,6.600000064,74.75000012
157,16,1.0,16,1,33,0.5,14,1,0,0,1,0,0,0,1,0,0,0,0.04063174814620928,0.005108200109493553,1,7.5,9.5,-2.0,17.0,7.5,0.875,1.0,-0.0102,0.012,-0.0102,0.0,0.0,0.0,7.5,7.5,0.0
158,3,0.8,-17,2,6,0.6,-13,9,0,0,0,0,1,0,0,1,0,0,0.15497757319385946,0.009000468315235483,0,-0.6,1.322454892,4.0,6.0,7.766666667000001,0.764705882,1.0,0.5943,0.3041,1.0,-0.2015,-0.2079,0.0,-0.6,-0.6,-10.8
177,41,0.4,-4,5,42,0.4,-9,5,1,0,0,1,0,0,0,1,0,0,0.1461669954011054,0.006477274604955934,0,-2.6,2.93832096,-5.0,1.0,0.0,0.444444444,1.0,-0.1926,-0.2955,0.6826,0.0284,-0.0072,0.0,-1.166666667,-1.883333333,0.0
168,29,1.0,29,1,31,0.8,10,3,0,0,1,0,0,0,0,1,0,0,0.15163766527339953,0.00903811796463288,0,-2.2,8.423775875,-19.0,3.0,-3.25,0.344827586,1.0,0.597,0.5946,0.4874,0.0,0.0,0.0,-2.2,-2.2,0.0
191,16,1.0,16,1,15,0.8,-12,1,0,0,1,0,0,0,1,0,0,0,0.008695448908352334,0.0012337338479709828,1,-6.4,10.8,-28.0,-1.0,-14.5,0.0,1.0,-1.0,-1.0,-1.0,-0.1984,-0.199,-1.0,-6.4,-6.4,-11.2
199,76,0.5,-24,1,38,0.6,-20,3,0,0,1,0,0,0,0,0,0,1,0.11806377477619938,0.008281613589420084,0,-11.2,-21.52264057,4.0,-36.0,-3.0,0.833333333,1.0,0.004,-0.0006,0.004,0.1013,0.1021,0.0,-11.2,-11.2,20.0
183,35,0.25,-14,3,42,0.25,-14,3,0,0,0,1,0,0,0,0,1,0,0.049107727682215774,0.004925134719420872,1,1.75,3.059053231,0.0,10.0,5.75,1.0,1.0,0.2517,0.0541,0.7482,0.0,-0.0073,1.0,1.75,1.75,0.0
205,36,0.05,16,6,33,0.5,-1,1,0,0,0,0,0,1,1,0,0,0,0.13324851376530752,0.00634564864183327,0,-1.0,11.89607994,20.0,-8.0,-5.1428571430000005,0.047619048,1.0,-0.078,-0.0428,-0.5586,-0.4943,-0.4975,0.0,-1.0,-1.0,-61.80625
189,2,1.0,2,1,4,0.75,-23,1,0,0,1,0,0,0,1,0,0,0,0.09894292508272742,0.006528052763541686,1,-4.75,11.69134295,-25.0,2.0,-11.5,0.0,1.0,0.4936,0.5042,-0.0076,-0.2532,-0.2479,0.0,-4.75,-4.75,-13.5
197,19,1.0,19,1,38,0.75,-33,4,0,0,1,0,0,0,0,0,1,0,0.1257823817910763,0.005636535402170875,0,1.25,30.99899192,-52.0,30.0,6.8,0.0,1.0,0.4954,0.5116,0.5992,-0.2523,-0.2442,0.0,1.25,1.25,-41.0
207,22,0.9,-41,1,14,0.99,6,1,0,0,1,0,0,0,1,0,0,0,0.14890846670540567,0.0063929503434467395,0,-1.78,-18.10401005,47.0,-8.0,19.5,0.0,1.0,-0.794,-0.8038,0.0098,0.103,0.0981,0.0,-1.78,-1.78,12.6
209,85,0.4,-22,7,30,0.95,-2,1,0,0,0,0,0,1,1,0,0,0,0.08927319736822274,0.006521363587899911,1,7.6,-46.64441516,33.0,-61.0,-32.875,0.05714285700000001,1.0,0.23,0.2166,-0.5038,0.5597,0.5536,0.0,7.6,7.6,140.175
181,-9,1.0,-9,1,71,0.2,-20,4,0,0,1,0,0,0,0,0,1,0,0.133588720853794,0.005874810105512737,0,7.2,36.45764666,-11.0,91.0,63.8,0.45,1.0,-0.603,-0.5966,0.6096,0.1985,0.2017,0.0,7.2,7.2,40.8
201,14,1.0,14,1,14,1.0,14,2,0,0,1,0,0,0,0,0,1,0,0.1474737144483147,0.006732675522674682,0,0.0,1.0,-1.0,1.0,0.0,0.928571429,1.0,0.01,0.0084,0.01,0.0,0.0,0.0,0.0,0.0,0.0
185,7,1.0,7,1,18,0.99,-19,1,0,0,1,0,0,0,1,0,0,0,0.04331985731429738,0.007657192755981739,1,10.63,3.681453517,-26.0,11.0,-7.5,0.0,1.0,0.9842,0.9816,-0.0076,-0.0079,-0.0092,0.0,10.63,10.63,-0.74
204,9,1.0,9,1,55,0.1,5,1,1,0,1,0,0,0,1,0,0,0,0.15060793342740206,0.006616954165130097,0,1.0,15.0,-4.0,46.0,21.0,0.5555555560000001,1.0,-0.618,-0.7956,-0.0132,0.0,0.0,0.0,5.666666667,3.333333333,0.0
203,104,0.05,1,7,34,0.05,2,2,0,0,0,1,0,0,0,0,0,1,0.18005707483097735,0.005059937177064186,0,-2.55,-15.47217799,1.0,-72.0,-67.79166667,0.5,1.0,0.8982,0.9064,-0.7466,0.0,0.0,0.0,-2.55,-2.55,2.84e-14
198,31,0.8,-4,1,34,0.1,16,1,1,1,1,0,0,0,1,0,0,0,0.12961677674088182,0.007099377936101507,0,-6.2,-8.6,20.0,3.0,11.5,0.0,1.0,0.0344,-0.409,1.0,0.2017,0.1935,0.0,-2.333333333,-4.266666667,15.2
210,25,0.2,10,1,102,0.05,9,3,0,0,1,0,0,0,0,1,0,0,0.1737523559244919,0.005274445823452876,0,0.65,14.26949679,-1.0,78.0,61.25,0.9,1.0,-0.9008,-0.9032,0.5116,0.0,0.0,0.0,0.65,0.65,-1.42e-14
192,10,1.0,10,1,59,0.01,4,1,0,0,1,0,0,0,1,0,0,0,0.06854934606351823,0.020433199106025517,1,-5.45,5.4724309039999985,-6.0,49.0,21.5,0.4,1.0,-0.9792,-0.9808,-0.0128,0.0,0.0,0.0,-5.45,-5.45,0.0
194,30,1.0,30,1,64,0.01,20,1,1,0,1,0,0,0,1,0,0,0,0.10205867346530886,0.0139740127104898,0,-9.56,4.377944723,-10.0,34.0,12.0,0.666666667,1.0,-0.5072,-0.9768,0.0048,0.0,0.0,0.0,0.666666667,-4.446666667,0.0
190,10,1.0,10,1,28,0.2,-1,1,0,0,1,0,0,0,1,0,0,0,0.06958034027774253,0.0071478241648444485,1,-5.2,11.6,-11.0,18.0,3.5,0.0,1.0,-0.5926,-0.5988,0.006,-0.7963,-0.7994,0.0,-5.2,-5.2,-46.4
206,92,0.2,9,1,26,1.0,26,7,0,0,1,0,0,0,0,1,0,0,0.1082079862189089,0.008792593051363396,0,0.4,-31.97525513,14.0,-63.0,-24.5,0.391304348,1.0,0.6088,0.6002,0.0138,0.0,0.0,0.0,0.4,0.4,0.0
186,19,1.0,19,1,97,0.1,5,1,0,0,1,0,0,0,1,0,0,0,0.1087150266858542,0.0151271647100489,0,-4.8,27.6,-14.0,78.0,32.0,0.263157895,1.0,-0.807,-0.8054,0.0026,0.0,0.0,0.0,-4.8,-4.8,0.0
193,42,0.01,29,1,80,0.1,20,2,0,0,1,0,0,0,0,0,0,1,0.16228061835294,0.011315226757643482,0,-3.13,16.709293900000002,-9.0,39.0,24.5,0.689655172,1.0,-0.7976,-0.7968,0.3346,0.0,0.0,0.0,-3.13,-3.13,0.0
184,22,0.01,16,3,84,0.25,-9,3,0,-1,0,0,1,0,0,0,0,1,0.10978596905560024,0.010822342783247379,0,-1.81,39.64351054,-25.0,60.0,39.25,0.0,1.0,-0.5058,-0.5056,0.4998,-0.7529,-0.7528,0.0,-1.81,-1.81,-142.5
195,10,1.0,10,1,92,0.01,9,9,0,0,1,0,0,0,0,1,0,0,0.1874989228106772,0.0069950585578238455,0,-0.1699931,8.259637256,-1.0,86.0,73.7,0.9,1.0,-0.9778,-0.9796,0.8008,0.0,0.0,0.0,-0.1699931,-0.1699931,6.53e-06
202,53,0.1,27,1,32,0.95,9,1,0,0,1,0,0,0,1,0,0,0,0.15463139123229966,0.01194361405856248,0,1.25,-2.787266215,-18.0,-21.0,-19.5,0.333333333,1.0,0.6978,0.7074,-1.0,0.0,0.0,0.0,1.25,1.25,0.0
196,19,0.8,4,1,38,0.6,-27,1,1,0,1,0,0,0,1,0,0,0,0.10050171668856572,0.006359736246054197,0,-4.0,25.84336666,-31.0,19.0,-6.0,0.0,1.0,-0.2362,0.1882,-0.0098,-0.6181,-0.4059,0.0,-17.83333333,-10.91666667,-52.0
182,28,1.0,28,1,27,0.95,-11,1,0,0,1,0,0,0,1,0,0,0,0.0067253269842562175,0.0006137224283869494,1,-2.9,8.281907992999999,-39.0,-1.0,-20.0,0.0,1.0,-1.0,-1.0,-1.0,-0.0515,-0.0463,-1.0,-2.9,-2.9,-3.9
188,-7,1.0,-7,1,-4,0.01,-5,3,0,0,1,0,0,0,0,1,0,0,0.027412325140717862,0.0026939042904704892,1,2.01,0.122065556,2.0,4.0,3.0,0.7142857140000001,-1.0,1.0,1.0,1.0,0.0,0.0,1.0,2.01,2.01,0.0
187,-3,1.0,-3,1,43,0.2,-20,1,0,0,1,0,0,0,1,0,0,0,0.08497621877359042,0.010282400604567902,1,-4.4,25.2,-17.0,46.0,14.5,0.15,1.0,-0.5954,-0.6088,0.0112,0.2023,0.1956,0.0,-4.4,-4.4,25.2
200,16,1.0,16,1,40,0.6,-15,1,0,0,1,0,0,0,1,0,0,0,0.13207584026695462,0.0062831063155282035,0,2.0,26.94438717,-31.0,24.0,-3.5,0.0,1.0,0.2106,0.1806,0.003,-0.3947,-0.4097,0.0,2.0,2.0,-44.0
208,6,1.0,6,4,116,0.25,-31,9,0,0,0,0,1,0,0,1,0,0,0.1176623120241085,0.01122759204564618,0,-0.249999884,59.07421901,-34.0,103.0,92.8,0.0,1.0,-0.5012,-0.4970000000000001,0.805,-0.7506,-0.7485,0.0,-0.249999884,-0.249999884,-226.4999998
283,50,0.5,-50,1,0,1.0,0,1,0,0,1,0,0,0,1,0,0,0,0.14144849112811714,0.0080394731669977,0,0.0,-50.0,50.0,-50.0,0.0,0.0,1.0,0.009600000000000051,0.01720000000000005,0.0,-0.01699999999999996,0.0040000000000000036,0.0,0.0,0.0,0.0
295,3,0.5,1,1,2,1.0,2,1,0,0,1,0,0,0,1,0,0,0,0.1823069718541233,0.006960118978529845,0,0.0,-1.0,1.0,-1.0,0.0,0.5,1.0,-0.005400000000000016,0.0014000000000000126,0.0,0.0,0.0,0.0,0.0,0.0,0.0
271,4,0.8,0,1,3,1.0,3,1,0,0,1,0,0,0,1,0,0,0,0.17240374616848722,0.00826593626431687,0,-0.20000000000000015,-1.6,3.0,-1.0,1.0,0.0,1.0,-0.5988,-0.5902000000000001,0.003200000000000036,0.2003,0.2025,0.0,-0.20000000000000015,-0.20000000000000015,0.7999999999999998
297,48,0.4,1,3,16,1.0,16,1,0,0,0,0,0,1,1,0,0,0,0.15928199791539518,0.006051429061625707,0,-3.8000000000000007,-23.077261535979524,15.0,-34.0,-19.75,0.0625,1.0,0.18260000000000004,0.213,-0.4844,0.0,0.0,0.0,-3.8000000000000007,-3.8000000000000007,0.0
294,-1,0.5,-3,1,-2,1.0,-2,1,0,0,1,0,0,0,1,0,0,0,0.17176690952783275,0.0060507611564595614,0,0.0,-1.0,1.0,-1.0,0.0,0.6666666666666666,-1.0,-0.005200000000000038,-0.018000000000000016,-0.0014000000000000126,0.0,0.0,0.0,0.0,0.0,0.0
280,101,0.01,1,1,2,1.0,2,1,0,0,1,0,0,0,1,0,0,0,0.2110676378358569,0.005226329552240131,0,0.0,-9.9498743710662,1.0,-99.0,-49.0,0.5,1.0,0.9826,0.9782,-0.018999999999999958,0.0,0.0,0.0,0.0,0.0,0.0
272,4,0.2,0,1,3,0.25,0,1,0,0,1,0,0,0,1,0,0,0,0.1774797086647634,0.009625898517113542,0,-0.05000000000000005,-0.3009618943233421,0.0,-1.0,-0.5,1.0,1.0,-0.14409999999999998,0.003500000000000003,-0.501,0.0506,0.052999999999999985,0.0,-0.05000000000000005,-0.05000000000000005,0.2
274,2,0.5,0,1,1,1.0,1,1,0,0,1,0,0,0,1,0,0,0,0.17457127994470725,0.005113350077552752,0,0.0,-1.0,1.0,-1.0,0.0,0.0,1.0,-0.005600000000000049,0.011200000000000043,0.0023999999999999573,0.4949,0.5009,0.0,0.0,0.0,1.0
281,20,0.9,-20,1,19,1.0,19,1,0,0,1,0,0,0,1,0,0,0,0.11182206035407788,0.019699638556888388,0,3.0,-11.999999999999998,39.0,-1.0,19.0,0.0,1.0,-0.7936000000000001,-0.8042,0.006399999999999961,0.094,0.1001,0.0,3.0,3.0,8.0
282,50,0.5,-50,1,0,1.0,0,1,0,0,1,0,0,0,1,0,0,0,0.1626826222349568,0.008587217089899462,0,0.0,-50.0,50.0,-50.0,0.0,0.0,1.0,-0.00219999999999998,0.0041999999999999815,-0.005400000000000016,0.013200000000000043,-0.025400000000000037,0.0,0.0,0.0,0.0
285,50,0.5,1,1,7,1.0,7,1,0,0,1,0,0,0,1,0,0,0,0.07912799168446577,0.012596774762683852,1,-18.5,-24.5,6.0,-43.0,-18.5,0.14285714285714285,1.0,0.003400000000000014,-0.0016000000000000456,-0.014399999999999968,0.0,0.0,0.0,-18.5,-18.5,0.0
296,50,0.4,1,1,16,1.0,16,1,0,0,1,0,0,0,1,0,0,0,0.14911966701077176,0.005472049565783768,0,-4.600000000000001,-24.004999479275146,15.0,-34.0,-9.5,0.0625,1.0,0.224,0.1834,-0.015200000000000047,0.0,0.0,0.0,-4.600000000000001,-4.600000000000001,0.0
300,8,0.5,0,1,6,0.5,0,1,0,1,1,0,0,0,1,0,0,0,0.018039542128389256,0.005248703774685421,1,-1.0,-1.0,0.0,-2.0,-1.0,1.0,1.0,-0.4966,-0.4977,-0.4981,0.0,0.0,-1.0,-1.0,-1.0,0.0
288,50,0.5,-1,1,30,1.0,30,1,0,0,1,0,0,0,1,0,0,0,0.14264724244519505,0.013279135022798693,0,5.5,-25.5,31.0,-20.0,5.5,0.0,1.0,-0.011200000000000043,0.007600000000000051,-0.0023999999999999573,0.5037,0.4964,0.0,5.5,5.5,51.0
284,1,0.5,-1,1,0,1.0,0,1,0,0,1,0,0,0,1,0,0,0,0.1736170655165475,0.008197486763379452,0,0.0,-1.0,1.0,-1.0,0.0,0.0,1.0,0.0,-0.008599999999999997,0.02039999999999997,-0.0136,0.003400000000000014,0.0,0.0,0.0,0.0
278,20,0.05,0,1,1,1.0,1,1,0,0,1,0,0,0,1,0,0,0,0.18512174813715912,0.015923315110673197,0,0.0,-4.358898943540674,1.0,-19.0,-9.0,0.0,1.0,0.8986000000000001,0.9026,-0.00219999999999998,0.9472,0.9482,0.0,0.0,0.0,19.0
277,0,0.95,-20,1,-1,1.0,-1,1,0,0,1,0,0,0,1,0,0,0,0.17506971907052327,0.008469642829472367,0,8.881784197001252e-16,-4.358898943540677,19.0,-1.0,9.0,0.05,0.0,-0.8968,-0.8932,0.006399999999999961,-0.9482,-0.9520000000000001,0.0,8.881784197001252e-16,8.881784197001252e-16,-19.0
287,50,0.5,1,1,30,1.0,30,1,0,0,1,0,0,0,1,0,0,0,0.12833923001052078,0.012241666467380376,0,4.5,-24.5,29.0,-20.0,4.5,0.03333333333333333,1.0,0.012399999999999968,-0.014799999999999982,0.020999999999999963,0.0,0.0,0.0,4.5,4.5,0.0
279,100,0.01,0,1,1,1.0,1,1,0,0,1,0,0,0,1,0,0,0,0.20104162324949149,0.010076017172348316,0,0.0,-9.9498743710662,1.0,-99.0,-49.0,0.0,1.0,0.9776,0.9834,-0.0036000000000000476,0.9885,0.9895,0.0,0.0,0.0,99.0
275,0,0.2,-4,1,-3,1.0,-3,1,0,0,1,0,0,0,1,0,0,0,0.17395213319792194,0.008622730130281283,0,0.20000000000000015,-1.6,1.0,-3.0,-1.0,0.75,0.0,0.5960000000000001,0.6080000000000001,-0.018000000000000016,-0.2054,-0.1953,0.0,0.20000000000000015,0.20000000000000015,-0.7999999999999998
276,0,0.8,-4,1,0,0.75,-3,1,0,0,1,0,0,0,1,0,0,0,0.18509781474058207,0.008769272403141673,0,0.049999999999999815,-0.30096189432334186,1.0,0.0,0.5,0.75,0.0,0.14179999999999998,0.0020999999999999908,0.4963,-0.0526,-0.0451,0.0,0.049999999999999815,0.049999999999999815,-0.20000000000000015
286,50,0.5,-1,1,7,1.0,7,1,0,0,1,0,0,0,1,0,0,0,0.10582726326689287,0.0173148571612898,0,-17.5,-25.5,8.0,-43.0,-17.5,0.0,1.0,0.0009999999999999454,-0.010599999999999998,0.012799999999999978,0.4966,0.4963,0.0,-17.5,-17.5,51.0
290,9,1.0,9,8,9,1.0,9,1,0,0,0,0,1,0,1,0,0,0,0.1886940686398472,0.01254848398534512,0,0.0,-26.1725046566048,7.0,-247.0,-54.75,0.2222222222222222,1.0,0.7456,0.7676000000000001,-0.23839999999999995,0.0,0.0,0.0,0.0,0.0,0.0
298,9,0.5,0,1,6,0.5,0,1,0,-1,1,0,0,0,1,0,0,0,0.05852965664740165,0.007177302020765595,1,-1.5,-1.5,0.0,-3.0,-1.5,1.0,1.0,-0.4971,0.004599999999999993,-0.4962,0.0,0.013400000000000023,-1.0,-1.5,-1.5,0.0
289,9,1.0,9,8,9,1.0,9,1,0,0,0,0,1,0,1,0,0,0,0.17059209158036906,0.013210647669253214,0,0.0,-26.1725046566048,7.0,-247.0,-54.75,0.2222222222222222,1.0,0.7424,0.7456,-0.24900000000000005,0.0,0.0,0.0,0.0,0.0,0.0
299,3,1.0,3,1,2,1.0,2,1,0,0,1,0,0,0,1,0,0,0,0.009284079084564393,0.0023499345843924486,1,-1.0,0.0,-1.0,-1.0,-1.0,0.6666666666666666,1.0,-1.0,-1.0,-1.0,0.0,0.0,-1.0,-1.0,-1.0,0.0
273,0,0.5,-2,1,-1,1.0,-1,1,0,0,1,0,0,0,1,0,0,0,0.16036732571944415,0.007547582001628638,0,0.0,-1.0,1.0,-1.0,0.0,0.5,0.0,0.0023999999999999573,0.006599999999999996,0.0005999999999999893,-0.5,-0.488,0.0,0.0,0.0,-1.0
311,44,0.4,21,5,29,1.0,29,1,0,0,0,1,0,0,1,0,0,0,0.1442825,0.016023677080078118,0,-1.2000000000000028,-11.285388783732708,8.0,-17.0,-11.166666666666664,0.7241379310344828,1.0,0.2138,0.20280000000000006,-0.6652,0.0,0.0,0.0,-1.2000000000000028,-1.2000000000000028,0.0
329,43,0.4,2,1,17,0.25,16,1,0,0,1,0,0,0,1,0,0,0,0.15901750000000006,0.006910359461015625,0,-2.1499999999999986,-19.652803188929838,14.0,-26.0,-6.0,0.125,1.0,0.21700000000000005,0.20459999999999995,-0.0038000000000000256,0.0,0.0,0.0,-2.1499999999999986,-2.1499999999999986,0.0
328,40,0.25,24,1,85,0.4,-7,1,0,0,1,0,0,0,1,0,0,0,0.16510499999999992,0.006687714181992189,0,1.8000000000000007,38.142408036934974,-31.0,45.0,7.0,0.0,1.0,-0.201,-0.2018,-0.002599999999999991,-0.5959,-0.6016,0.0,1.8000000000000007,1.8000000000000007,-110.4
317,57,0.2,-5,6,11,1.0,11,1,0,0,0,0,0,1,1,0,0,0,0.09606249999999987,0.016984240057265617,1,3.6000000000000005,-25.362176562747926,16.0,-51.0,-25.142857142857142,0.0,1.0,0.6148,0.603,-0.4270000000000001,0.8031,0.8068,0.0,3.6000000000000005,3.6000000000000005,107.61875
305,47,0.01,-15,1,-5,1.0,-5,1,0,0,1,0,0,0,1,0,0,0,0.042805000000000065,0.012202774192617205,1,9.38,-6.168922110061043,10.0,-52.0,-21.0,0.3333333333333333,1.0,0.9786,0.9808,0.007600000000000051,-0.0104,-0.0094,0.0,9.38,9.38,-1.240000000000002
321,68,0.2,23,1,42,0.8,-18,1,0,0,1,0,0,0,1,0,0,0,0.121155,0.012210311147695321,0,-1.9999999999999964,5.9999999999999964,-41.0,-26.0,-33.5,0.0,1.0,0.20120000000000005,0.2896,-1.0,-0.2046,-0.205,0.0,-1.9999999999999964,-1.9999999999999964,-34.39999999999999
313,12,0.9,9,1,14,1.0,14,1,0,0,1,0,0,0,1,0,0,0,0.022027499999999964,0.0024454553885156238,1,2.299999999999999,-0.8999999999999999,5.0,2.0,3.5,0.6428571428571429,1.0,1.0,1.0,1.0,0.0,0.0,1.0,2.299999999999999,2.299999999999999,0.0
304,27,0.1,4,3,7,1.0,7,1,0,0,0,1,0,0,1,0,0,0,0.186545,0.0070857678624609375,0,0.6999999999999993,-6.903622237637283,3.0,-21.0,-14.25,0.5714285714285714,1.0,0.8084,0.7964,-0.4994,0.0,0.0,0.0,0.6999999999999993,0.6999999999999993,0.0
316,30,0.6,-37,1,37,0.01,9,1,0,0,1,0,0,0,1,0,0,0,0.12123250000000005,0.014418688933476554,0,6.08,-30.037197729396052,46.0,7.0,26.5,0.0,1.0,-0.1848,-0.1856,1.0,0.4036,0.3951,0.0,6.08,6.08,59.2
306,88,0.6,-46,3,28,1.0,28,1,0,0,0,0,1,0,1,0,0,0,0.15250750000000002,0.006564739545351564,0,-6.399999999999999,-65.67373904385224,74.0,-64.0,-27.0,0.0,1.0,-0.20340000000000005,-0.20059999999999995,-0.4946,0.4066,0.3943,0.0,-6.399999999999999,-6.399999999999999,110.4
324,64,0.5,-33,1,18,1.0,18,1,0,0,1,0,0,0,1,0,0,0,0.12523750000000006,0.009541598430234366,0,2.5,-48.5,51.0,-46.0,2.5,0.0,1.0,0.008000000000000007,-0.009800000000000031,-0.0018000000000000238,0.5005,0.5027,0.0,2.5,2.5,97.0
315,13,1.0,13,9,13,1.0,13,1,0,0,0,1,0,0,1,0,0,0,0.1918025,0.0058183746704296895,0,-7.105427357601002e-15,-1.4142135623730954,4.0,-4.0,0.0,0.6923076923076923,1.0,0.0041999999999999815,-0.0022000000000000357,-0.014299999999999981,0.0,0.0,0.0,-7.105427357601002e-15,-7.105427357601002e-15,-5.3290705182007506e-15
323,42,0.75,-22,1,28,1.0,28,1,0,0,1,0,0,0,1,0,0,0,0.1675700000000001,0.006772995642656256,0,2.0,-27.71281292110204,50.0,-14.0,18.0,0.0,1.0,-0.4984,-0.4976,-0.0036000000000000476,0.2507,0.2459,0.0,2.0,2.0,32.0
308,34,0.05,28,1,24,1.0,24,1,0,0,1,0,0,0,1,0,0,0,0.01679750000000001,0.002806326129726562,1,-4.299999999999997,-1.307669683062202,-4.0,-10.0,-7.0,0.8571428571428571,1.0,-1.0,-1.0,-1.0,0.0,0.0,-1.0,-4.299999999999997,-4.299999999999997,0.0
310,79,0.4,-46,7,3,0.8,-37,1,0,0,0,0,0,1,1,0,0,0,0.14536500000000002,0.006453134027578125,0,-9.000000000000002,-46.267166307774104,9.0,-82.0,-55.625,0.8043478260869565,1.0,0.2272,0.2002,-0.494,0.4084,0.4177,0.0,-9.000000000000002,-9.000000000000002,106.4375
309,33,0.8,6,5,29,1.0,29,1,0,0,0,1,0,0,1,0,0,0,0.164415,0.015401319961992187,0,1.3999999999999917,-10.836973747315252,23.0,-6.0,0.5000000000000036,0.20689655172413796,1.0,-0.5882000000000001,-0.5920000000000001,-0.6714,0.0,0.0,0.0,1.3999999999999917,1.3999999999999917,-7.105427357601002e-15
327,33,0.95,17,9,49,0.5,-3,1,0,-1,0,1,0,0,1,0,0,0,0.12485500000000008,0.01431774942925781,0,-9.200000000000015,22.250333348149468,-20.0,12.0,-8.399999999999999,0.0,1.0,0.028799999999999992,0.002799999999999969,-0.005800000000000027,-0.4952,-0.5102,0.0,-9.200000000000015,-9.200000000000015,-52.000000000000036
322,46,0.25,-2,1,46,0.2,0,1,0,0,1,0,0,0,1,0,0,0,0.14072999999999994,0.019947774052968773,0,-0.7999999999999989,-2.384609690826529,2.0,0.0,1.0,0.0,1.0,0.6984999999999999,0.5537000000000001,0.5003,0.6962,0.5475,0.0,-0.7999999999999989,-0.7999999999999989,33.6
303,14,0.4,-22,1,-3,1.0,-3,1,0,0,1,0,0,0,1,0,0,0,0.11119000000000004,0.009532052526445314,0,4.599999999999999,-17.636326148038886,19.0,-17.0,1.0,0.13636363636363635,1.0,0.1974,0.19320000000000004,-0.00899999999999995,-0.401,-0.3949,0.0,4.599999999999999,4.599999999999999,-28.8
307,64,0.4,-7,1,23,0.9,0,1,0,0,1,0,0,0,1,0,0,0,0.15679999999999994,0.01078954405699219,0,-0.7000000000000028,-27.88275434752113,7.0,-41.0,-17.0,0.0,1.0,0.20680000000000004,0.1814,0.006599999999999996,0.596,0.5542,0.0,-0.7000000000000028,-0.7000000000000028,78.1
326,-5,0.99,-34,1,-8,1.0,-8,1,0,0,1,0,0,0,1,0,0,0,0.08123999999999998,0.02286214376976565,1,-2.7099999999999986,-2.8854635676091998,26.0,-3.0,11.5,0.2352941176470588,-1.0,-0.9808,-0.9778,-0.005400000000000016,0.0,0.0,0.0,-2.7099999999999986,-2.7099999999999986,0.0
325,22,0.25,17,9,43,0.2,19,1,0,-1,0,1,0,0,1,0,0,0,0.0677124999999999,0.011003662254023423,1,5.550000000000002,7.322391605213925,2.0,17.0,9.499999999999996,0.8947368421052632,1.0,0.91,0.5085999999999999,0.5013,0.0,0.0,0.0,5.550000000000002,5.550000000000002,0.0
314,24,0.99,-33,1,23,1.0,23,1,0,0,1,0,0,0,1,0,0,0,0.19942250000000009,0.004207345486875005,0,-0.42999999999999616,-5.671428391507736,56.0,-1.0,27.5,0.0,1.0,-0.9808,-0.9804,-0.005600000000000049,0.0115,0.0104,0.0,-0.42999999999999616,-0.42999999999999616,1.1400000000000006
330,38,0.6,1,1,51,0.1,21,1,0,0,1,0,0,0,1,0,0,0,0.14103000000000004,0.009165304887187505,0,0.8000000000000043,-9.126224096595518,20.0,13.0,16.5,0.047619047619047616,1.0,-0.017800000000000038,-0.0812,1.0,0.0,0.0,0.0,0.8000000000000043,0.8000000000000043,0.0
320,4,1.0,4,9,4,1.0,4,1,0,0,0,1,0,0,1,0,0,0,0.1880625,0.006862230403242189,0,-1.7763568394002505e-15,-1.4142135623730954,4.0,-4.0,0.0,0.0,1.0,0.0060999999999999934,0.024299999999999992,0.017100000000000004,0.0037,0.0039,0.0,-1.7763568394002505e-15,-1.7763568394002505e-15,0.031249999999994667
319,23,1.0,23,3,23,1.0,23,1,0,0,0,1,0,0,1,0,0,0,0.2059975,0.0041706896108203145,0,0.0,-0.7071067811865476,1.0,-1.0,0.0,0.9565217391304348,1.0,-0.0032000000000000084,0.007899999999999963,0.004699999999999982,0.0,0.0,0.0,0.0,0.0,0.0
302,82,0.25,3,1,24,0.75,-4,1,0,0,1,0,0,0,1,0,0,0,0.12923250000000006,0.011911545163125006,0,-5.75,-22.083647796503183,-7.0,-58.0,-32.5,0.0,1.0,-0.00940000000000002,0.13220000000000004,-1.0,-0.2527,-0.2534,0.0,-5.75,-5.75,-43.0
341,76,0.2,-26,1,13,0.6,-20,1,0,0,1,0,0,0,1,0,0,0,0.1169620253365569,0.011264643164611107,0,5.4,-24.633367697631027,6.0,-63.0,-28.5,0.7692307692307693,1.0,0.6008,0.5984,-0.00940000000000002,0.4105,0.3984,0.0,5.4,5.4,81.60000000000002
359,44,0.1,17,1,17,1.0,17,1,0,0,1,0,0,0,1,0,0,0,0.024410190671289397,0.0036136030213661,1,-2.700000000000003,-8.100000000000001,0.0,-27.0,-13.5,1.0,1.0,-0.1021,-0.10400000000000001,-0.4895,0.0,0.0,-1.0,-2.700000000000003,-2.700000000000003,0.0
357,4,0.99,-34,7,-2,1.0,-2,1,0,0,0,1,0,0,1,0,0,0,0.03226662390431341,0.0022420473775742193,1,-5.620000000000001,-3.972480333494429,32.0,-9.0,-1.25,0.05882352941176471,1.0,-0.9796,-0.982,-0.7538,-0.9917,-0.9901,0.0,-5.620000000000001,-5.620000000000001,-81.18
360,31,0.75,-49,1,10,1.0,10,1,0,0,1,0,0,0,1,0,0,0,0.14847492394350928,0.0060871948285365065,0,-1.0,-34.64101615137755,59.0,-21.0,19.0,0.0,1.0,-0.5004,-0.4964,0.010000000000000007,0.2474,0.2536,0.0,-1.0,-1.0,40.0
353,64,0.01,9,1,9,1.0,9,1,0,0,1,0,0,0,1,0,0,0,0.03206409230114882,0.01253137570985,1,-0.5500000000000007,-5.472430904086409,0.0,-55.0,-27.5,1.0,1.0,-0.0107,-0.0101,-0.5039,0.0,0.0,-1.0,-0.5500000000000007,-0.5500000000000007,0.0
340,35,0.75,-19,1,18,1.0,18,1,0,0,1,0,0,0,1,0,0,0,0.14664829360770365,0.0061429299279962355,0,-3.5,-23.38268590217984,37.0,-17.0,10.0,0.0,1.0,-0.5044,-0.5107999999999999,0.0005999999999999893,0.2476,0.2443,0.0,-3.5,-3.5,27.0
347,38,0.4,-9,1,1,1.0,1,1,0,0,1,0,0,0,1,0,0,0,0.14832110236885315,0.006026717834658607,0,-8.8,-23.025203582161875,10.0,-37.0,-13.5,0.0,1.0,0.2018,0.20259999999999995,-0.005600000000000049,0.5997,0.6017,0.0,-8.8,-8.8,56.4
349,65,0.01,9,1,32,0.01,19,1,0,0,1,0,0,0,1,0,0,0,0.02604069861918455,0.002689170357651568,1,9.57,-4.278445979558466,10.0,-33.0,-11.5,0.4736842105263158,1.0,0.979,0.9778,-0.022399999999999972,0.0,0.0,0.0,9.57,9.57,0.0
336,54,0.1,20,5,45,0.6,2,1,0,0,0,0,0,1,1,0,0,0,0.14098381671567922,0.005916066731748535,0,4.400000000000002,10.58515378267621,-18.0,-13.0,-19.5,0.1,1.0,0.02839999999999998,0.08600000000000002,-1.0,0.0,0.0,0.0,4.400000000000002,4.400000000000002,0.0
331,29,0.05,24,7,26,0.25,25,1,0,0,0,0,1,0,1,0,0,0,0.20361865083834788,0.008791988015094345,0,1.0000000000000036,-3.700690238571693,2.0,-123.0,-27.625,0.92,1.0,0.9768,0.9623,-0.3921,0.0,0.0,0.0,1.0000000000000036,1.0000000000000036,1.4210854715202004e-14
333,60,0.1,15,5,17,1.0,17,1,0,0,0,1,0,0,1,0,0,0,0.18066591884447208,0.015788789803574576,0,-2.5,-13.503703195790408,2.0,-45.0,-35.5,0.8823529411764706,1.0,0.8038000000000001,0.7994000000000001,-0.6796,0.0,0.0,0.0,-2.5,-2.5,0.0
345,50,0.6,-45,1,13,1.0,13,1,0,0,1,0,0,0,1,0,0,0,0.14155295630376213,0.00523062870742134,0,1.0,-46.54030511288038,58.0,-37.0,10.5,0.0,1.0,-0.1976,-0.19920000000000004,-0.011800000000000031,0.4038,0.4086,0.0,1.0,1.0,76.0
348,44,0.05,9,1,19,1.0,19,1,0,0,1,0,0,0,1,0,0,0,0.06920044860763327,0.020964469887112636,1,8.25,-7.628073151196178,10.0,-25.0,-7.5,0.4736842105263158,1.0,0.9014,0.9038,-0.007200000000000041,0.0,0.0,0.0,8.25,8.25,0.0
332,45,0.2,17,1,25,1.0,25,1,0,0,1,0,0,0,1,0,0,0,0.15179490464218445,0.012475596567379224,0,2.3999999999999986,-11.2,8.0,-20.0,-6.0,0.68,1.0,0.6104,0.5864,0.020000000000000014,0.0,0.0,0.0,2.3999999999999986,2.3999999999999986,0.0
355,70,0.25,6,1,20,1.0,20,1,0,0,1,0,0,0,1,0,0,0,0.15973337605648402,0.0057880731499157356,0,-2.0,-27.71281292110204,14.0,-50.0,-18.0,0.3,1.0,0.5038,0.4904,-0.008599999999999997,0.0,0.0,0.0,-2.0,-2.0,0.0
354,22,0.99,-7,1,27,1.0,27,1,0,0,1,0,0,0,1,0,0,0,0.011948085246187163,0.0016308479430003115,1,5.289999999999999,-2.8854635676091998,34.0,5.0,19.5,0.0,1.0,1.0,1.0,1.0,0.01,0.0106,1.0,5.289999999999999,5.289999999999999,0.6799999999999997
342,13,0.25,-8,1,-9,1.0,-9,1,0,0,1,0,0,0,1,0,0,0,0.02802884149646005,0.002199873246674032,1,-6.25,-9.093266739736606,-1.0,-22.0,-11.5,0.8888888888888888,1.0,-1.0,-1.0,-1.0,-0.2525,-0.2525,-1.0,-6.25,-6.25,-11.0
335,-5,1.0,-5,1,12,0.4,-16,1,0,0,1,0,0,0,1,0,0,0,0.13503220641532318,0.0070847653784884435,0,0.20000000000000107,13.717142559585795,-11.0,17.0,3.0,0.3125,1.0,-0.1996,-0.2038,-0.0016000000000000456,0.3929,0.4003,0.0,0.20000000000000107,0.20000000000000107,22.4
337,54,0.25,11,1,85,0.25,4,1,0,1,1,0,0,0,1,0,0,0,0.16675660947550974,0.005581505573457722,0,2.5,16.454482671904334,-7.0,31.0,12.0,0.3636363636363637,1.0,-0.5029999999999999,-0.4956,0.018799999999999983,0.0,0.0,0.0,2.5,2.5,0.0
338,102,0.2,-14,1,12,1.0,12,1,0,0,1,0,0,0,1,0,0,0,0.13412465951459715,0.011568465684577535,0,2.799999999999999,-46.4,26.0,-90.0,-32.0,0.0,1.0,0.6082000000000001,0.6035999999999999,0.003400000000000014,0.7959,0.8034,0.0,2.799999999999999,2.799999999999999,185.6
350,50,0.4,-36,1,3,1.0,3,1,0,0,1,0,0,0,1,0,0,0,0.15369460024571496,0.008245882246035341,0,4.599999999999998,-42.131223575870656,39.0,-47.0,-4.0,0.0,1.0,0.2096,0.18920000000000006,0.015800000000000036,0.5962,0.6026,0.0,4.599999999999998,4.599999999999998,103.2
343,51,0.05,0,7,2,1.0,2,1,0,0,0,1,0,0,1,0,0,0,0.19021310690660792,0.01031324386254872,0,-0.5500000000000007,-11.118565554962569,2.0,-52.0,-42.625,0.0,1.0,0.9046,0.91,-0.7525999999999999,0.9497,0.9511,0.0,-0.5500000000000007,-0.5500000000000007,51.3
361,16,0.1,10,1,7,1.0,7,1,0,0,1,0,0,0,1,0,0,0,0.017321583081491898,0.003398180261020993,1,-3.6,-1.8,-3.0,-9.0,-6.0,0.7,1.0,-1.0,-1.0,-1.0,0.0,0.0,-1.0,-3.6,-3.6,0.0
374,3,0.99,-27,1,-6,1.0,-6,1,0,0,1,0,0,0,1,0,0,0,0.029356833857813607,0.008685576894771022,1,-8.7,-2.9849623113198613,21.0,-9.0,6.0,0.2222222222222222,1.0,-0.9794,-0.981,0.00219999999999998,-0.9901,-0.9914,0.0,-8.7,-8.7,-59.4
362,102,0.2,-29,1,8,0.8,-37,1,0,0,1,0,0,0,1,0,0,0,0.11738118887805528,0.009044327351967198,0,1.8000000000000025,-34.40000000000001,-8.0,-94.0,-51.0,0.7837837837837838,1.0,0.18920000000000006,0.2846,-1.0,0.6055,0.618,0.0,1.8000000000000025,1.8000000000000025,166.8
369,44,0.4,15,5,22,1.0,22,1,0,0,0,1,0,0,1,0,0,0,0.13131485340151242,0.009058985761716357,0,-4.6000000000000085,-14.221111067704944,7.0,-24.0,-17.166666666666664,0.6818181818181818,1.0,0.2004,0.19899999999999998,-0.6548,0.0,0.0,0.0,-4.6000000000000085,-4.6000000000000085,0.0
390,-1,0.1,-11,1,-9,0.95,-26,1,0,0,1,0,0,0,1,0,0,0,0.1886838648215609,0.00632182698455659,0,0.15000000000000036,0.7050641020095738,-15.0,-8.0,-11.5,0.4230769230769231,-1.0,0.6920000000000001,0.7094,-1.0,0.0,0.0,0.0,0.15000000000000036,0.15000000000000036,0.0
373,77,0.1,22,6,27,0.8,-4,1,0,-1,0,0,1,0,1,0,0,0,0.1081262617904644,0.017766992569300002,0,-6.699999999999998,-4.521879328254295,-26.0,-107.0,-69.64285714285714,0.0,1.0,0.3968,0.5860000000000001,-1.0,-0.2036,-0.2001,0.0,-6.699999999999998,-6.699999999999998,-55.19999999999999
388,46,0.5,10,6,26,1.0,26,1,0,0,0,0,0,1,1,0,0,0,0.15722352191760636,0.006184408185902392,0,-2.0,-19.8620240660412,37.0,-25.0,-2.8571428571428537,0.0,1.0,0.07360000000000005,0.06659999999999999,-0.13779999999999998,0.0175,0.0154,0.0,-2.0,-2.0,1.9375
371,73,0.05,27,3,28,1.0,28,1,0,0,0,1,0,0,1,0,0,0,0.12189969554540395,0.01640532564332679,0,-1.2999999999999972,-10.02671431726266,1.0,-46.0,-33.5,0.9642857142857144,1.0,0.8917999999999999,0.9064,-0.5009999999999999,0.0,0.0,0.0,-1.2999999999999972,-1.2999999999999972,7.105427357601002e-15
385,20,0.8,-17,7,50,0.4,5,1,0,0,0,1,0,0,1,0,0,0,0.08465438233373873,0.010052990745749859,1,10.399999999999997,7.204922517777284,22.0,27.0,12.125,0.0,1.0,0.20120000000000005,0.03560000000000002,0.23960000000000006,0.1964,0.2038,0.0,10.399999999999997,10.399999999999997,26.799999999999976
366,-10,0.75,-15,1,35,0.5,-47,1,0,0,1,0,0,0,1,0,0,0,0.11047460344994843,0.01006859483478197,0,5.25,38.8349364905389,-32.0,45.0,6.5,0.3191489361702128,1.0,0.0074000000000000185,-0.0040000000000000036,0.0061999999999999824,0.4964,0.4987,0.0,5.25,5.25,82.0
365,42,0.4,-24,6,-3,0.05,-9,1,0,1,0,0,0,1,1,0,0,0,0.14759045026622467,0.007931101152460616,0,-11.1,-31.88630567392088,15.0,-50.0,-26.57142857142857,0.375,1.0,0.2338,0.20880000000000004,-0.4334,-0.3922,-0.3863,0.0,-11.1,-11.1,-55.02500000000001
375,90,0.01,36,1,30,1.0,30,1,0,0,1,0,0,0,1,0,0,0,0.017243390488591567,0.0018851138123092655,1,-6.539999999999999,-5.372932160375748,-6.0,-60.0,-33.0,0.8333333333333334,1.0,-1.0,-1.0,-1.0,0.0,0.0,-1.0,-6.539999999999999,-6.539999999999999,0.0
377,65,0.25,9,5,25,1.0,25,1,0,0,0,1,0,0,1,0,0,0,0.14139016182598568,0.009731318045608513,0,1.9999999999999931,-24.253865671269807,16.0,-42.0,-30.666666666666664,0.36,1.0,0.4986,0.4932,-0.6716,0.0,0.0,0.0,1.9999999999999931,1.9999999999999931,0.0
378,91,0.2,-11,1,16,1.0,16,1,0,0,1,0,0,0,1,0,0,0,0.08428008330357617,0.007313022502188294,1,6.600000000000001,-40.8,27.0,-75.0,-24.0,0.0,1.0,0.6004,0.5978000000000001,0.0061999999999999824,0.7907,0.8059,0.0,6.600000000000001,6.600000000000001,163.20000000000005
380,29,0.8,-35,2,12,1.0,12,1,0,0,0,0,0,1,1,0,0,0,0.11864637074397172,0.007725053376693551,0,-4.200000000000003,-25.615620234536575,47.0,-18.0,4.333333333333334,0.0,1.0,-0.5882000000000001,-0.595,-0.3474,0.2024,0.1991,0.0,-4.200000000000003,-4.200000000000003,25.999999999999996
370,-1,1.0,-1,1,18,0.6,-29,1,0,0,1,0,0,0,1,0,0,0,0.13795994228248135,0.006322283648486178,0,0.1999999999999975,23.025203582161875,-28.0,19.0,-4.5,0.03448275862068965,1.0,0.17800000000000002,0.224,0.0136,0.6009,0.5954,0.0,0.1999999999999975,0.1999999999999975,56.4
367,45,0.2,-5,1,10,1.0,10,1,0,0,1,0,0,0,1,0,0,0,0.0860451850578334,0.006583422884819363,1,5.0,-20.0,15.0,-35.0,-10.0,0.0,1.0,0.5944,0.5948,-0.022799999999999987,0.8064,0.8006,0.0,5.0,5.0,80.0
368,36,0.75,-21,7,94,0.5,-40,1,0,0,0,1,0,0,1,0,0,0,0.12499150777854365,0.005511215938053286,0,5.2499999999999885,42.29549636199909,-19.0,55.0,-1.875,0.525,1.0,0.012399999999999968,-0.006399999999999961,0.0005999999999999893,-0.2536,-0.239,0.0,5.2499999999999885,5.2499999999999885,-67.00000000000004
386,45,0.05,3,5,2,1.0,2,1,0,0,0,1,0,0,1,0,0,0,0.00781669604209148,0.0008746786841276455,1,-3.1000000000000005,-9.15641851380768,-1.0,-45.0,-36.0,0.6666666666666666,1.0,-1.0,-1.0,-1.0,0.0,0.0,-1.0,-3.1000000000000005,-3.1000000000000005,7.105427357601002e-15
383,37,0.25,-3,6,9,0.95,0,1,0,0,0,0,1,0,1,0,0,0,0.15551994872313812,0.010588812638165373,0,1.5499999999999992,-16.34832889900725,3.0,-85.0,-38.785714285714285,0.0,1.0,0.5082,0.5002,-0.7094,0.754,0.738,0.0,1.5499999999999992,1.5499999999999992,140.64999999999998
364,6,0.75,1,1,7,1.0,7,1,0,0,1,0,0,0,1,0,0,0,0.024102547652129328,0.008315342519329258,1,2.25,-2.165063509461097,6.0,1.0,3.5,0.14285714285714285,1.0,1.0,1.0,1.0,0.0,0.0,1.0,2.25,2.25,0.0
382,28,0.2,-18,7,-7,1.0,-7,1,0,0,0,1,0,0,1,0,0,0,0.12625412596592295,0.010126211331245956,0,1.7999999999999972,-18.40815036879045,11.0,-38.0,-29.25,0.3888888888888889,1.0,0.6053999999999999,0.6137999999999999,-0.7464,-0.2014,-0.1992,0.0,1.7999999999999972,1.7999999999999972,-19.6
376,34,0.05,-5,5,2,1.0,2,1,0,0,0,1,0,0,1,0,0,0,0.07864637076935133,0.022107465548727445,1,5.049999999999999,-8.50279365855717,7.0,-34.0,-25.5,0.0,1.0,0.8982000000000001,0.9009999999999999,-0.6686000000000001,0.9492,0.9456,0.0,5.049999999999999,5.049999999999999,77.9
381,47,0.6,-13,1,28,1.0,28,1,0,0,1,0,0,0,1,0,0,0,0.11875148214284055,0.005945939069460004,0,5.0,-29.393876913398138,41.0,-19.0,11.0,0.0,1.0,-0.20280000000000006,-0.1964,-0.0036000000000000476,0.3982,0.3941,0.0,5.0,5.0,48.0
379,26,0.5,-9,1,11,1.0,11,1,0,0,1,0,0,0,1,0,0,0,0.13497195964939776,0.009832894457818427,0,2.5,-17.5,20.0,-15.0,2.5,0.0,1.0,0.006599999999999996,0.011200000000000043,-0.012199999999999987,0.505,0.4947,0.0,2.5,2.5,35.0
389,100,0.25,-12,2,19,0.4,12,1,0,0,0,0,1,0,1,0,0,0,0.13086748920948582,0.01212394304157847,0,-1.1999999999999993,-45.07071436010355,24.0,-82.0,-47.16666666666666,0.0,1.0,0.5058,0.498,-0.3372,0.7549,0.7531,0.0,-1.1999999999999993,-1.1999999999999993,169.5
387,7,0.5,-30,1,-6,1.0,-6,1,0,0,1,0,0,0,1,0,0,0,0.11835667362235602,0.005174484526505417,0,5.5,-18.5,24.0,-13.0,5.5,0.2,1.0,0.005600000000000049,0.0005999999999999893,0.02980000000000005,-0.5087,-0.5021,0.0,5.5,5.5,-37.0
384,112,0.25,-33,1,72,0.01,-2,1,0,-1,1,0,0,0,1,0,0,0,0.13926614324252282,0.009401696178623863,0,-4.51,-55.42393473978282,31.0,-40.0,-4.5,0.060606060606060615,1.0,0.4956,0.5034000000000001,0.005400000000000016,-0.2347,-0.2389,0.0,-4.51,-4.51,-69.6
391,21,0.01,0,3,-8,1.0,-8,1,0,0,0,1,0,0,1,0,0,0,0.035625060101323464,0.0032509409163299892,1,-8.21,-2.0906697491473882,-8.0,-30.0,-23.75,0.0,1.0,-1.0,-1.0,-1.0,-1.0,-1.0,-1.0,-8.21,-8.21,-30.3
404,31,0.5,10,3,27,0.05,24,1,0,0,0,1,0,0,1,0,0,0,0.13126998875911325,0.007145892203822883,0,3.649999999999999,-9.85806317928322,14.0,-5.0,-0.25,0.4166666666666667,1.0,0.0041999999999999815,0.015600000000000003,-0.485,0.0,0.0,0.0,3.649999999999999,3.649999999999999,0.0
405,8,0.5,-1,1,6,1.0,6,1,0,0,1,0,0,0,1,0,0,0,0.12435314850378207,0.010660450893739412,0,2.5,-4.5,7.0,-2.0,2.5,0.0,1.0,0.004999999999999949,-0.00439999999999996,0.0029999999999999467,0.5105,0.4978,0.0,2.5,2.5,9.0
393,57,0.1,16,1,28,0.75,-13,1,0,0,1,0,0,0,1,0,0,0,0.11339464829067253,0.0054617301659520895,0,-2.3500000000000014,5.453520777580991,-29.0,-29.0,-29.0,0.0,1.0,0.28540000000000004,0.3554,-1.0,-0.2446,-0.2506,0.0,-2.3500000000000014,-2.3500000000000014,-35.0
395,41,0.4,12,1,28,1.0,28,1,0,0,1,0,0,0,1,0,0,0,0.10959525720195318,0.008087845012399423,0,4.399999999999999,-14.20704050814243,16.0,-13.0,1.5,0.42857142857142855,1.0,0.195,0.1956,0.021600000000000008,0.0,0.0,0.0,4.399999999999999,4.399999999999999,0.0
417,36,0.1,32,7,29,1.0,29,1,0,0,0,1,0,0,1,0,0,0,0.0326268226153699,0.0135170825157013,1,-3.3999999999999986,-1.2609520212918497,-3.0,-10.0,-6.5,0.90625,1.0,-1.0,-1.0,-1.0,0.0,0.0,-1.0,-3.3999999999999986,-3.3999999999999986,0.0
419,31,0.1,12,3,12,1.0,12,1,0,0,0,1,0,0,1,0,0,0,0.06236821021112749,0.02493929173133651,1,-1.9000000000000004,-5.7043842787806645,0.0,-20.0,-14.25,1.0,1.0,-0.0967,-0.0957,-0.7503,0.0,0.0,-1.0,-1.9000000000000004,-1.9000000000000004,0.0
409,35,0.6,-9,7,14,1.0,14,1,0,0,0,1,0,0,1,0,0,0,0.1349283768093431,0.009012678781990564,0,-3.4000000000000057,-21.57637597002796,23.0,-24.0,-15.5,0.0,1.0,-0.17419999999999994,-0.1936,-0.7354,0.4046,0.3996,0.0,-3.4000000000000057,-3.4000000000000057,37.6
408,21,0.8,16,1,23,1.0,23,1,0,0,1,0,0,0,1,0,0,0,0.0225874058672894,0.0018191138004713802,1,3.0,-2.0,7.0,2.0,4.5,0.6956521739130435,1.0,1.0,1.0,1.0,0.0,0.0,1.0,3.0,3.0,0.0
398,32,0.4,-16,1,-3,1.0,-3,1,0,0,1,0,0,0,1,0,0,0,0.13488863964243586,0.0054005523532221385,0,-6.200000000000001,-23.515101530718514,13.0,-35.0,-11.0,0.1875,1.0,0.1878,0.19799999999999995,-0.005600000000000049,-0.4041,-0.3991,0.0,-6.200000000000001,-6.200000000000001,-38.40000000000001
394,42,0.01,19,1,15,0.95,7,1,0,0,1,0,0,0,1,0,0,0,0.029244031407029643,0.0031371028661202425,1,-4.630000000000001,-0.5449115279289556,-12.0,-27.0,-19.5,0.3684210526315789,1.0,-1.0,-1.0,-1.0,0.0,0.0,-1.0,-4.630000000000001,-4.630000000000001,0.0
416,75,0.05,13,5,45,0.2,3,1,0,0,0,1,0,0,1,0,0,0,0.0727229610535743,0.01452502029167057,1,-4.700000000000001,3.285563274779077,-10.0,-32.0,-40.66666666666666,0.2307692307692308,1.0,-0.7043999999999999,-0.6052,-1.0,0.0,0.0,0.0,-4.700000000000001,-4.700000000000001,1.4210854715202004e-14
415,3,0.75,-35,7,17,0.5,-27,1,0,0,0,1,0,0,1,0,0,0,0.12538247074593145,0.00520318164449065,0,1.5,5.511367552158848,8.0,11.0,-3.25,0.7714285714285715,1.0,0.4894,0.2548,0.25780000000000003,-0.2509,-0.2443,0.0,1.5,1.5,-25.390625000000014
392,-11,0.9,-36,1,68,0.05,-14,1,0,0,1,0,0,0,1,0,0,0,0.17406825832995834,0.005695473831815345,0,3.6000000000000014,10.371485668516764,22.0,79.0,50.5,0.3888888888888889,1.0,-0.6948000000000001,-0.7058,1.0,0.0471,0.0504,0.0,3.6000000000000014,3.6000000000000014,10.400000000000006
412,29,0.8,-8,1,23,1.0,23,1,0,0,1,0,0,0,1,0,0,0,0.1426707257769221,0.006116003934153247,0,1.3999999999999986,-14.8,31.0,-6.0,12.5,0.0,1.0,-0.6053999999999999,-0.591,0.0040000000000000036,0.1923,0.1977,0.0,1.3999999999999986,1.3999999999999986,14.799999999999995
399,-2,1.0,-2,9,-2,1.0,-2,1,0,0,0,1,0,0,1,0,0,0,0.18385899687896615,0.0057097493622938825,0,1.3322676295501877e-15,-1.4142135623730954,4.0,-4.0,0.0,0.3333333333333333,1.0,0.005799999999999972,-0.0032999999999999696,0.0033999999999999586,-0.1456,-0.1472,0.0,1.3322676295501877e-15,1.3322676295501877e-15,-1.4374999999999964
406,25,0.01,-5,1,4,1.0,4,1,0,0,1,0,0,0,1,0,0,0,0.04250985419400432,0.013435165630907455,1,8.7,-2.9849623113198596,9.0,-21.0,-6.0,0.0,1.0,0.9824,0.9816,0.005600000000000049,0.9912,0.9903,0.0,8.7,8.7,59.4
410,9,0.25,8,1,-2,1.0,-2,1,0,0,1,0,0,0,1,0,0,0,0.020196763358715543,0.004135554518727503,1,-10.25,-0.4330127018922193,-10.0,-11.0,-10.5,0.0,1.0,-1.0,-1.0,-1.0,-1.0,-1.0,-1.0,-10.25,-10.25,-22.0
402,20,0.99,4,7,11,1.0,11,1,0,0,0,1,0,0,1,0,0,0,0.04084858196728429,0.01151549653168648,1,-8.840000000000009,-2.004844133592435,7.0,-12.0,-7.0,0.3636363636363637,1.0,-0.9802,-0.9784,-0.7542,0.0,0.0,0.0,-8.840000000000009,-8.840000000000009,-7.105427357601002e-15
401,45,0.01,11,1,18,1.0,18,1,0,0,1,0,0,0,1,0,0,0,0.0519929498527888,0.0191166765316032,1,6.66,-3.382957286162508,7.0,-27.0,-10.0,0.6111111111111112,1.0,0.9784,0.9798,0.0016000000000000456,0.0,0.0,0.0,6.66,6.66,0.0
396,80,0.2,-18,7,-8,1.0,-8,1,0,0,0,1,0,0,1,0,0,0,0.1540906906636832,0.00571484358254154,0,-9.600000000000003,-39.203826343865984,10.0,-91.0,-75.75,0.4444444444444444,1.0,0.597,0.5893999999999999,-0.7559999999999999,-0.2004,-0.2061,0.0,-9.600000000000003,-9.600000000000003,-40.40000000000001
413,93,0.25,-15,1,67,0.5,-39,1,0,0,1,0,0,0,1,0,0,0,0.11628521071352375,0.005178069037574992,0,2.0,6.234628195640313,-24.0,-26.0,-25.0,0.38461538461538464,1.0,-0.4892,-0.26180000000000003,-1.0,0.2392,0.2532,0.0,2.0,2.0,66.0
420,24,0.05,12,3,16,1.0,16,1,0,0,0,0,0,1,1,0,0,0,0.11411376384101073,0.01892743835651117,0,3.4000000000000017,-2.672077843177477,4.0,-10.0,-4.5,0.75,1.0,0.9046,0.8992,-0.5146,0.0,0.0,0.0,3.4000000000000017,3.4000000000000017,1.7763568394002505e-15
414,15,1.0,15,9,16,0.8,12,1,0,0,0,1,0,0,1,0,0,0,0.1809594616875136,0.0066057988230642534,0,0.1999999999999904,0.1857864376269045,1.0,-3.0,-1.0,0.9166666666666666,1.0,0.1261,0.2094,-0.4367,0.0,0.0,0.0,0.1999999999999904,0.1999999999999904,-5.3290705182007506e-15
400,16,0.01,1,1,72,0.4,-41,1,0,0,1,0,0,0,1,0,0,0,0.14394231697106727,0.0068376579509459605,0,3.050000000000003,53.865987031239904,-42.0,56.0,7.0,0.0,1.0,-0.1922,-0.19599999999999995,0.011800000000000031,-0.5967,-0.6033,0.0,3.050000000000003,3.050000000000003,-135.6
403,8,0.99,-17,9,3,1.0,3,1,0,0,0,1,0,0,1,0,0,0,0.06477679858853683,0.01774535157763226,1,-4.750000000000004,-2.857883832488649,20.0,-9.0,-2.5,0.0,1.0,-0.9816,-0.977,-0.7991999999999999,0.0113,0.0097,0.0,-4.750000000000004,-4.750000000000004,0.5799999999999841
411,22,0.75,2,1,28,0.8,-26,1,0,0,1,0,0,0,1,0,0,0,0.11743502646448613,0.004989929449851085,0,0.20000000000000284,12.939745962155609,-28.0,6.0,-11.0,0.0,1.0,0.5972,0.5955999999999999,-0.0060000000000000045,-0.2024,-0.1998,0.0,0.20000000000000284,0.20000000000000284,-21.599999999999994
431,-2,0.99,-8,1,0,0.9,-4,5,0,0,1,0,0,0,0,0,1,0,0.11858431488550482,0.0158321547301616,0,1.6599999999999997,6.726940907176249,4.0,28.0,11.4,0.5,1.0,-0.3028,-0.31410000000000005,1.0,0.2255,0.2244,0.0,1.6599999999999997,1.6599999999999997,15.299999999999995
441,7,0.25,-14,9,-8,1.0,-8,1,0,0,0,1,0,0,1,0,0,0,0.140663495894857,0.0061818875492435895,0,0.75,-9.120718173477352,6.0,-19.0,-12.9,0.5714285714285714,1.0,0.5147999999999999,0.5012000000000001,-0.8004,-0.247,-0.2426,0.0,0.75,0.75,-12.500000000000002
430,34,0.8,23,1,60,0.1,19,1,0,-1,1,0,0,0,1,0,0,0,0.06959969752356591,0.010901154263257606,1,-8.7,7.9,-4.0,26.0,11.0,0.8260869565217391,1.0,-0.8076000000000001,-0.7924,0.01980000000000004,0.0,0.0,0.0,-8.7,-8.7,0.0
445,-2,0.8,-25,9,-4,1.0,-4,1,0,0,0,1,0,0,1,0,0,0,0.16566442337978027,0.00576963717253458,0,2.6,-9.286549412995116,21.0,-6.0,0.2999999999999998,0.16,1.0,-0.4471,-0.4462,-0.2885,-0.11699999999999999,-0.1123,0.0,2.6,2.6,-3.881249999999991
426,1,0.2,-1,7,-1,1.0,-1,1,0,0,0,1,0,0,1,0,0,0,0.03330206734401691,0.010714698843851051,1,-0.3999999999999999,-0.9695359714832661,1.0,-5.0,-2.0,0.5,1.0,-0.1817,-0.1769,-0.5823,-0.1813,-0.17800000000000002,0.0,-0.3999999999999999,-0.3999999999999999,-1.8562499999999995
442,26,0.8,-24,1,21,1.0,21,1,0,0,1,0,0,0,1,0,0,0,0.1216417391521918,0.009662508064796464,0,5.0,-20.0,45.0,-5.0,20.0,0.0,1.0,-0.6073999999999999,-0.623,0.0038000000000000256,0.19899999999999998,0.1957,0.0,5.0,5.0,20.0
437,12,0.8,8,1,13,1.0,13,1,0,0,1,0,0,0,1,0,0,0,0.007286434365369188,0.0007198908168641519,1,1.7999999999999992,-1.6,5.0,1.0,3.0,0.6153846153846154,1.0,1.0,1.0,1.0,0.0,0.0,1.0,1.7999999999999992,1.7999999999999992,0.0
433,35,0.2,12,1,25,1.0,25,1,0,0,1,0,0,0,1,0,0,0,0.042020308277342,0.007299940077480634,1,8.399999999999999,-9.2,13.0,-10.0,1.5,0.48,1.0,0.6006,0.5986,-0.013200000000000043,0.0,0.0,0.0,8.399999999999999,8.399999999999999,0.0
432,48,0.25,24,1,39,0.6,14,1,0,0,1,0,0,0,1,0,0,0,0.13067835486845086,0.005636902925326522,0,-1.0,1.8551438685026265,-10.0,-9.0,-9.5,0.5833333333333334,1.0,-0.2992,-0.0994,-1.0,0.0,0.0,0.0,-1.0,-1.0,0.0
443,25,1.0,25,1,83,0.5,-33,7,0,0,1,0,0,0,0,1,0,0,0.13816801517432015,0.006842498508874678,0,1.4210854715202004e-14,58.00646515691161,-58.0,61.0,43.5,0.0,1.0,-0.0014000000000000126,0.0038000000000000256,0.7454000000000001,-0.49700000000000005,-0.4986,0.0,1.4210854715202004e-14,1.4210854715202004e-14,-118.99999999999996
444,46,0.5,-11,3,74,0.6,-36,5,0,0,0,1,0,0,0,1,0,0,0.12065153695121968,0.00838041687125438,0,12.500000000000009,25.389955448371072,-25.0,29.0,23.916666666666664,0.3055555555555556,1.0,0.21140000000000006,0.1814,0.6577999999999999,0.1049,0.1054,0.0,12.500000000000009,12.500000000000009,22.40000000000001
449,52,0.25,21,3,36,0.8,-18,5,0,0,0,0,0,1,0,1,0,0,0.117852341229125,0.0150196718882482,0,-3.5499999999999905,8.139360020286086,-39.0,-16.0,-16.750000000000004,0.0,1.0,0.08780000000000003,0.1838,-0.8275999999999999,-0.1946,-0.2104,0.0,-3.5499999999999905,-3.5499999999999905,-28.799999999999976
425,6,0.01,-4,5,7,1.0,7,1,0,0,0,1,0,0,1,0,0,0,0.004279230110766103,0.0003102365145252265,1,10.9,-1.0,11.0,-1.0,2.666666666666667,0.0,1.0,0.9955,0.9963,0.5044000000000001,0.9901,0.9886,0.0,10.9,10.9,23.76
423,15,0.95,12,1,39,0.4,6,5,0,1,1,0,0,0,0,1,0,0,0.12244506006105685,0.0068537905541870454,0,4.350000000000001,15.52516389139425,-6.0,26.0,20.0,0.5,1.0,-0.20520000000000005,-0.1842,0.6652,0.0,0.0,0.0,4.350000000000001,4.350000000000001,0.0
434,40,0.01,-4,1,1,0.5,1,1,0,0,1,0,0,0,1,0,0,0,0.06632002295277425,0.029699963495168045,1,4.5600000000000005,-4.377944723269128,5.0,-39.0,-17.0,0.0,1.0,0.9774,0.9794,0.006999999999999951,0.9904,0.9911,0.0,4.5600000000000005,4.5600000000000005,87.12
421,28,0.01,20,3,27,0.8,-37,7,0,0,0,1,0,0,0,0,1,0,0.16097655045260206,0.006221226439713404,0,-5.879999999999996,29.36310351345389,-57.0,118.0,17.75,0.0,1.0,0.5926,0.5775999999999999,0.3649000000000001,-0.2036,-0.2016,0.0,-5.879999999999996,-5.879999999999996,-73.59999999999995
448,14,0.2,4,3,32,0.6,-38,1,0,0,0,0,0,1,1,0,0,0,0.1045984367152588,0.0069100761717537425,0,-2.0000000000000018,30.14556812829895,-42.0,16.0,-14.0,0.0,1.0,0.211,0.1924,0.003400000000000014,-0.3976,-0.3901,0.0,-2.0000000000000018,-2.0000000000000018,-56.0
436,15,0.6,-10,1,-6,1.0,-6,1,0,0,1,0,0,0,1,0,0,0,0.03247562426928135,0.0031426058686254807,1,-11.0,-12.247448713915892,4.0,-21.0,-8.5,0.6,1.0,-0.2132,-0.204,0.015200000000000047,-0.6025,-0.6029,0.0,-11.0,-11.0,-30.0
429,20,0.95,16,1,14,1.0,14,1,0,0,1,0,0,0,1,0,0,0,0.021872514168836912,0.00693983504844969,1,-5.800000000000002,-0.871779788708135,-2.0,-6.0,-4.0,0.875,1.0,-1.0,-1.0,-1.0,0.0,0.0,-1.0,-5.800000000000002,-5.800000000000002,0.0
440,30,0.6,19,6,30,0.99,28,6,0,0,0,0,0,1,0,0,1,0,0.039033293703730834,0.005226709183724384,1,4.380000000000003,1.1562905658446354,52.0,52.0,25.285714285714285,0.0,1.0,0.17579999999999996,0.1008,1.0,0.0183,0.0156,0.0,4.380000000000003,4.380000000000003,4.275000000000007
435,53,0.2,27,9,35,0.75,-18,1,0,0,0,1,0,0,1,0,0,0,0.05751303962975628,0.0054194078479780855,1,-10.45000000000001,12.530460178182738,-45.0,-22.0,-41.90000000000001,0.0,1.0,0.0872,0.203,-1.0,-0.2562,-0.247,0.0,-10.45000000000001,-10.45000000000001,-37.500000000000014
422,64,0.05,0,9,87,0.2,-26,5,0,0,0,1,0,0,0,1,0,0,0.09423571785685106,0.014937334057199166,1,-6.599999999999998,31.250151555554513,-26.0,21.0,10.566666666666649,0.0,1.0,-0.6115999999999999,-0.5898000000000001,0.6679999999999999,-0.6375,-0.6001000000000001,0.0,-6.599999999999998,-6.599999999999998,-74.74999999999999
427,33,0.5,14,1,16,1.0,16,1,0,0,1,0,0,0,1,0,0,0,0.04063174814620928,0.005108200109493553,1,-7.5,-9.5,2.0,-17.0,-7.5,0.875,1.0,-0.003200000000000036,-0.009200000000000041,-0.004999999999999949,0.0,0.0,0.0,-7.5,-7.5,0.0
428,6,0.6,-13,9,3,0.8,-17,2,0,0,0,1,0,0,0,0,1,0,0.15497757319385946,0.009000468315235483,0,0.5999999999999981,-1.322454892088743,-4.0,-6.0,-7.7666666666666675,0.7647058823529411,1.0,-0.5914999999999999,-0.32,-1.0,0.1942,0.19680000000000006,0.0,0.5999999999999981,0.5999999999999981,10.799999999999995
438,31,0.8,10,3,29,1.0,29,1,0,0,0,1,0,0,1,0,0,0,0.15163766527339953,0.00903811796463288,0,2.1999999999999997,-8.423775875461072,19.0,-3.0,3.25,0.3448275862068966,1.0,-0.5982000000000001,-0.5978000000000001,-0.494,0.0,0.0,0.0,2.1999999999999997,2.1999999999999997,0.0
461,15,0.8,-12,1,16,1.0,16,1,0,0,1,0,0,0,1,0,0,0,0.008695448908352334,0.0012337338479709828,1,6.399999999999999,-10.8,28.0,1.0,14.5,0.0,1.0,1.0,1.0,1.0,0.2007,0.1972,1.0,6.399999999999999,6.399999999999999,11.199999999999996
469,38,0.6,-20,3,76,0.5,-24,1,0,0,0,0,0,1,1,0,0,0,0.11806377477619938,0.008281613589420084,0,11.2,21.52264057185077,-4.0,36.0,3.0,0.8333333333333334,1.0,-0.0074000000000000185,-0.0036000000000000476,-0.022599999999999957,-0.0998,-0.10440000000000002,0.0,11.2,11.2,-20.0
453,42,0.25,-14,3,35,0.25,-14,3,0,0,0,0,1,0,0,1,0,0,0.049107727682215774,0.004925134719420872,1,-1.75,-3.05905323144696,0.0,-10.0,-5.75,1.0,1.0,-0.2483,-0.07390000000000002,-0.7442,0.0,0.007599999999999996,-1.0,-1.75,-1.75,0.0
475,33,0.5,-1,1,36,0.05,16,6,0,0,1,0,0,0,0,0,0,1,0.13324851376530752,0.00634564864183327,0,1.0,-11.89607993793006,-20.0,8.0,5.1428571428571415,0.047619047619047616,1.0,0.06820000000000004,0.05939999999999995,0.5508,0.4974,0.4949,0.0,1.0,1.0,61.80625
459,4,0.75,-23,1,2,1.0,2,1,0,0,1,0,0,0,1,0,0,0,0.09894292508272742,0.006528052763541686,1,4.75,-11.69134295108992,25.0,-2.0,11.5,0.0,1.0,-0.5032000000000001,-0.486,0.00219999999999998,0.2499,0.254,0.0,4.75,4.75,13.5
467,38,0.75,-33,4,19,1.0,19,1,0,0,0,0,1,0,1,0,0,0,0.1257823817910763,0.005636535402170875,0,-1.25,-30.998991919093108,52.0,-30.0,-6.800000000000002,0.0,1.0,-0.4824,-0.5085999999999999,-0.6068,0.2432,0.25,0.0,-1.25,-1.25,41.0
477,14,0.99,6,1,22,0.9,-41,1,0,0,1,0,0,0,1,0,0,0,0.14890846670540567,0.0063929503434467395,0,1.7800000000000034,18.104010050314702,-47.0,8.0,-19.5,0.0,1.0,0.8102,0.8104,0.003400000000000014,-0.0964,-0.1006,0.0,1.7800000000000034,1.7800000000000034,-12.599999999999996
479,30,0.95,-2,1,85,0.4,-22,7,0,0,1,0,0,0,0,0,0,1,0.08927319736822274,0.006521363587899911,1,-7.599999999999994,46.644415160932255,-33.0,61.0,32.875,0.057142857142857134,1.0,-0.23100000000000004,-0.222,0.4846,-0.5621,-0.5443,0.0,-7.599999999999994,-7.599999999999994,-140.17499999999998
451,71,0.2,-20,4,-9,1.0,-9,1,0,0,0,0,1,0,1,0,0,0,0.133588720853794,0.005874810105512737,0,-7.200000000000001,-36.4576466602001,11.0,-91.0,-63.8,0.45,1.0,0.6033999999999999,0.6026,-0.6032,-0.2011,-0.2002,0.0,-7.200000000000001,-7.200000000000001,-40.79999999999999
471,14,1.0,14,2,14,1.0,14,1,0,0,0,0,1,0,1,0,0,0,0.1474737144483147,0.006732675522674682,0,0.0,-1.0,1.0,-1.0,0.0,0.9285714285714286,1.0,-0.011600000000000056,0.017400000000000027,0.0136,0.0,0.0,0.0,0.0,0.0,0.0
455,18,0.99,-19,1,7,1.0,7,1,0,0,1,0,0,0,1,0,0,0,0.04331985731429738,0.007657192755981739,1,-10.63,-3.681453517294495,26.0,-11.0,7.5,0.0,1.0,-0.9784,-0.9802,-0.011600000000000056,0.0106,0.0093,0.0,-10.63,-10.63,0.7400000000000021
473,34,0.05,2,2,104,0.05,1,7,0,0,0,0,0,1,0,1,0,0,0.18005707483097735,0.005059937177064186,0,2.550000000000002,15.472177990232199,-1.0,72.0,67.79166666666667,0.5,1.0,-0.8988,-0.9022,0.7474000000000001,0.0,0.0,0.0,2.550000000000002,2.550000000000002,-1.4210854715202004e-14
480,102,0.05,9,3,25,0.2,10,1,0,0,0,1,0,0,1,0,0,0,0.1737523559244919,0.005274445823452876,0,-0.6500000000000004,-14.26949678704432,1.0,-78.0,-61.25,0.9,1.0,0.9014,0.9026,-0.488,0.0,0.0,0.0,-0.6500000000000004,-0.6500000000000004,1.4210854715202004e-14
462,59,0.01,4,1,10,1.0,10,1,0,0,1,0,0,0,1,0,0,0,0.06854934606351823,0.020433199106025517,1,5.45,-5.472430904086409,6.0,-49.0,-21.5,0.4,1.0,0.9808,0.9782,-0.012000000000000009,0.0,0.0,0.0,5.45,5.45,0.0
460,28,0.2,-1,1,10,1.0,10,1,0,0,1,0,0,0,1,0,0,0,0.06958034027774253,0.0071478241648444485,1,5.199999999999998,-11.6,11.0,-18.0,-3.5,0.0,1.0,0.6015999999999999,0.6026,-0.006799999999999973,0.8063,0.7943,0.0,5.199999999999998,5.199999999999998,46.40000000000001
476,26,1.0,26,7,92,0.2,9,1,0,0,0,1,0,0,1,0,0,0,0.1082079862189089,0.008792593051363396,0,-0.4000000000000093,31.975255128608406,-14.0,63.0,24.500000000000004,0.39130434782608703,1.0,-0.5992,-0.5944,0.008799999999999975,0.0,0.0,0.0,-0.4000000000000093,-0.4000000000000093,-4.263256414560601e-14
456,97,0.1,5,1,19,1.0,19,1,0,0,1,0,0,0,1,0,0,0,0.1087150266858542,0.0151271647100489,0,4.799999999999999,-27.6,14.0,-78.0,-32.0,0.2631578947368421,1.0,0.7871999999999999,0.8016000000000001,0.002799999999999969,0.0,0.0,0.0,4.799999999999999,4.799999999999999,0.0
463,80,0.1,20,2,42,0.01,29,1,0,0,0,0,0,1,1,0,0,0,0.16228061835294,0.011315226757643482,0,3.1300000000000026,-16.709293895237533,9.0,-39.0,-24.5,0.6896551724137931,1.0,0.8036000000000001,0.8038000000000001,-0.3396,0.0,0.0,0.0,3.1300000000000026,3.1300000000000026,0.0
454,84,0.25,-9,3,22,0.01,16,3,0,-1,0,0,0,1,0,0,1,0,0.10978596905560024,0.010822342783247379,0,1.8099999999999987,-39.643510541331054,25.0,-60.0,-39.25,0.0,1.0,0.5025999999999999,0.4874000000000001,-0.5007999999999999,0.7445,0.7478,0.0,1.8099999999999987,1.8099999999999987,142.5
465,92,0.01,9,9,10,1.0,10,1,0,0,0,1,0,0,1,0,0,0,0.1874989228106772,0.0069950585578238455,0,0.16999999999999815,-8.259606528158594,1.0,-86.0,-73.7,0.9,1.0,0.9774,0.9764,-0.8011999999999999,0.0,0.0,0.0,0.16999999999999815,0.16999999999999815,0.0
472,32,0.95,9,1,53,0.1,27,1,0,0,1,0,0,0,1,0,0,0,0.15463139123229966,0.01194361405856248,0,-1.2499999999999964,2.7872662149282226,18.0,21.0,19.5,0.3333333333333333,1.0,-0.6940000000000001,-0.7078,1.0,0.0,0.0,0.0,-1.2499999999999964,-1.2499999999999964,0.0
452,27,0.95,-11,1,28,1.0,28,1,0,0,1,0,0,0,1,0,0,0,0.0067253269842562175,0.0006137224283869494,1,2.9000000000000017,-8.281907992727282,39.0,1.0,20.0,0.0,1.0,1.0,1.0,1.0,0.0505,0.0497,1.0,2.9000000000000017,2.9000000000000017,3.9000000000000057
458,-4,0.01,-5,3,-7,1.0,-7,1,0,0,0,1,0,0,1,0,0,0,0.027412325140717862,0.0026939042904704892,1,-2.0100000000000007,-0.12206555615733702,-2.0,-4.0,-3.0,0.7142857142857143,-1.0,-1.0,-1.0,-1.0,0.0,0.0,-1.0,-2.0100000000000007,-2.0100000000000007,-4.440892098500626e-16
457,43,0.2,-20,1,-3,1.0,-3,1,0,0,1,0,0,0,1,0,0,0,0.08497621877359042,0.010282400604567902,1,4.4,-25.2,17.0,-46.0,-14.5,0.15,1.0,0.5955999999999999,0.5928,-0.0007999999999999674,-0.1973,-0.20199999999999999,0.0,4.4,4.4,-25.2
470,40,0.6,-15,1,16,1.0,16,1,0,0,1,0,0,0,1,0,0,0,0.13207584026695462,0.0062831063155282035,0,-2.0,-26.944387170614963,31.0,-24.0,3.5,0.0,1.0,-0.20059999999999995,-0.19899999999999998,-0.01859999999999995,0.4062,0.3932,0.0,-2.0,-2.0,44.0
478,116,0.25,-31,9,6,1.0,6,4,0,0,0,1,0,0,0,0,1,0,0.1176623120241085,0.01122759204564618,0,0.24999999999998399,-59.074218914889244,34.0,-103.0,-92.8,0.0,1.0,0.494,0.5049999999999999,-0.8029999999999999,0.7516,0.7544,0.0,0.24999999999998399,0.24999999999998399,226.5
