SubjID,Technion,M,Age,MSE,MSE_var,good_bad
10100,0,1,28,0.16303775583872493,0.011188828460039942,0
10101,0,0,26,0.13836510577557337,0.009831312714291761,0
10102,0,1,27,0.14229764137157755,0.012399262524360867,0
10103,0,0,22,0.20662950052792367,0.02248205530357337,0
10104,0,1,28,0.0899303156388311,0.005063626296227687,1
10105,0,1,28,0.1318376170644218,0.006569658148700981,0
10106,0,1,28,0.2219217308415276,0.022433044284583495,0
10107,0,1,25,0.2746749392727021,0.030016227124280093,0
10108,0,0,24,0.17655015609134375,0.024246198624271378,0
10109,0,1,25,0.20514667013790708,0.01779075763633199,0
10110,0,1,27,0.18856671868725075,0.017115974242606646,0
10111,0,0,23,0.08167069025328616,0.002680531868166469,1
10112,0,0,23,0.062424245593874446,0.004376276752938054,1
10113,0,0,23,0.10628697534841489,0.006106408706126884,0
10114,0,0,24,0.09089935831444468,0.005128204682783308,1
10115,0,1,31,0.1457012140171634,0.008468254168936576,0
10116,0,1,31,0.19112915366111202,0.017794255260549233,0
10117,0,1,28,0.17921664934362613,0.013943065220135097,0
10118,0,1,27,0.16146821019893445,0.01737661319979663,0
10201,0,1,27,0.12829530002299133,0.010061391868891104,0
10202,0,0,23,0.12858362816439958,0.007779184598037814,0
10203,0,0,23,0.17079876862087132,0.028075182018066545,0
10204,0,0,27,0.15154582029964966,0.015095121254203944,0
10205,0,1,25,0.12503047173666945,0.011341156351292011,0
10206,0,1,32,0.18379954907313842,0.01986351010142703,0
10207,0,1,30,0.16209472772181335,0.018153131909123932,0
10267,0,1,25,0.16019132849009576,0.010624163796396946,0
10297,0,0,26,0.14450454388409503,0.006165248690639532,0
10298,0,1,26,0.1386902878913812,0.011862534826625307,0
10299,0,1,26,0.11115169961524594,0.004934405614841293,0
10310,0,0,25,0.2135493756687756,0.022311380908527755,0
10311,0,0,19,0.13340716268251337,0.006518903917012292,0
10313,0,0,24,0.07147731529807909,0.003866524993329419,1
10314,0,0,24,0.08207825182437808,0.004370275056289345,1
10316,0,1,27,0.18029408600408603,0.015977448839990332,0
10317,0,0,24,0.09847610125609849,0.004988070500203068,1
10320,0,0,25,0.117863458204675,0.008910585728208775,0
10321,0,1,24,0.1587410163175803,0.010043316084446223,0
10322,0,0,24,0.09998277833769056,0.004580734220204977,1
10323,0,1,22,0.2198817551089629,0.017542936239850454,0
10325,0,0,22,0.14113565730459937,0.007648163328777351,0
10330,0,0,24,0.1300035899972501,0.009259703140257263,0
10331,0,0,25,0.14931290321163443,0.009290375815875617,0
10340,0,1,29,0.1562436177527645,0.012472322098536999,0
10341,0,0,23,0.14963374954880196,0.008961956353014328,0
10342,0,1,25,0.12633987164900937,0.009757429933764388,0
10343,0,0,23,0.11962811308315016,0.005579191988166679,0
10344,0,0,25,0.12094401666121403,0.006559299658718847,0
10345,0,0,23,0.10289207423208808,0.0043546574833514635,0
10346,0,0,23,0.16569124174562402,0.005741724555942101,0
10347,0,1,35,0.11953706208862852,0.0047052707019955035,0
10348,0,1,29,0.17156186264098444,0.006212481948910136,0
10349,0,1,25,0.13930163024809436,0.007902316814313255,0
10350,0,0,27,0.14750922647808468,0.012745634175414378,0
10351,0,0,29,0.09931940686821854,0.003461714970677512,1
10352,0,0,25,0.09537386402885262,0.007860505378847167,1
10353,0,0,22,0.14347046478494138,0.013445466581041069,0
10354,0,0,23,0.09728593481109815,0.0036684922653364488,1
10355,0,1,25,0.1632870620963059,0.009991180303603426,0
10620,0,0,25,0.18063010751453762,0.01593383516052264,0
11001,1,1,27,0.15211163719395146,0.011964693938294331,0
11002,1,1,29,0.17644176206608878,0.014562415483453257,0
11003,1,0,26,0.14438964622694417,0.007742997560907397,0
11004,1,1,27,0.11126442941051753,0.005276062475910392,0
11005,1,0,24,0.18718144296453348,0.017418890701073508,0
11006,1,1,25,0.1552052029262178,0.008092112086403204,0
11007,1,0,27,0.13043933404335345,0.0073545081106862545,0
11008,1,0,25,0.16118855357237669,0.013348964248725297,0
11009,1,0,24,0.20352943115279357,0.024367557154658992,0
11010,1,1,24,0.14100775234918347,0.008684894169563152,0
11011,1,0,24,0.1501757197168186,0.01411968030686911,0
11012,1,1,24,0.18879868193431357,0.019537629246929877,0
11013,1,1,25,0.10875835936680818,0.006127451296126315,0
11014,1,0,25,0.0885840617373604,0.0064354953781731745,1
11015,1,1,28,0.13467537287583486,0.009613590701587923,0
11016,1,1,22,0.16832738467024141,0.014043126597766615,0
11017,1,0,21,0.1536334894243975,0.007129800812337228,0
11018,1,0,23,0.1556647936190579,0.01267187356492111,0
11019,1,1,29,0.16598173776054592,0.015546890231640393,0
11020,1,0,24,0.16904278532513908,0.012138393560689608,0
11021,1,1,25,0.15882556366295872,0.01621367351388903,0
11022,1,1,24,0.11555032950516891,0.012786850601465933,0
11023,1,0,27,0.10161519251273327,0.0049098905229297204,0
11024,1,0,24,0.1572993756692487,0.01176573517265442,0
11025,1,1,20,0.14531099549775092,0.00930812127553504,0
11026,1,1,25,0.16934412070750055,0.013854980417175942,0
11027,1,1,29,0.1835155567235747,0.016021528465355064,0
11028,1,0,25,0.18854070411794663,0.01335957463324193,0
11029,1,1,24,0.11572809571576552,0.011811473191815754,0
11030,1,1,33,0.11996847034654322,0.010171494333726232,0
11301,1,0,24,0.11768569196713216,0.005154662646836689,0
11302,1,0,22,0.16430163023362124,0.013238602618282228,0
11303,1,1,26,0.1743215747671301,0.014253627444159417,0
11304,1,1,26,0.13618204993426572,0.007835138745992681,0
11305,1,0,22,0.15342537291211447,0.009834296741834026,0
11306,1,0,27,0.12630518555087616,0.00908094495365538,0
11307,1,1,21,0.14397991675648908,0.010195414487579673,0
11308,1,0,25,0.17064268124272358,0.01276317516069451,0
11309,1,0,25,0.1574251127077531,0.010168185789495491,0
11310,1,1,22,0.10955830730957893,0.0073000671586387796,0
11311,1,1,27,0.0869408081833514,0.0035681523487645114,1
11312,1,0,26,0.12310105792489492,0.004969867324971588,0
11313,1,0,28,0.11848347207445367,0.005206679532579359,0
11314,1,1,33,0.20032096771647315,0.01602684230686929,0
11315,1,1,28,0.0803699618464419,0.0029577768750451445,1
11316,1,1,21,0.14197245923142565,0.009611154036897742,0
11317,1,1,29,0.14252526879200006,0.010836912987522282,0
11318,1,1,30,0.165951387456494,0.011715555769183424,0
11319,1,0,22,0.22477466182052583,0.020938516789680083,0
11320,1,0,25,0.1672109261387929,0.012291661021401579,0
11321,1,1,25,0.24333822404703576,0.022897616715259472,0
11322,1,1,27,0.16454660078423936,0.011544290028384158,0
11323,1,0,24,0.11731932014441347,0.004639243879547637,0
11324,1,0,26,0.14727943115623449,0.008329544943408729,0
11325,1,1,26,0.15925697189057234,0.010143212350596762,0
11326,1,1,26,0.1318419528275137,0.008719646127360621,0
11327,1,1,29,0.17059932363933122,0.011498274214343017,0
11328,1,0,25,0.15677691639324248,0.012837862020590077,0
11329,1,0,30,0.13663296912457787,0.009741183438731274,0
11330,1,0,25,0.10920711061681096,0.006297426580744737,0
11601,1,0,24,0.2076180541383004,0.01924353533368905,0
11602,1,1,23,0.14588114810841343,0.015803582115500737,0
11603,1,0,26,0.11910782172351787,0.008652204603228318,0
11604,1,1,27,0.14478203259698855,0.012551858492775254,0
11605,1,1,27,0.20384594172714884,0.017429148969312712,0
20101,0,0,25,0.12180208333333334,0.008462787034734198,0
20102,0,0,25,0.14876158333333336,0.013165567363785918,0
20103,0,1,28,0.16563658333333334,0.020276163472191105,0
20104,0,0,23,0.12158270833333334,0.015006544335030531,0
20105,0,0,21,0.14135683333333335,0.01303690331063937,0
20106,0,1,25,0.12940933333333338,0.009767668621307473,0
20107,0,0,24,0.11492383333333334,0.0037513203506393668,0
20108,0,0,24,0.19735820833333334,0.01848948204533226,0
20109,0,0,26,0.07065733333333334,0.0032718664581609194,1
20110,0,0,23,0.20053070833333336,0.029166363529168463,0
20111,0,1,28,0.21790183333333332,0.03057535706031609,0
20112,0,1,28,0.19784758333333335,0.017893784082104885,0
20113,0,0,25,0.11283133333333334,0.008799472128764366,0
20114,0,0,28,0.12726958333333335,0.009214751704346269,0
20115,0,0,27,0.07641508333333333,0.005423138509152299,1
20116,0,1,24,0.12792095833333336,0.009597629868392603,0
20117,0,0,25,0.08490658333333337,0.004911169914971264,1
20118,0,1,27,0.19559645833333336,0.02667007977209949,0
20119,0,0,28,0.16230208333333335,0.011948602605208337,0
20120,0,0,27,0.16193083333333333,0.01091765058990661,0
20401,0,1,27,0.1868653333333333,0.02090406143393678,0
20402,0,0,27,0.09637145833333333,0.005156001802271912,1
20403,0,0,31,0.13447183333333335,0.006298954298031611,0
20404,0,0,24,0.09672583333333333,0.00462974685563937,1
20405,0,0,21,0.16655795833333334,0.012722411015138288,0
20406,0,0,22,0.14319283333333332,0.009095851047298853,0
20407,0,0,22,0.09928070833333333,0.01009433515600036,1
20408,0,0,23,0.13395208333333333,0.0055021008185704035,0
20409,0,0,23,0.06867283333333334,0.003934845402363506,1
20410,0,0,24,0.10477858333333333,0.006498690132298851,0
20411,0,1,23,0.12610858333333333,0.010950534769152299,0
20412,0,1,26,0.12370895833333335,0.006180400946668465,0
20413,0,0,24,0.07238195833333333,0.002621411715483118,1
20414,0,0,27,0.18653795833333334,0.020716071774082256,0
20415,0,0,37,0.1409180833333333,0.0135720418529885,0
20416,0,0,25,0.07821395833333332,0.003080167159491738,1
20417,0,0,24,0.11013808333333334,0.003457643434992816,0
20418,0,0,28,0.11631433333333333,0.007841204507406609,0
20419,0,1,23,0.13449545833333332,0.00680581990748743,0
20420,0,1,24,0.10812995833333333,0.007451086855763291,0
21001,1,1,27,0.18944383333333334,0.019222979016803168,0
21002,1,1,28,0.1884785833333334,0.02048542318229886,0
21003,1,1,21,0.1393925833333334,0.01211019972563937,0
21004,1,1,31,0.19507670833333343,0.027231049409965888,0
21005,1,1,30,0.13934870833333335,0.011188087601345188,0
21006,1,0,26,0.24441583333333333,0.043777217371695404,0
21007,1,0,26,0.12452233333333335,0.00737606604576868,0
21008,1,0,25,0.08991170833333334,0.004987495760073634,1
21009,1,1,26,0.15021958333333338,0.01416470983010058,0
21010,1,1,28,0.12324658333333334,0.006875621635229887,0
21011,1,1,22,0.15866720833333334,0.019542747326151216,0
21012,1,1,23,0.1345764583333333,0.013525148692465879,0
21013,1,1,24,0.10768108333333332,0.008101652259454025,0
21014,1,1,25,0.09192658333333335,0.006203400432751437,1
21015,1,1,23,0.06257758333333334,0.002754514301393679,1
21016,1,1,28,0.18358145833333334,0.022267825595914156,0
21017,1,0,25,0.06919933333333335,0.002926527165272989,1
21018,1,1,23,0.17721620833333335,0.02132051632257363,0
21019,1,0,25,0.12176495833333335,0.006659264858888292,0
21020,1,1,27,0.06062683333333332,0.001432886242966954,1
21306,1,0,26,0.14004395833333336,0.013202471375332255,0
21307,1,1,28,0.13548433333333335,0.008002826376479885,0
21308,1,1,26,0.13943308333333335,0.010478017035854886,0
21309,1,0,26,0.15739145833333332,0.010865769072315016,0
21310,1,1,25,0.13189670833333333,0.008081699798435708,0
21311,1,1,26,0.11413408333333334,0.010441955124777302,0
21312,1,0,23,0.12097858333333336,0.00804709853542385,0
21313,1,0,24,0.13124195833333333,0.01047390210449174,0
21314,1,0,23,0.11680708333333337,0.009165930461458334,0
21315,1,0,24,0.13897070833333333,0.009627771402767603,0
21316,1,1,30,0.16125583333333335,0.01495216578441092,0
21317,1,1,24,0.10691158333333335,0.0070407041623850595,0
21318,1,1,22,0.09885208333333333,0.0074292817213721255,1
21319,1,1,29,0.13599733333333336,0.010273763382945408,0
21320,1,0,27,0.14972683333333334,0.00672457176279454,0
21321,1,0,24,0.15994970833333333,0.009991464117315014,0
21322,1,1,22,0.13509283333333333,0.00918573747176006,0
21323,1,1,30,0.14862320833333334,0.011834973163543464,0
21324,1,1,20,0.09189283333333334,0.004654730827902297,1
21325,1,1,21,0.11819758333333333,0.007505443160768678,0
21326,1,1,24,0.10401245833333334,0.006061731391000359,0
30101,0,0,24,0.11656311485505443,0.010376412049359279,0
30102,0,0,25,0.1001759974464259,0.010569685366368261,0
30103,0,1,24,0.07161988996511968,0.005245211957480029,1
30104,0,0,30,0.058288693049736044,0.003034176753068354,1
30105,0,1,26,0.11285088928561322,0.010673536358601505,0
30106,0,1,26,0.150465374143333,0.021588302992414734,0
30107,0,0,23,0.0638057576143037,0.0023840079069624063,1
30108,0,1,27,0.15913407038379618,0.01843017037653856,0
30109,0,0,24,0.07296668268865675,0.006960146828673162,1
30110,0,1,36,0.16592956257011846,0.030472584797892617,0
30111,0,0,26,0.12468489024854952,0.009723575675726131,0
30112,0,0,25,0.14946040698754343,0.01676099720209982,0
30113,0,0,28,0.12333126100304012,0.010331606810506846,0
30114,0,1,25,0.0993077605008847,0.008006678338767973,1
30115,0,0,21,0.0880411899766563,0.004280407566304985,1
30116,0,0,29,0.08905983015259307,0.0062246849227548,1
30117,0,0,30,0.08392561019201196,0.004726508709500366,1
30118,0,1,32,0.12345431823476154,0.01189743294922554,0
30119,0,1,32,0.13584891311115913,0.012576350997783266,0
30120,0,0,26,0.11627598141981134,0.012699617982661225,0
30401,0,1,22,0.15036282646257507,0.012827261683827489,0
30402,0,0,25,0.09037927680613107,0.006648640905613823,1
30403,0,0,25,0.10235684452555809,0.005199786180969633,0
30404,0,1,29,0.14762138548939074,0.00993930302551233,0
30405,0,1,31,0.10543327457830647,0.010007488406277892,0
30406,0,0,27,0.17478284463146335,0.007555094836884446,0
30407,0,1,28,0.12912178605497368,0.012716430003127867,0
30408,0,1,27,0.1270503231082596,0.004989156145997297,0
30409,0,1,32,0.08877269666222763,0.00847767627594823,1
30410,0,1,25,0.09437863587592929,0.01180335429697451,1
30411,0,0,28,0.16750879666397228,0.02163768119574129,0
30412,0,0,23,0.12416531539664369,0.014959891066197955,0
30413,0,1,24,0.12211436199863142,0.010154885755032126,0
30414,0,0,22,0.10230215244291022,0.013644938699187594,0
30415,0,1,27,0.04606501093454555,0.0012282177269886331,1
30416,0,1,29,0.10090066764263249,0.00912335457528065,0
30417,0,0,25,0.15071832507865532,0.01677585709434826,0
30418,0,0,25,0.10019650697619101,0.004273210234909719,0
30419,0,0,25,0.12538221438751654,0.009655248034494269,0
30420,0,0,22,0.18067591733036586,0.018265172080366297,0
31001,1,0,24,0.10430525024196852,0.010146902541430792,0
31002,1,1,25,0.08374786088641907,0.007276303049642441,1
31003,1,1,37,0.1262162687455421,0.016842145864480976,0
31004,1,0,27,0.08245576029383368,0.007184134087352181,1
31005,1,1,24,0.09415303101685074,0.0051033526944575715,1
31006,1,1,27,0.09282674785420114,0.005707144255518422,1
31007,1,1,19,0.07244710785953577,0.006625559454503048,1
31008,1,1,25,0.1092070287797434,0.009431752039101465,0
31009,1,0,26,0.09325061153557446,0.012283397643302434,1
31010,1,0,24,0.0665198525941471,0.002409520599612468,1
31011,1,1,25,0.11481296800282906,0.008801306532997707,0
31012,1,0,27,0.1333877690373722,0.012921011472688053,0
31013,1,1,26,0.13133681567443165,0.012094200596412155,0
31014,1,0,25,0.12485580303429664,0.01155122784334891,0
31015,1,1,26,0.14500983816299742,0.023158090760438097,0
31016,1,1,20,0.10199450942021432,0.011410548074542446,0
31017,1,0,25,0.09751659454312066,0.008523463020083792,1
31018,1,0,26,0.08927859847953896,0.004764936698135791,1
31019,1,1,24,0.20074791432528885,0.034056474448541915,0
31020,1,1,24,0.11924302728353407,0.009246851120324725,0
31301,1,0,26,0.1247600918535363,0.012204659890642684,0
31302,1,1,26,0.141817187421732,0.019927712692187304,0
31303,1,1,19,0.14624041018421155,0.01834385130065632,0
31304,1,1,37,0.0929976606022774,0.006711801843012528,1
31305,1,0,23,0.11224243977073378,0.005975142648737488,0
31306,1,1,22,0.10163217433947809,0.006710100561901122,0
31307,1,1,30,0.09189014581325729,0.008131445036867333,1
31308,1,1,27,0.07226252201654436,0.004654329120012227,1
31309,1,0,30,0.12067869464574099,0.008747500997619334,0
31310,1,1,22,0.09841217753985922,0.012908312314293608,1
31311,1,1,22,0.10948048923298276,0.014191185983350466,0
31312,1,1,25,0.15341191046949315,0.01731234193931567,0
31313,1,1,27,0.0942213961685572,0.00500378649215916,1
31314,1,0,24,0.10589132081651191,0.012204457161613617,0
31315,1,0,21,0.07926310955682149,0.00455143575518765,1
31316,1,1,25,0.13897319872546066,0.014571382468704248,0
31317,1,1,27,0.1056178603762346,0.017274083199458196,0
31318,1,0,24,0.1782421193273544,0.03187445799620215,0
31319,1,0,23,0.12307147359641211,0.010698427955796693,0
31320,1,0,25,0.10066138969903543,0.004544196867008585,0
40001,0,1,24,0.1043956631063851,0.005701246857075933,0
40002,0,1,27,0.10442300915100015,0.011556674709186395,0
40003,0,0,24,0.07929883033480958,0.006850096969026144,1
40004,0,0,25,0.05027784008343535,0.0020294267504531627,1
40005,0,1,25,0.10775239011345064,0.0061418847038554394,0
40006,0,0,24,0.11298232123244607,0.007721663419185797,0
40007,0,0,24,0.06068301020201891,0.0024264604000280143,1
40008,0,0,25,0.10855909844370495,0.015379929667798723,0
40009,0,0,24,0.05952080329355766,0.0028983905989239046,1
40010,0,0,23,0.09805138065141825,0.007690887894940076,1
40011,0,0,24,0.07692656089621577,0.003626763279230449,1
40012,0,0,24,0.08373572612270212,0.004533817994153588,1
40013,0,1,24,0.0791757731237464,0.004846146941434683,1
40014,0,0,22,0.10748576615598951,0.011262328054436912,0
40015,0,0,36,0.10741740107867967,0.018595883393854196,0
40016,0,1,27,0.16094728409133366,0.021134012546168635,0
40017,0,0,23,0.045492282227527645,0.0019471888401812556,1
40018,0,1,26,0.16501500831918434,0.022921422221653866,0
40019,0,0,23,0.1733008598991209,0.028397511492210342,0
40020,0,0,23,0.15227175130550571,0.018607750441181653,0
40301,0,1,24,0.062481012658531655,0.0032468166318583903,1
40302,0,0,25,0.1919782086002448,0.030698747005291075,0
40303,0,1,27,0.13363542168203857,0.007397952995283388,0
40304,0,1,24,0.1134677135172919,0.010530681591895005,0
40305,0,0,25,0.10321978313862051,0.0055017084586053405,0
40306,0,0,23,0.07584639215194572,0.005278075254848286,1
40307,0,1,25,0.1737110505767858,0.01801038329742944,0
40308,0,0,23,0.11447951717706223,0.010566374831797678,0
40309,0,1,29,0.13790824121361617,0.014613542355570995,0
40310,0,1,28,0.11261998613820777,0.0066212017075702,0
40311,0,1,28,0.16537050689077518,0.017695182591477038,0
40312,0,1,27,0.10827880148560723,0.007317171681129849,0
40313,0,0,26,0.075784863542296,0.002882230589120402,1
40314,0,0,23,0.10192768251822079,0.008005141159599754,0
40315,0,0,26,0.09209677935032587,0.005491513243519714,1
40316,0,0,24,0.1484159590077257,0.016627088954418546,0
40317,0,1,25,0.10519553490801731,0.007276345831659645,0
40318,0,0,21,0.09077733271072884,0.012164402388722375,1
40319,0,0,23,0.13319104843204785,0.015954033503655665,0
40320,0,0,25,0.08714030869510142,0.0082887869317681,1
41001,1,1,25,0.12954035144501586,0.01380625891067076,0
41002,1,1,20,0.0875710089304808,0.004969118051262567,1
41003,1,1,28,0.07855365059547083,0.0045281518155585,1
41004,1,1,27,0.12024953266446277,0.014287625684705697,0
41005,1,1,26,0.1437261122562914,0.01596712230698634,0
41006,1,1,26,0.14806046042270016,0.017965712288191066,0
41007,1,1,25,0.13699214867469062,0.014686175416406502,0
41008,1,0,24,0.06630262244147113,0.0028316622184086366,1
41009,1,0,26,0.1357957592347474,0.016375728545717994,0
41010,1,0,24,0.10953671955329296,0.006817319414662722,0
41011,1,1,31,0.1459069593399468,0.017270975899586802,0
41012,1,1,19,0.10608428135402402,0.006204618965238453,0
41013,1,1,26,0.11760380281597137,0.011447165704864325,0
41014,1,0,25,0.14010959783804092,0.01807635298725794,0
41015,1,0,23,0.0726810874359874,0.0031235213313030867,1
41016,1,0,26,0.08857597608103832,0.009883263338003389,1
41017,1,0,24,0.10321978316086526,0.00715153264381805,0
41018,1,0,25,0.07473204079524862,0.002975611815885615,1
41019,1,0,19,0.10771137104298371,0.009322183700090872,0
41020,1,0,19,0.07847161246226694,0.003370527783517465,1
41301,1,1,24,0.08910238743557461,0.003661187899700806,1
41302,1,1,20,0.08880841745094997,0.0040112574308583384,1
41303,1,1,26,0.15867072585912037,0.0221545044798262,0
41304,1,1,23,0.12504876356991848,0.01167075612620983,0
41305,1,1,24,0.14259125140966042,0.014386789723788788,0
41306,1,1,23,0.1355564813204499,0.01113294376488175,0
41307,1,0,25,0.07416461035809349,0.004187446387191599,1
41308,1,0,26,0.0638072958528099,0.004165551752058183,1
41309,1,1,27,0.10545532232541326,0.005183339220356095,0
41310,1,1,23,0.09095508197713187,0.006558159006884781,1
41311,1,0,18,0.09344357206022584,0.00802750142082853,1
41312,1,1,19,0.1234695294431196,0.011352353742190272,0
41313,1,0,23,0.06313731772865203,0.0023589488583778432,1
41314,1,0,24,0.1683648987904379,0.020443049518681203,0
41315,1,1,27,0.08563627624414162,0.004829057494856668,1
41316,1,0,25,0.07558660473313208,0.004519416059478917,1
41317,1,1,26,0.10740372804384896,0.005728665342308612,0
41318,1,1,19,0.13030604070561344,0.010824450951796362,0
41319,1,1,25,0.11225081451635996,0.013271655454466964,0
41320,1,0,19,0.10708924853590643,0.009928167592696945,0
50001,0,1,26,0.08703430004639641,0.008708695483139312,1
50002,0,0,27,0.09798639108512952,0.02468391681574274,1
50003,0,0,22,0.06655211236644983,0.0037091647000925764,1
50004,0,0,21,0.15181708060573074,0.024938316438560378,0
50005,0,0,22,0.1011790418323021,0.011854565180411112,0
50006,0,0,25,0.10534931368045503,0.013920835019964673,0
50007,0,0,23,0.07634199646813095,0.007515505801986094,1
50008,0,0,22,0.06601202798140343,0.004981463701861052,1
50009,0,0,20,0.09856065802268739,0.007804010398631703,1
50010,0,0,25,0.04371132831193847,0.0019038980023608663,1
50011,0,0,28,0.08420398440871955,0.005695243603834991,1
50012,0,1,25,0.11113300219090574,0.013306793178542744,0
50013,0,1,24,0.06242969609493864,0.004149245959952527,1
50014,0,0,21,0.09320766972445996,0.006740286377995073,1
50015,0,0,26,0.07468072424809444,0.004769068233098417,1
50016,0,0,26,0.3038747636523976,0.08986308576395198,0
50017,0,0,21,0.06633334400801025,0.0055494674265039,1
50018,0,0,22,0.05447199701693148,0.0020198009682933973,1
50019,0,0,23,0.13743306095288618,0.02489821081303803,0
50020,0,0,22,0.04877034662554123,0.004236779431229612,1
50301,0,0,23,0.15366293864199074,0.006581179338559988,0
50302,0,0,21,0.16275549856089047,0.017077746013775034,0
50303,0,0,21,0.06345517278336249,0.004701839305156178,1
50304,0,0,23,0.10719517170061378,0.006499402367821126,0
50305,0,1,23,0.23032757573746004,0.058343490896774514,0
50306,0,1,25,0.08488763553381788,0.004702114288926278,1
50307,0,0,24,0.08168814826666451,0.004356478924521242,1
50308,0,1,28,0.13707072587829344,0.01609720509630058,0
50309,0,0,23,0.07704615714274123,0.0037148780683694525,1
50310,0,0,21,0.08487396250894494,0.00452386628471843,1
50311,0,1,25,0.1094307108892968,0.008657479347639725,0
50312,0,0,26,0.15299296052184974,0.031476273237507915,0
50313,0,0,25,0.06076842385927339,0.003729464070823021,1
50314,0,1,25,0.08775213373180366,0.0062282299518656645,1
50316,0,0,25,0.1031479570501569,0.010625613103514793,0
50317,0,1,28,0.11558357101919865,0.016185696308550768,0
50318,0,1,26,0.09455446242740626,0.005015235087394102,1
50319,0,0,23,0.0605975110853406,0.0015103874348120722,1
50320,0,1,23,0.13218945681293343,0.009577053421413847,0
50515,0,0,23,0.053856711022003734,0.002924878341032347,1
51021,1,0,25,0.10424179887131677,0.01146061252132015,0
51022,1,1,25,0.10506901672721806,0.0102742981909218,0
51023,1,0,24,0.09514923893628201,0.009037158773818168,1
51024,1,0,25,0.06156145915574341,0.004033445986270317,1
51025,1,0,25,0.11187134539196836,0.00988769773563305,0
51026,1,0,26,0.10984773808680745,0.01107168686001852,0
51027,1,0,24,0.154175676977325,0.02278133478186454,0
51028,1,0,26,0.05872430700011111,0.002743677794742466,1
51029,1,0,23,0.09890248359921121,0.017517505561466445,1
51030,1,1,26,0.09980490308136516,0.008796753764422622,1
51031,1,0,26,0.12677493991886213,0.01869483736533535,0
51032,1,1,24,0.07473541631484355,0.005592133011864011,1
51033,1,1,25,0.0716248037224445,0.009155599630555093,1
51034,1,1,21,0.10933499976659551,0.011971275916528417,0
51035,1,0,26,0.06216307214254084,0.0024974926112007086,1
51036,1,1,29,0.13475998504145062,0.0178434960489844,0
51037,1,1,27,0.15006693369959817,0.027764025350829547,0
51038,1,0,22,0.07550110561918796,0.005400759165142937,1
51039,1,1,30,0.09056193985291373,0.009143579399276654,1
51321,1,1,28,0.11743626556659555,0.012058233317200658,0
51322,1,1,23,0.07593864232472532,0.004211051088267345,1
51323,1,1,27,0.08276831703348311,0.008076625005012947,1
51324,1,1,19,0.12058106075434154,0.012802709152702145,0
51325,1,1,25,0.10773525608518765,0.018089082624322052,0
51326,1,1,24,0.09756936388944164,0.00889329253249583,1
51327,1,1,24,0.10477504674694779,0.00929632448509974,0
51328,1,0,24,0.07917231214725931,0.007604891535958333,1
51329,1,0,24,0.0662854884470647,0.0038902190338813425,1
51330,1,0,26,0.09792486245249243,0.010270249886947056,1
51331,1,1,23,0.12239273621854573,0.005283770814151926,0
51332,1,1,23,0.06374914275478888,0.0014121139604036863,1
51333,1,0,21,0.09633195535530162,0.009441160132950013,1
51334,1,1,25,0.09658490625693618,0.008090090559974816,1
51335,1,0,23,0.05753475402181958,0.0018527507118832735,1
51336,1,1,27,0.10044069861712973,0.010127310548901165,0
51337,1,1,34,0.11778492760193558,0.012472082286798324,0
51338,1,1,24,0.09850596592856274,0.006714542687743174,1
51339,1,1,32,0.11745677507266443,0.014610856168817979,0
51340,1,0,30,0.08682920472022217,0.00640657022616056,1
51626,1,1,26,0.08470988623230934,0.005644343622956217,1
60001,0,0,29,0.06778709054230643,0.005301232894992739,1
60002,0,1,31,0.09553229293869908,0.01233711863335096,1
60003,0,0,24,0.07523483354195028,0.0064546045331586215,1
60004,0,0,23,0.05964629531656743,0.0031302866021464693,1
60005,0,0,24,0.06221801166686158,0.0036695383146174935,1
60006,0,1,37,0.10695181286218679,0.016692223829231728,0
60007,0,1,25,0.06600479881875475,0.0065029315627219125,1
60008,0,0,27,0.0745965591738269,0.004831720403316669,1
60009,0,0,26,0.08298382347935902,0.002704500966487548,1
60010,0,0,21,0.06384153473263375,0.004127680319780036,1
60011,0,0,26,0.09022176709415479,0.008472251974552003,1
60012,0,0,24,0.07893976927938189,0.004651733997221852,1
60013,0,1,25,0.11620261569054927,0.019495474854779274,0
60014,0,0,24,0.08206077149705691,0.007215901673135254,1
60015,0,0,22,0.08060741169360086,0.0067058005364873,1
60016,0,0,25,0.07397267926033911,0.007378176293406986,1
60017,0,1,27,0.07846482904866234,0.007396547494109525,1
60018,0,0,27,0.09269233970958829,0.010171354240777246,1
60019,0,0,24,0.06449875617275691,0.006208373049693489,1
60020,0,0,24,0.057015994387944156,0.0037329962127606252,1
60021,0,0,24,0.058683801947694375,0.0017221743078090182,1
60022,0,0,22,0.05788063906092556,0.005653579559051637,1
60023,0,0,24,0.11061103990553482,0.013365716159442294,0
60024,0,0,24,0.1022047333652296,0.008106210498346388,0
60025,0,1,24,0.09867912864423116,0.0077157163189284905,1
60026,0,1,25,0.08697077591015473,0.008657667544639442,1
60027,0,0,22,0.07493823028782447,0.003284220260304986,1
60028,0,0,24,0.06843318907071469,0.004591296724258276,1
60029,0,0,22,0.0795796143541813,0.0030905413416562194,1
60030,0,0,22,0.1331355506446194,0.011687832662139915,0
60031,0,0,23,0.12267033505426544,0.027343430685530804,0
60032,0,0,23,0.08378416793666978,0.012724387062199909,1
60033,0,0,25,0.09372707757940855,0.012898433235235042,1
60034,0,1,28,0.08262495462228277,0.008061397897068086,1
60035,0,0,24,0.07969939758906976,0.009930854523119356,1
60036,0,0,23,0.05017895284132725,0.001983911075597597,1
60037,0,0,23,0.07000742159187784,0.0027864720334196276,1
60038,0,0,26,0.05862212440549361,0.0048181940720925485,1
60039,0,1,25,0.11400338046099943,0.020204237779130337,0
60040,0,0,22,0.08545742465530046,0.006759447149174519,1
60041,0,0,23,0.06572622673507743,0.005334091666823135,1
60042,0,0,24,0.035916777621079816,0.0007304275948795513,1
60043,0,0,24,0.08028462803799415,0.004648621280701725,1
60044,0,0,25,0.08782943084176437,0.010102391339392428,1
60045,0,1,25,0.0891951233371895,0.009526054041205198,1
60046,0,0,22,0.13011152249337443,0.02618192193064728,0
60047,0,0,27,0.06988172028213681,0.001972460733624081,1
60048,0,0,27,0.07031292511660649,0.005919230595830497,1
60049,0,1,24,0.11669520586171048,0.01995889255315316,0
60050,0,0,23,0.0726422675392998,0.0025273985964895255,1
60051,0,0,22,0.06984880346246523,0.005036943459424455,1
60052,0,0,24,0.08536132750979204,0.00821331511242382,1
60053,0,0,22,0.09640182468194915,0.0049157687953696825,1
60054,0,0,22,0.09534451600291784,0.00787531945301688,1
60055,0,0,22,0.08601567467222694,0.008907486030987864,1
60056,0,1,26,0.11417032648655485,0.01430217516133965,0
60057,0,0,29,0.07296227041647518,0.004673857181081281,1
60058,0,0,25,0.07370041078070332,0.004874170240346734,1
60059,0,0,25,0.09762975446950946,0.016309262174802105,1
60060,0,0,24,0.06857157966752109,0.0034914007306306124,1
61001,1,0,22,0.057520356905778024,0.002348062291118649,1
61003,1,0,27,0.10979711654806683,0.01803525184763748,0
61005,1,0,21,0.11723156258118626,0.021280852525591146,0
61006,1,1,23,0.08273762080083731,0.006491986953500257,1
61007,1,1,23,0.05107359349684601,0.002398542927626762,1
61008,1,1,28,0.10388082966202411,0.011074319983834733,0
61009,1,1,23,0.13289507953340857,0.02124899885983822,0
61010,1,0,21,0.10943937782144895,0.015305158830393685,0
61011,1,1,21,0.11039378539322856,0.02433264311302669,0
61012,1,1,20,0.10220502616913614,0.012006012274261612,0
61013,1,1,26,0.05139724725288487,0.0028136574112127446,1
61014,1,1,21,0.08896698066089728,0.019615416526593685,1
61015,1,1,25,0.09159981597918007,0.010200575902913657,1
61016,1,1,24,0.11845338430374412,0.016074388490694584,0
61017,1,0,19,0.1348751026727369,0.03811025233855666,0
61018,1,0,24,0.10422341568229627,0.008007056488044319,0
61019,1,1,26,0.15564841674994248,0.03176589313459519,0
61020,1,1,24,0.1229081755465238,0.018566485419520523,0
61021,1,0,19,0.06955648964717809,0.0050860791818332345,1
61022,1,1,27,0.11511783144307647,0.02247479515596239,0
61023,1,1,25,0.08260539630290607,0.005972728500583138,1
61024,1,1,24,0.06923788278325035,0.004525343047125519,1
61025,1,1,23,0.10384957014860322,0.0075118932383199,0
61026,1,1,33,0.05537613929116091,0.004004032407163514,1
61027,1,1,26,0.08745989400193538,0.014687325558943427,1
61028,1,1,24,0.08957041881122264,0.010599786502361616,1
61029,1,0,21,0.09975584361582814,0.009070915104126678,1
61030,1,1,35,0.09793305936910501,0.00978525268710091,1
61031,1,0,25,0.08918281003623459,0.006878208074395956,1
61032,1,1,28,0.10482473018607905,0.011323989011150296,0
61033,1,0,24,0.08021185671079666,0.005445489301369181,1
61034,1,1,27,0.07320719882406983,0.006866112210336929,1
61035,1,1,27,0.13027502572909055,0.02860665114530109,0
61036,1,0,30,0.0866472231543291,0.008675993257931482,1
61037,1,1,21,0.09917643230090807,0.008515776318993614,1
61038,1,0,24,0.14214042013640898,0.016822992073242372,0
61039,1,0,23,0.08297269475382264,0.005352611186604972,1
61040,1,1,23,0.15456478036705398,0.042486590341251886,0
61072,1,1,25,0.0914176673392697,0.010117669875088869,1
61073,1,1,27,0.07248385376926057,0.00610552981155778,1
61074,1,1,27,0.1269870426225135,0.02456059037798706,0
61075,1,1,30,0.08029971794132873,0.0076744425630776965,1
61076,1,1,19,0.09288025217032646,0.009543064246327818,1
61077,1,1,26,0.08748265011510495,0.008733208130167158,1
61080,1,0,26,0.09131343477270268,0.009535370670647513,1
61081,1,0,26,0.1152595515526822,0.013880857418726982,0
61082,1,0,26,0.09421377592625367,0.018541321044891545,1
61083,1,0,24,0.10907146534976357,0.017950428416577353,0
61085,1,0,22,0.062347598505811265,0.0029822387506845092,1
61110,1,1,24,0.09440321498052888,0.015813016214584225,1
61111,1,0,21,0.07660721895943799,0.007159340630883443,1
61112,1,0,25,0.138334382180754,0.022533299090037567,0
61113,1,0,23,0.08330882109480209,0.008920768671656198,1
61114,1,0,27,0.04594484147166869,0.002093221524352409,1
61115,1,1,26,0.08822561191851387,0.008050203432849578,1
61116,1,0,27,0.07611053623255666,0.0033202962757794383,1
61117,1,0,29,0.10745975517354232,0.011735694236702628,0
61118,1,0,22,0.10545914784139263,0.00931603708189545,0
61119,1,0,32,0.07371934605132925,0.006483972262490143,1
61120,1,1,24,0.12991564431648203,0.028427433874999443,0
70061,0,1,27,0.15198438030081102,0.01697114427642203,0
70062,0,1,25,0.11929390027997407,0.012516078748609357,0
70063,0,0,23,0.08549729184266584,0.005884822839463257,1
70064,0,0,24,0.0962486700556822,0.006358875659708506,1
70065,0,1,23,0.08019761420051734,0.006117250586354365,1
70066,0,1,25,0.12957768030054567,0.006684642571788001,0
70067,0,1,25,0.1364541004218533,0.010694832783530716,0
70068,0,1,25,0.07052231329469211,0.003443187915817456,1
70069,0,0,23,0.08690381736362861,0.005138134271677661,1
70070,0,0,23,0.058619009130183614,0.0020011387066049863,1
70071,0,0,24,0.11854700788729439,0.0070356912421691365,0
70072,0,0,23,0.056117457806967155,0.0026789961873151607,1
70073,0,0,24,0.08135460760304646,0.004834736580535861,1
70074,0,1,28,0.11631665208130808,0.011081706867466507,0
70075,0,0,28,0.06919359363665276,0.002416782236518522,1
70076,0,1,22,0.1801622530721477,0.021111284282087084,0
70077,0,1,29,0.10034195444297435,0.0062101669052434276,0
70078,0,0,26,0.06803280104899931,0.00230287586386157,1
70079,0,1,23,0.1286844499309659,0.00972961821559712,0
70080,0,0,25,0.11634829208222654,0.012418352883772042,0
70081,0,1,27,0.09233459636477098,0.005831057440553406,1
70082,0,0,24,0.08666929253649254,0.003344724580432118,1
70083,0,1,24,0.13404860096494692,0.012253938790851402,0
70084,0,0,27,0.12108018764969185,0.017063505097070674,0
70085,0,0,25,0.15628682624106766,0.014625039291390305,0
70086,0,0,25,0.07940771687798726,0.005682978601728532,1
70087,0,0,26,0.19252490522760066,0.01860743322376056,0
70088,0,1,25,0.11562170999333476,0.009181055807386023,0
70089,0,1,26,0.15671932547986325,0.019211786026981422,0
70090,0,0,24,0.07815019631137567,0.003465426782137968,1
70091,0,0,23,0.07793660750148891,0.005435499239174933,1
70092,0,0,23,0.04633390418121435,0.0019141366186460616,1
70093,0,1,26,0.10797531882752745,0.00849079688137364,0
70094,0,0,23,0.07274306749102816,0.003116491016219168,1
70095,0,0,23,0.07163682122419311,0.0036277853149309894,1
70096,0,0,21,0.06027555053582674,0.002389273219905684,1
70097,0,1,31,0.10723928156585931,0.005585227840441579,0
70098,0,1,27,0.11187888978865225,0.0101810161444636,0
70099,0,0,20,0.08598880098465957,0.006707204768092438,1
70100,0,0,21,0.09984392006814445,0.006267165200771734,1
70101,0,1,26,0.08829557580955501,0.0049707861209100195,1
70102,0,0,21,0.11345267295964137,0.00786237590427547,0
70103,0,0,22,0.09151788161736893,0.004248675458935953,1
70104,0,0,26,0.07946466514233662,0.0062751679519043,1
70105,0,1,26,0.09483756899803004,0.008501054432963428,1
70106,0,1,27,0.07488209513857837,0.003500529109967544,1
70107,0,0,24,0.14350467508210576,0.015080376527433237,0
70108,0,0,24,0.08136682091994009,0.005008956517513699,1
70109,0,1,35,0.1124217909357028,0.007585000717091937,0
70110,0,0,20,0.13485062985235016,0.0202775212787081,0
70111,0,0,22,0.19777758104224571,0.037802330154576534,0
70112,0,0,23,0.1101881113632676,0.0126638790441154,0
70113,0,0,23,0.15305591373979172,0.01428558280674251,0
70114,0,1,28,0.11060399046879509,0.007060801706529172,0
70115,0,1,26,0.07737344272402873,0.0038860120205811053,1
70116,0,1,28,0.17332788080482064,0.018917394073751016,0
70117,0,0,22,0.21320113398122975,0.037030439805568756,0
70118,0,0,28,0.15029656954956935,0.014112169562084808,0
70119,0,1,23,0.11384756316089847,0.0068250019356777495,0
70120,0,0,23,0.08751530862308779,0.005196626266249257,1
71002,1,0,18,0.09250351909850366,0.006340999207175178,1
71004,1,0,21,0.06687055202545758,0.0036072823397876766,1
71041,1,0,28,0.043698799744668684,0.0017533798674387482,1
71042,1,1,19,0.09160022632870021,0.004297907304546231,1
71043,1,1,23,0.11115070191928857,0.007501504001774645,0
71044,1,1,30,0.1623335606905254,0.014070428454036232,0
71045,1,0,28,0.19332123279880975,0.02337150138777257,0
71046,1,0,26,0.15147196166517807,0.013102352124166062,0
71047,1,0,23,0.10133072506936533,0.00859794179727488,0
71048,1,0,21,0.10873351095184366,0.008542731386533432,0
71049,1,0,25,0.13661662829370064,0.009642047708082064,0
71050,1,0,27,0.11520687331353521,0.006179573504672623,0
71051,1,1,22,0.13629303441994092,0.012371845714537857,0
71052,1,0,19,0.05799118075134471,0.0017378758991418062,1
71053,1,1,26,0.144909651095092,0.01045385273579651,0
71054,1,0,20,0.079689752145657,0.009134844438040707,1
71055,1,1,27,0.08369523461329396,0.003988451377969999,1
71056,1,1,25,0.13019749434315758,0.011428094217546444,0
71057,1,1,21,0.0982600563114891,0.007114660205948218,1
71058,1,0,23,0.0775705161266127,0.005952203228717773,1
71059,1,0,25,0.04950503122813062,0.0013121935817599125,1
71060,1,1,24,0.08573697436975782,0.00305393786987824,1
71061,1,1,27,0.1515079808478683,0.014387246633605584,0
71062,1,1,23,0.08284276021505725,0.004083131791318328,1
71063,1,1,24,0.10252154651736428,0.008732035635362808,0
71064,1,0,18,0.0858179213586448,0.0023930557368335246,1
71065,1,1,28,0.158107912107811,0.015498865490013215,0
71066,1,0,21,0.16100050031911367,0.015431817714067712,0
71067,1,1,25,0.12013301840370097,0.011745449939779913,0
71068,1,1,20,0.08326057074186569,0.004518109022760091,1
71069,1,1,19,0.17895744280118878,0.017501316585129816,0
71070,1,1,20,0.15547701564779842,0.013537680901400473,0
71071,1,0,23,0.11915904954531871,0.008628622596507688,0
71078,1,1,26,0.059254880151473094,0.005079658919543218,1
71079,1,1,26,0.10016363882242972,0.008758147731463706,0
71084,1,1,26,0.15243257058530926,0.012786474117982376,0
71086,1,0,25,0.09774180766813158,0.006488404063829471,1
71087,1,1,25,0.10877554349953375,0.0063558508900789104,0
71088,1,1,23,0.05962560414942012,0.0030379238843473524,1
71089,1,1,26,0.11906637343552147,0.008704884455300748,0
71090,1,1,28,0.10187683538000959,0.008396177049681345,0
71091,1,1,20,0.12564567588325956,0.0136523564027981,0
71092,1,0,25,0.11712501073459254,0.009465425507390785,0
71093,1,0,24,0.0859708800748563,0.003665332040237334,1
71094,1,0,24,0.14763608162210715,0.018123618355891172,0
71095,1,0,25,0.09837951188255074,0.009976693255998618,1
71096,1,1,23,0.11401382359991333,0.007792781143298361,0
71097,1,0,19,0.07499712899483793,0.0029792986927618635,1
71098,1,1,23,0.09899916917999586,0.006608392784488844,1
71099,1,0,24,0.15471061830113933,0.02114009113710286,0
71100,1,0,25,0.09286263868460225,0.006983880268346126,1
71101,1,0,25,0.08599227841481968,0.006524188442806401,1
71102,1,1,32,0.11057726607479838,0.006986610528693887,0
71103,1,0,25,0.12190122946880774,0.008191236071252337,0
71104,1,0,24,0.07924413259981987,0.003122334652550408,1
71105,1,1,25,0.1149312702545092,0.01022214824514761,0
71106,1,0,22,0.06554409605351368,0.004205578902107195,1
71107,1,0,22,0.10488363777061206,0.0065037169714972295,0
71108,1,0,23,0.18962933944198038,0.022330749623374457,0
71109,1,1,24,0.108710256070886,0.0061263306429478045,0
