,GameID,Ha,pHa,La,lot_shape__A,lot_shape_symm_A,lot_shape_L_A,lot_shape_R_A,LotNumA,Hb,pHb,Lb,lot_shape__B,lot_shape_symm_B,lot_shape_L_B,lot_shape_R_B,LotNumB,Amb,Corr,diffEV,diffSDs,diffMins,diffMaxs,diffUV,RatioMin,SignMax,pBbet_Unbiased1,pBbet_UnbiasedFB,pBbet_Uniform,pBbet_Sign1,pBbet_SignFB,Dom,diffBEV0,diffBEVfb,diffSignEV,B.1,B.2,B.3,B.4,B.5,BEASTpred.1,BEASTpred.2,BEASTpred.3,BEASTpred.4,BEASTpred.5
0,1,3.0,1.0,3.0,1.0,0.0,0.0,0.0,1.0,4.0,0.8,0.0,1.0,0.0,0.0,0.0,1.0,0.0,0.0,0.2,1.6,-3.0,1.0,-1.0,0.0,1.0,0.597,0.5936,-0.0006,-0.2015,-0.2032,0.0,0.2,0.2,-0.8,0.4224,0.5712,0.568,0.5952,0.6496,0.44503000000000004,0.48963,0.51135,0.51613,0.52383
5,2,3.0,0.25,0.0,1.0,0.0,0.0,0.0,1.0,4.0,0.2,0.0,1.0,1.0,0.0,0.0,1.0,0.0,0.0,0.05,0.300961894,0.0,1.0,0.5,1.0,1.0,0.1477,-0.0077,0.4997,-0.0514,-0.0567,0.0,0.05,0.05,-0.2,0.6128,0.616,0.6208,0.6384,0.616,0.55345,0.53069,0.52555,0.51985,0.5191600000000001
10,3,-1.0,1.0,-1.0,1.0,0.0,0.0,0.0,1.0,0.0,0.5,-2.0,1.0,0.0,0.0,0.0,1.0,0.0,0.0,0.0,1.0,-1.0,1.0,0.0,0.5,0.0,0.0026,0.0054,0.0026,0.5013,0.5027,0.0,0.0,0.0,1.0,0.5792,0.6032,0.5984,0.5776,0.5632,0.522,0.51599,0.51103,0.5141899999999999,0.50979
15,4,1.0,1.0,1.0,1.0,0.0,0.0,0.0,1.0,2.0,0.5,0.0,1.0,0.0,0.0,0.0,1.0,0.0,0.0,0.0,1.0,-1.0,1.0,0.0,0.0,1.0,0.008,-0.019,0.008,-0.496,-0.5095,0.0,0.0,0.0,-1.0,0.3536,0.5072,0.536,0.496,0.5392,0.44673,0.4624,0.47363,0.47431999999999996,0.47931
20,5,-3.0,1.0,-3.0,1.0,0.0,0.0,0.0,1.0,0.0,0.2,-4.0,1.0,0.0,0.0,0.0,1.0,0.0,0.0,-0.2,1.6,-1.0,3.0,1.0,0.75,0.0,-0.6044,-0.6046,0.0092,0.1978,0.1977,0.0,-0.2,-0.2,0.8,0.4928,0.46399999999999997,0.41600000000000004,0.3824,0.3568,0.50679,0.47563999999999995,0.46468999999999994,0.46116999999999997,0.45883999999999997
25,6,0.0,0.75,-3.0,1.0,0.0,0.0,0.0,1.0,0.0,0.8,-4.0,1.0,0.0,0.0,0.0,1.0,0.0,0.0,-0.05,0.300961894,-1.0,0.0,-0.5,0.75,0.0,-0.1507,-0.017,-0.4954,0.0499,0.0375,0.0,-0.05,-0.05,0.2,0.3824,0.4016,0.3968,0.424,0.4064,0.4498,0.46673000000000003,0.47471,0.48012,0.47878999999999994
30,7,-1.0,1.0,-1.0,1.0,0.0,0.0,0.0,1.0,0.0,0.95,-20.0,1.0,0.0,0.0,0.0,1.0,0.0,0.0,0.0,4.358898944,-19.0,1.0,-9.0,0.05,0.0,0.9042,0.9012,-0.0078,0.9521,0.9506,0.0,0.0,0.0,19.0,0.4784,0.6288,0.6192,0.6224,0.6384,0.56076,0.57904,0.585,0.58145,0.58741
35,8,1.0,1.0,1.0,1.0,0.0,0.0,0.0,1.0,20.0,0.05,0.0,1.0,0.0,0.0,0.0,1.0,0.0,0.0,0.0,4.358898944,-1.0,19.0,9.0,0.0,1.0,-0.907,-0.8956,-0.0006,-0.9535,-0.9478,0.0,0.0,0.0,-19.0,0.3872,0.3824,0.32799999999999996,0.336,0.2896,0.35935,0.36029,0.36923,0.37073,0.37356
40,9,1.0,1.0,1.0,1.0,0.0,0.0,0.0,1.0,100.0,0.01,0.0,1.0,0.0,0.0,0.0,1.0,0.0,0.0,0.0,9.949874371,-1.0,99.0,49.0,0.0,1.0,-0.9802,-0.9828,0.0064,-0.9901,-0.9914,0.0,0.0,0.0,-99.0,0.4656,0.3984,0.3888,0.3904,0.3856,0.33177,0.3344,0.34143,0.33713000000000004,0.34119
45,10,2.0,1.0,2.0,1.0,0.0,0.0,0.0,1.0,101.0,0.01,1.0,1.0,0.0,0.0,0.0,1.0,0.0,0.0,0.0,9.949874371,-1.0,99.0,49.0,0.5,1.0,-0.9834,-0.981,-0.0018,0.0,0.0,0.0,0.0,0.0,0.0,0.5456,0.4544,0.4336,0.424,0.41600000000000004,0.55287,0.49615,0.45206999999999997,0.44078999999999996,0.43212
50,11,19.0,1.0,19.0,1.0,0.0,0.0,0.0,1.0,20.0,0.9,-20.0,1.0,0.0,0.0,0.0,1.0,0.0,0.0,-3.0,12.0,-39.0,1.0,-19.0,0.0,1.0,0.8076,0.8064,0.0218,-0.0962,-0.0968,0.0,-3.0,-3.0,-8.0,0.1328,0.2192,0.20800000000000002,0.1968,0.2064,0.10897000000000001,0.13591,0.14959,0.155,0.15665
55,12,0.0,1.0,0.0,1.0,0.0,0.0,0.0,1.0,50.0,0.5,-50.0,1.0,0.0,0.0,0.0,1.0,0.0,0.0,0.0,50.0,-50.0,50.0,0.0,0.0,1.0,0.0116,-0.0006,0.0116,0.0116,-0.0006,0.0,0.0,0.0,0.0,0.3376,0.4128,0.4304,0.4352,0.3808,0.4118,0.44751,0.45773,0.45768000000000003,0.46673000000000003
60,13,0.0,1.0,0.0,1.0,0.0,0.0,0.0,1.0,50.0,0.5,-50.0,1.0,0.0,0.0,0.0,1.0,0.0,0.0,0.0,50.0,-50.0,50.0,0.0,0.0,1.0,0.0138,0.0054,0.0138,0.0138,0.0054,0.0,0.0,0.0,0.0,0.3616,0.3696,0.4,0.3712,0.36,0.41431,0.44303000000000003,0.45948999999999995,0.45912,0.45866999999999997
65,14,0.0,1.0,0.0,1.0,0.0,0.0,0.0,1.0,1.0,0.5,-1.0,1.0,0.0,0.0,0.0,1.0,0.0,0.0,0.0,1.0,-1.0,1.0,0.0,0.0,1.0,-0.006,-0.0034,-0.006,-0.006,-0.0034,0.0,0.0,0.0,0.0,0.4912,0.4512,0.4208,0.4064,0.376,0.47284,0.48211000000000004,0.48318999999999995,0.49148000000000003,0.48788000000000004
70,15,7.0,1.0,7.0,1.0,0.0,0.0,0.0,1.0,50.0,0.5,1.0,1.0,0.0,0.0,0.0,1.0,0.0,0.0,18.5,24.5,-6.0,43.0,18.5,0.14285714300000002,1.0,-0.0056,0.0138,-0.0056,0.0,0.0,0.0,18.5,18.5,0.0,0.7824,0.8432,0.8784,0.8288,0.8464,0.9980899999999999,0.99808,0.9980399999999999,0.99841,0.9982
75,16,7.0,1.0,7.0,1.0,0.0,0.0,0.0,1.0,50.0,0.5,-1.0,1.0,0.0,0.0,0.0,1.0,0.0,0.0,17.5,25.5,-8.0,43.0,17.5,0.0,1.0,0.0004,0.013999999999999999,0.0004,-0.4998,-0.493,0.0,17.5,17.5,-51.0,0.7072,0.7904,0.8128,0.8320000000000001,0.8304,0.84601,0.89036,0.92119,0.93219,0.93704
80,17,30.0,1.0,30.0,1.0,0.0,0.0,0.0,1.0,50.0,0.5,1.0,1.0,0.0,0.0,0.0,1.0,0.0,0.0,-4.5,24.5,-29.0,20.0,-4.5,0.033333333,1.0,0.019,-0.009000000000000001,0.019,0.0,0.0,0.0,-4.5,-4.5,0.0,0.2384,0.3296,0.3248,0.304,0.2896,0.25406999999999996,0.31821,0.31443000000000004,0.31289,0.31511999999999996
85,18,30.0,1.0,30.0,1.0,0.0,0.0,0.0,1.0,50.0,0.5,-1.0,1.0,0.0,0.0,0.0,1.0,0.0,0.0,-5.5,25.5,-31.0,20.0,-5.5,0.0,1.0,-0.0006,0.0016,-0.0006,-0.5003,-0.4992,0.0,-5.5,-5.5,-51.0,0.23199999999999998,0.32799999999999996,0.4032,0.3328,0.3328,0.20199999999999999,0.27776,0.27473000000000003,0.27810999999999997,0.2786
90,19,9.0,1.0,9.0,1.0,0.0,0.0,0.0,1.0,9.0,1.0,9.0,0.0,0.0,0.0,1.0,8.0,0.0,0.0,0.0,26.17250466,-7.0,247.0,54.75,0.222222222,1.0,-0.7476,-0.7436,0.2554,0.0,0.0,0.0,0.0,0.0,0.0,0.3648,0.3872,0.3568,0.3088,0.2976,0.42572,0.36761,0.33313000000000004,0.32611999999999997,0.31895999999999997
95,20,9.0,1.0,9.0,1.0,0.0,0.0,0.0,1.0,9.0,1.0,9.0,0.0,0.0,0.0,1.0,8.0,0.0,0.0,0.0,26.17250466,-7.0,247.0,54.75,0.222222222,1.0,-0.7494,-0.7504,0.2376,0.0,0.0,0.0,0.0,0.0,0.0,0.376,0.376,0.392,0.3632,0.3616,0.42812,0.36456,0.33551,0.32253000000000004,0.31876
100,21,10.0,0.5,0.0,1.0,0.0,0.0,0.0,1.0,10.0,0.5,0.0,1.0,0.0,0.0,0.0,1.0,1.0,0.0,0.0,0.0,0.0,0.0,0.0,1.0,1.0,-0.1607,0.0094,0.0,-0.1607,0.0094,0.0,-1.6666666669999999,-0.833333333,0.0,0.3728,0.41600000000000004,0.4704,0.48,0.5072,0.44628,0.47558999999999996,0.48461000000000004,0.48958999999999997,0.4932
105,22,10.0,0.1,0.0,1.0,0.0,0.0,0.0,1.0,10.0,0.1,0.0,1.0,0.0,0.0,0.0,1.0,1.0,0.0,0.0,0.0,0.0,0.0,0.0,1.0,1.0,0.09699999999999999,0.0004,0.0,0.09699999999999999,0.0004,0.0,1.0,0.5,0.0,0.8208,0.8384,0.7824,0.7072,0.6592,0.79885,0.71343,0.65967,0.63217,0.6087199999999999
110,23,10.0,0.9,0.0,1.0,0.0,0.0,0.0,1.0,10.0,0.9,0.0,1.0,0.0,0.0,0.0,1.0,1.0,0.0,0.0,0.0,0.0,0.0,0.0,1.0,1.0,-0.4294,0.001,0.0,-0.4294,0.001,0.0,-4.333333333,-2.166666667,0.0,0.1456,0.1616,0.2576,0.3248,0.3184,0.17135,0.2606,0.32116,0.34852,0.37768
115,24,-2.0,1.0,-2.0,1.0,0.0,0.0,0.0,1.0,-1.0,0.5,-3.0,1.0,0.0,0.0,0.0,1.0,0.0,0.0,0.0,1.0,-1.0,1.0,0.0,0.666666667,-1.0,-0.0114,0.0172,-0.0114,0.0,0.0,0.0,0.0,0.0,0.0,0.4816,0.52,0.4784,0.4784,0.4496,0.4994,0.49704,0.50083,0.49728,0.49896999999999997
120,25,2.0,1.0,2.0,1.0,0.0,0.0,0.0,1.0,3.0,0.5,1.0,1.0,0.0,0.0,0.0,1.0,0.0,0.0,0.0,1.0,-1.0,1.0,0.0,0.5,1.0,-0.0116,0.0246,-0.0116,0.0,0.0,0.0,0.0,0.0,0.0,0.4064,0.5008,0.4592,0.4624,0.4944,0.49775,0.49943999999999994,0.50017,0.498,0.49891
125,26,16.0,1.0,16.0,1.0,0.0,0.0,0.0,1.0,50.0,0.4,1.0,1.0,0.0,0.0,0.0,1.0,0.0,0.0,4.6,24.00499948,-15.0,34.0,9.5,0.0625,1.0,-0.2054,-0.2064,-0.0072,0.0,0.0,0.0,4.6,4.6,0.0,0.4992,0.6528,0.6112,0.5968,0.5456,0.55557,0.52781,0.5606399999999999,0.5694,0.57567
130,27,16.0,1.0,16.0,1.0,0.0,0.0,0.0,1.0,48.0,0.4,1.0,0.0,0.0,1.0,0.0,3.0,0.0,0.0,3.8,23.07726154,-15.0,34.0,19.75,0.0625,1.0,-0.1982,-0.1896,0.4956,0.0,0.0,0.0,3.8,3.8,0.0,0.504,0.568,0.6,0.5776,0.5728,0.60211,0.56095,0.5787899999999999,0.5855899999999999,0.58525
135,28,6.0,0.5,0.0,1.0,0.0,0.0,0.0,1.0,9.0,0.5,0.0,1.0,0.0,0.0,0.0,1.0,0.0,-1.0,1.5,1.5,0.0,3.0,1.5,1.0,1.0,0.5055,0.0,0.5055,0.0,0.0,1.0,1.5,1.5,0.0,0.9088,0.8656,0.8256,0.8464,0.8432,1.0,0.70516,0.6762699999999999,0.68711,0.68692
140,29,2.0,1.0,2.0,1.0,0.0,0.0,0.0,1.0,3.0,1.0,3.0,1.0,0.0,0.0,0.0,1.0,0.0,0.0,1.0,0.0,1.0,1.0,1.0,0.666666667,1.0,1.0,1.0,1.0,0.0,0.0,1.0,1.0,1.0,0.0,0.9664,0.9824,0.9904,0.9888,0.9952,1.0,1.0,1.0,1.0,1.0
145,30,6.0,0.5,0.0,1.0,0.0,0.0,0.0,1.0,8.0,0.5,0.0,1.0,0.0,0.0,0.0,1.0,0.0,1.0,1.0,1.0,0.0,2.0,1.0,1.0,1.0,0.5031,0.4973,0.5031,0.0,0.0,1.0,1.0,1.0,0.0,0.9424,0.9648,0.9632,0.976,0.9792,1.0,1.0,1.0,1.0,1.0
150,31,4.0,1.0,4.0,1.0,0.0,0.0,0.0,1.0,40.0,0.6,-44.0,1.0,0.0,0.0,0.0,1.0,1.0,0.0,2.4,41.15142768,-48.0,36.0,-6.0,0.0,1.0,-0.2742,0.2036,0.0032,-0.6371,-0.3982,0.0,-18.0,-7.8,-67.2,0.232098765,0.308641975,0.34320987700000005,0.40740740700000005,0.365432099,0.24829,0.39255999999999996,0.43406999999999996,0.45497,0.46955
155,32,24.0,0.75,-4.0,1.0,0.0,0.0,0.0,1.0,82.0,0.25,3.0,1.0,0.0,0.0,0.0,1.0,0.0,0.0,5.75,22.0836478,7.0,58.0,32.5,0.0,1.0,-0.0022,-0.1182,1.0,0.244,0.2437,0.0,5.75,5.75,43.0,0.681481481,0.683950617,0.6740740740000001,0.669135802,0.686419753,0.7833899999999999,0.66397,0.6292300000000001,0.6198100000000001,0.61933
160,33,-3.0,1.0,-3.0,1.0,0.0,0.0,0.0,1.0,14.0,0.4,-22.0,1.0,0.0,0.0,0.0,1.0,0.0,0.0,-4.6,17.63632615,-19.0,17.0,-1.0,0.13636363599999998,1.0,-0.2184,-0.1918,-0.0214,0.3908,0.4041,0.0,-4.6,-4.6,28.8,0.32592592600000003,0.279012346,0.30617284,0.24691358,0.21975308600000001,0.34391,0.33881,0.31581,0.30951,0.30993000000000004
165,34,7.0,1.0,7.0,1.0,0.0,0.0,0.0,1.0,27.0,0.1,4.0,0.0,1.0,0.0,0.0,3.0,0.0,0.0,-0.7,6.903622238,-3.0,21.0,14.25,0.571428571,1.0,-0.7964,-0.8036,0.4976,0.0,0.0,0.0,-0.7,-0.7,0.0,0.387654321,0.44691358,0.427160494,0.41234567899999996,0.402469136,0.56183,0.47248,0.42196999999999996,0.40896,0.39992
170,35,-5.0,1.0,-5.0,1.0,0.0,0.0,0.0,1.0,47.0,0.01,-15.0,1.0,0.0,0.0,0.0,1.0,0.0,0.0,-9.38,6.16892211,-10.0,52.0,21.0,0.333333333,1.0,-0.9790000000000001,-0.9786,0.0146,0.0105,0.0107,0.0,-9.38,-9.38,1.24,0.175308642,0.088888889,0.041975309,0.027160494,0.04938271599999999,0.24441,0.17539000000000002,0.13077,0.11624000000000001,0.1082
175,36,28.0,1.0,28.0,1.0,0.0,0.0,0.0,1.0,88.0,0.6,-46.0,0.0,0.0,0.0,1.0,3.0,0.0,0.0,6.4,65.67373904,-74.0,64.0,27.0,0.0,1.0,0.2054,0.1866,0.5004,-0.3973,-0.4067,0.0,6.4,6.4,-110.4,0.392592593,0.545679012,0.558024691,0.602469136,0.567901235,0.45981000000000005,0.51532,0.53105,0.53997,0.54328
180,37,23.0,0.9,0.0,1.0,0.0,0.0,0.0,1.0,64.0,0.4,-7.0,1.0,0.0,0.0,0.0,1.0,0.0,0.0,0.7,27.88275435,-7.0,41.0,17.0,0.0,1.0,-0.2096,-0.2024,-0.0036,-0.6048,-0.5599,0.0,0.7,0.7,-78.1,0.380246914,0.409876543,0.419753086,0.367901235,0.372839506,0.3974,0.41923,0.44743999999999995,0.45163000000000003,0.46196000000000004
185,38,24.0,1.0,24.0,1.0,0.0,0.0,0.0,1.0,34.0,0.05,28.0,1.0,0.0,0.0,0.0,1.0,0.0,0.0,4.3,1.3076696829999999,4.0,10.0,7.0,0.857142857,1.0,1.0,1.0,1.0,0.0,0.0,1.0,4.3,4.3,0.0,0.908641975,0.977777778,0.990123457,1.0,1.0,1.0,1.0,1.0,1.0,1.0
190,39,29.0,1.0,29.0,1.0,0.0,0.0,0.0,1.0,33.0,0.8,6.0,0.0,1.0,0.0,0.0,5.0,0.0,0.0,-1.4,10.83697375,-23.0,6.0,-0.5,0.20689655199999998,1.0,0.6148,0.5964,0.6838,0.0,0.0,0.0,-1.4,-1.4,0.0,0.498765432,0.688888889,0.696296296,0.683950617,0.664197531,0.42351000000000005,0.47988000000000003,0.48835,0.48841,0.48972
195,40,3.0,0.8,-37.0,1.0,0.0,0.0,0.0,1.0,79.0,0.4,-46.0,0.0,0.0,1.0,0.0,7.0,0.0,0.0,9.0,46.26716631,-9.0,82.0,55.625,0.804347826,1.0,-0.2172,-0.217,0.501,-0.4116,-0.4125,0.0,9.0,9.0,-106.4375,0.48641975299999995,0.535802469,0.604938272,0.6,0.5629629629999999,0.6816399999999999,0.6240899999999999,0.6177199999999999,0.61928,0.61357
200,41,29.0,1.0,29.0,1.0,0.0,0.0,0.0,1.0,44.0,0.4,21.0,0.0,1.0,0.0,0.0,5.0,0.0,0.0,1.2,11.28538878,-8.0,17.0,11.16666667,0.7241379309999999,1.0,-0.2054,-0.19,0.6652,0.0,0.0,0.0,1.2,1.2,0.0,0.683950617,0.730864198,0.7432098770000001,0.6790123459999999,0.67654321,0.70948,0.635,0.61928,0.6170100000000001,0.61119
205,42,-6.0,1.0,-6.0,1.0,0.0,0.0,0.0,1.0,54.0,0.1,-21.0,1.0,0.0,0.0,0.0,1.0,1.0,0.0,-7.5,22.5,-15.0,60.0,22.5,0.28571428600000004,1.0,-0.5304,-0.8022,0.0068,0.2348,0.0989,0.0,2.5,-2.5,15.0,0.604938272,0.47654321,0.254320988,0.227160494,0.19753086399999997,0.69092,0.43756999999999996,0.31271,0.27993,0.2642
210,43,14.0,1.0,14.0,1.0,0.0,0.0,0.0,1.0,12.0,0.9,9.0,1.0,0.0,0.0,0.0,1.0,0.0,0.0,-2.3,0.9,-5.0,-2.0,-3.5,0.642857143,1.0,-1.0,-1.0,-1.0,0.0,0.0,-1.0,-2.3,-2.3,0.0,0.128395062,0.04444444400000001,0.0024691360000000002,0.0,0.0049382720000000005,0.0,0.0,0.0,0.0,0.0
215,44,23.0,1.0,23.0,1.0,0.0,0.0,0.0,1.0,24.0,0.99,-33.0,1.0,0.0,0.0,0.0,1.0,0.0,0.0,0.43,5.671428392,-56.0,1.0,-27.5,0.0,1.0,0.98,0.9788,0.013000000000000001,-0.01,-0.0106,0.0,0.43,0.43,-1.14,0.274074074,0.437037037,0.46913580200000005,0.49382716,0.46666666700000003,0.39576999999999996,0.48061000000000004,0.54283,0.56007,0.5705899999999999
220,45,13.0,1.0,13.0,1.0,0.0,0.0,0.0,1.0,13.0,1.0,13.0,0.0,1.0,0.0,0.0,9.0,0.0,0.0,0.0,1.4142135619999998,-4.0,4.0,0.0,0.692307692,1.0,-0.0069,-0.0019,-0.0041,0.0,0.0,0.0,0.0,0.0,0.0,0.496296296,0.558024691,0.585185185,0.533333333,0.52345679,0.5018100000000001,0.5010899999999999,0.50232,0.50133,0.49738999999999994
225,46,37.0,0.01,9.0,1.0,0.0,0.0,0.0,1.0,30.0,0.6,-37.0,1.0,0.0,0.0,0.0,1.0,0.0,0.0,-6.08,30.03719773,-46.0,-7.0,-26.5,0.0,1.0,0.1974,0.19399999999999998,-1.0,-0.3921,-0.3967,0.0,-6.08,-6.08,-59.2,0.2,0.269135802,0.271604938,0.30617284,0.301234568,0.1862,0.29333000000000004,0.31113,0.31445,0.32268
230,47,11.0,1.0,11.0,1.0,0.0,0.0,0.0,1.0,57.0,0.2,-5.0,0.0,0.0,1.0,0.0,6.0,0.0,0.0,-3.6,25.36217656,-16.0,51.0,25.14285714,0.0,1.0,-0.6278,-0.6128,0.4132,-0.8139,-0.8064,0.0,-3.6,-3.6,-107.61875,0.214814815,0.19506172800000002,0.209876543,0.158024691,0.145679012,0.26757,0.26405,0.27316999999999997,0.27845,0.28261
235,48,-2.0,1.0,-2.0,1.0,0.0,0.0,0.0,1.0,24.0,0.5,-24.0,1.0,0.0,0.0,0.0,1.0,1.0,0.0,2.0,24.0,-22.0,26.0,2.0,0.083333333,1.0,-0.3544,-0.0086,0.0164,0.3228,0.4957,0.0,-6.666666667,-2.333333333,48.0,0.390123457,0.49382716,0.5160493829999999,0.44691358,0.419753086,0.52065,0.5202399999999999,0.54205,0.55101,0.55461
240,49,23.0,1.0,23.0,1.0,0.0,0.0,0.0,1.0,23.0,1.0,23.0,0.0,1.0,0.0,0.0,3.0,0.0,0.0,0.0,0.7071067809999999,-1.0,1.0,0.0,0.956521739,1.0,-0.0148,-0.0096,-0.0169,0.0,0.0,0.0,0.0,0.0,0.0,0.538271605,0.496296296,0.49382716,0.483950617,0.47654321,0.4962,0.5016,0.49988999999999995,0.4996,0.5020100000000001
245,50,4.0,1.0,4.0,1.0,0.0,0.0,0.0,1.0,4.0,1.0,4.0,0.0,1.0,0.0,0.0,9.0,0.0,0.0,0.0,1.4142135619999998,-4.0,4.0,0.0,0.0,1.0,0.0063,0.0051,0.0073,-0.0041,-0.0054,0.0,0.0,0.0,-0.03125,0.437037037,0.656790123,0.597530864,0.57037037,0.572839506,0.41849,0.44656999999999997,0.45919,0.46516,0.46737
250,51,42.0,0.8,-18.0,1.0,0.0,0.0,0.0,1.0,68.0,0.2,23.0,1.0,0.0,0.0,0.0,1.0,0.0,0.0,2.0,-6.0,41.0,26.0,33.5,0.0,1.0,-0.1884,-0.2968,1.0,0.2036,0.1975,0.0,2.0,2.0,34.4,0.792592593,0.708641975,0.735802469,0.716049383,0.703703704,0.78291,0.65601,0.62115,0.6087899999999999,0.60241
255,52,46.0,0.2,0.0,1.0,0.0,0.0,0.0,1.0,46.0,0.25,-2.0,1.0,0.0,0.0,0.0,1.0,0.0,0.0,0.8,2.384609691,-2.0,0.0,-1.0,0.0,1.0,-0.6912,-0.5511,-0.4998,-0.6912,-0.5511,0.0,0.8,0.8,-33.6,0.36296296299999997,0.261728395,0.254320988,0.222222222,0.217283951,0.33647,0.38339,0.41013,0.4182,0.42096999999999996
260,53,28.0,1.0,28.0,1.0,0.0,0.0,0.0,1.0,42.0,0.75,-22.0,1.0,0.0,0.0,0.0,1.0,0.0,0.0,-2.0,27.71281292,-50.0,14.0,-18.0,0.0,1.0,0.4996,0.4956,0.0052,-0.2502,-0.2522,0.0,-2.0,-2.0,-32.0,0.355555556,0.427160494,0.41728395100000004,0.414814815,0.414814815,0.33211,0.44063,0.46735,0.47576999999999997,0.48491000000000006
265,54,18.0,1.0,18.0,1.0,0.0,0.0,0.0,1.0,64.0,0.5,-33.0,1.0,0.0,0.0,0.0,1.0,0.0,0.0,-2.5,48.5,-51.0,46.0,-2.5,0.0,1.0,-0.0238,0.0096,-0.0238,-0.5119,-0.4952,0.0,-2.5,-2.5,-97.0,0.320987654,0.296296296,0.308641975,0.320987654,0.286419753,0.26195999999999997,0.34163000000000004,0.35907,0.36201,0.36856
270,55,43.0,0.2,19.0,1.0,0.0,0.0,0.0,1.0,22.0,0.25,17.0,0.0,1.0,0.0,0.0,9.0,0.0,-1.0,-5.550000056,-7.322391637999999,-2.0,-17.0,-9.5,0.894736842,1.0,-0.9027,-0.5124,-0.503,0.0,0.0,0.0,-5.550000056,-5.550000056,-5.2e-08,0.204938272,0.158024691,0.09382716,0.074074074,0.069135802,0.033613,0.05108,0.053747,0.052066999999999995,0.05284
275,56,-8.0,1.0,-8.0,1.0,0.0,0.0,0.0,1.0,-5.0,0.99,-34.0,1.0,0.0,0.0,0.0,1.0,0.0,0.0,2.71,2.885463568,-26.0,3.0,-11.5,0.235294118,-1.0,0.982,0.9818,-0.0116,0.0,0.0,0.0,2.71,2.71,0.0,0.762962963,0.8814814809999999,0.90617284,0.901234568,0.89382716,0.64635,0.72573,0.77464,0.7892100000000001,0.8013600000000001
280,57,49.0,0.5,-3.0,1.0,0.0,0.0,0.0,1.0,33.0,0.95,17.0,0.0,1.0,0.0,0.0,9.0,0.0,-1.0,9.200000107000001,-22.25033334,20.0,-12.0,8.4,0.0,1.0,-0.0072,0.0012,-0.0072,0.4964,0.5006,0.0,9.200000107000001,9.200000107000001,52.00000016,0.767901235,0.708641975,0.6987654320000001,0.730864198,0.748148148,0.83765,0.75183,0.74921,0.7498100000000001,0.75052
285,58,85.0,0.4,-7.0,1.0,0.0,0.0,0.0,1.0,40.0,0.25,24.0,1.0,0.0,0.0,0.0,1.0,0.0,0.0,-1.8,-38.14240804,31.0,-45.0,-7.0,0.0,1.0,0.193,0.2016,0.0048,0.5965,0.6008,0.0,-1.8,-1.8,110.4,0.602469136,0.5111111110000001,0.520987654,0.540740741,0.558024691,0.64399,0.60233,0.56831,0.55937,0.55191
290,59,17.0,0.25,16.0,1.0,0.0,0.0,0.0,1.0,43.0,0.4,2.0,1.0,0.0,0.0,0.0,1.0,0.0,0.0,2.15,19.65280319,-14.0,26.0,6.0,0.125,1.0,-0.2012,-0.185,-0.0038,0.0,0.0,0.0,2.15,2.15,0.0,0.5111111110000001,0.52345679,0.520987654,0.49382716,0.48641975299999995,0.52608,0.50389,0.5312399999999999,0.5402,0.5394800000000001
295,60,51.0,0.1,21.0,1.0,0.0,0.0,0.0,1.0,38.0,0.6,1.0,1.0,0.0,0.0,0.0,1.0,0.0,0.0,-0.8,9.126224097,-20.0,-13.0,-16.5,0.047619048,1.0,0.0054,0.0742,-1.0,0.0,0.0,0.0,-0.8,-0.8,0.0,0.365432099,0.37777777799999995,0.340740741,0.29382716,0.301234568,0.25913,0.35841,0.39651,0.40403,0.40709
300,61,26.0,0.25,25.0,1.0,0.0,0.0,0.0,1.0,29.0,0.05,24.0,0.0,0.0,0.0,1.0,7.0,0.0,0.0,-1.0,3.7006902389999996,-2.0,123.0,27.625,0.92,1.0,-0.9714,-0.9674,0.3813,0.0,0.0,0.0,-1.0,-1.0,-1.42e-14,0.6675,0.6175,0.6175,0.6025,0.555,0.4854,0.41116,0.36080999999999996,0.34229,0.33553
305,62,25.0,1.0,25.0,1.0,0.0,0.0,0.0,1.0,45.0,0.2,17.0,1.0,0.0,0.0,0.0,1.0,0.0,0.0,-2.4,11.2,-8.0,20.0,6.0,0.68,1.0,-0.6062,-0.5984,-0.001,0.0,0.0,0.0,-2.4,-2.4,0.0,0.3225,0.3175,0.3475,0.3375,0.3375,0.38473,0.3368,0.31539,0.30871,0.30517
310,63,17.0,1.0,17.0,1.0,0.0,0.0,0.0,1.0,60.0,0.1,15.0,0.0,1.0,0.0,0.0,5.0,0.0,0.0,2.5,13.5037032,-2.0,45.0,35.5,0.882352941,1.0,-0.7962,-0.8029999999999999,0.6594,0.0,0.0,0.0,2.5,2.5,0.0,0.6775,0.6975,0.67,0.66,0.69,0.8342799999999999,0.78684,0.75644,0.74955,0.74637
315,64,52.0,0.1,-8.0,1.0,0.0,0.0,0.0,1.0,5.0,0.9,-43.0,1.0,0.0,0.0,0.0,1.0,1.0,0.0,2.2,-3.6,-35.0,-47.0,-41.0,0.186046512,1.0,-0.3046,0.631,-1.0,0.3477,0.8041,0.0,-19.33333333,-8.566666667,152.0,0.3525,0.55,0.7,0.7225,0.675,0.28873000000000004,0.46795,0.53577,0.55847,0.5744
320,65,12.0,0.4,-16.0,1.0,0.0,0.0,0.0,1.0,-5.0,1.0,-5.0,1.0,0.0,0.0,0.0,1.0,0.0,0.0,-0.2,-13.71714256,11.0,-17.0,-3.0,0.3125,1.0,0.201,0.1958,0.0,-0.3995,-0.4021,0.0,-0.2,-0.2,-22.4,0.325,0.3975,0.435,0.4475,0.45,0.45031000000000004,0.49828,0.49132,0.495,0.49611000000000005
325,66,45.0,0.6,2.0,1.0,0.0,0.0,0.0,1.0,54.0,0.1,20.0,0.0,0.0,1.0,0.0,5.0,0.0,0.0,-4.4,-10.58515378,18.0,13.0,19.5,0.1,1.0,-0.0212,-0.0942,1.0,0.0,0.0,0.0,-4.4,-4.4,0.0,0.43,0.345,0.3975,0.4375,0.4275,0.53755,0.48618999999999996,0.42363,0.40610999999999997,0.39787
330,67,85.0,0.25,4.0,1.0,0.0,0.0,0.0,1.0,54.0,0.25,11.0,1.0,0.0,0.0,0.0,1.0,0.0,1.0,-2.5,-16.45448267,7.0,-31.0,-12.0,0.363636364,1.0,0.503,0.4952,0.0064,0.0,0.0,0.0,-2.5,-2.5,0.0,0.445,0.47,0.46,0.4775,0.43,0.42345,0.48757,0.49063999999999997,0.48858999999999997,0.48925
335,68,12.0,1.0,12.0,1.0,0.0,0.0,0.0,1.0,102.0,0.2,-14.0,1.0,0.0,0.0,0.0,1.0,0.0,0.0,-2.8,46.4,-26.0,90.0,32.0,0.0,1.0,-0.6158,-0.593,-0.022000000000000002,-0.8079,-0.7965,0.0,-2.8,-2.8,-185.6,0.3875,0.27,0.2925,0.32,0.305,0.26519000000000004,0.26771999999999996,0.29467,0.30296999999999996,0.3076
340,69,49.0,0.5,11.0,1.0,0.0,0.0,0.0,1.0,31.0,0.95,21.0,0.0,1.0,0.0,0.0,3.0,1.0,0.0,0.5,-16.71417411,10.0,-17.0,-1.5,0.523809524,1.0,0.0096,-0.006999999999999999,0.0096,0.0,0.0,0.0,-3.5,-1.5,0.0,0.3875,0.285,0.37,0.4025,0.445,0.43116000000000004,0.47215,0.48991,0.49981000000000003,0.50544
345,70,18.0,1.0,18.0,1.0,0.0,0.0,0.0,1.0,35.0,0.75,-19.0,1.0,0.0,0.0,0.0,1.0,0.0,0.0,3.5,23.3826859,-37.0,17.0,-10.0,0.0,1.0,0.4962,0.504,-0.006999999999999999,-0.2519,-0.248,0.0,3.5,3.5,-27.0,0.38,0.5475,0.5775,0.5975,0.5825,0.44525,0.5426,0.5817100000000001,0.59221,0.59913
350,71,13.0,0.6,-20.0,1.0,0.0,0.0,0.0,1.0,76.0,0.2,-26.0,1.0,0.0,0.0,0.0,1.0,0.0,0.0,-5.4,24.6333677,-6.0,63.0,28.5,0.7692307690000001,1.0,-0.6046,-0.5904,-0.0062,-0.4006,-0.3958,0.0,-5.4,-5.4,-81.6,0.3775,0.2525,0.2875,0.23,0.28,0.37793000000000004,0.33993,0.33743,0.33249,0.32964
355,72,-9.0,1.0,-9.0,1.0,0.0,0.0,0.0,1.0,13.0,0.25,-8.0,1.0,0.0,0.0,0.0,1.0,0.0,0.0,6.25,9.09326674,1.0,22.0,11.5,0.8888888890000001,1.0,1.0,1.0,1.0,0.2504,0.2422,1.0,6.25,6.25,11.0,0.8225,0.9575,0.995,1.0,1.0,1.0,1.0,1.0,1.0,1.0
360,73,2.0,1.0,2.0,1.0,0.0,0.0,0.0,1.0,51.0,0.05,0.0,0.0,1.0,0.0,0.0,7.0,0.0,0.0,0.55,11.11856555,-2.0,52.0,42.625,0.0,1.0,-0.8964,-0.8948,0.7492,-0.9482,-0.9474,0.0,0.55,0.55,-51.3,0.37,0.3825,0.39,0.39,0.4125,0.39464,0.37632,0.37523,0.37372,0.37243000000000004
365,74,44.0,0.05,16.0,1.0,0.0,0.0,0.0,1.0,14.0,0.9,10.0,0.0,1.0,0.0,0.0,3.0,1.0,0.0,-3.8,-4.727685812,-6.0,-29.0,-17.0,0.625,1.0,-1.0,-1.0,-1.0,0.0,0.0,-1.0,-3.933333333,-3.866666667,0.0,0.1325,0.05,0.015,0.0025,0.0025,0.0,0.0,0.0,0.0,0.0
370,75,13.0,1.0,13.0,1.0,0.0,0.0,0.0,1.0,50.0,0.6,-45.0,1.0,0.0,0.0,0.0,1.0,0.0,0.0,-1.0,46.54030511,-58.0,37.0,-10.5,0.0,1.0,0.2006,0.1854,-0.001,-0.3997,-0.4073,0.0,-1.0,-1.0,-76.0,0.3525,0.4375,0.415,0.4375,0.495,0.31193000000000004,0.40356,0.42586999999999997,0.42972,0.43865
375,76,35.0,0.01,16.0,1.0,0.0,0.0,0.0,1.0,20.0,0.5,13.0,0.0,1.0,0.0,0.0,5.0,1.0,0.0,0.31,1.680238084,-3.0,-13.0,-6.666666667,0.8125,1.0,-0.1688,-0.0096,-0.3296,0.0,0.0,0.0,-0.182222222,0.063888889,0.0,0.6775,0.7075,0.705,0.6825,0.6425,0.51259,0.5091600000000001,0.5261100000000001,0.52691,0.52485
380,77,1.0,1.0,1.0,1.0,0.0,0.0,0.0,1.0,38.0,0.4,-9.0,1.0,0.0,0.0,0.0,1.0,0.0,0.0,8.8,23.02520358,-10.0,37.0,13.5,0.0,1.0,-0.2046,-0.2102,-0.0042,-0.6023,-0.6051,0.0,8.8,8.8,-56.4,0.645,0.6625,0.6525,0.6025,0.625,0.57512,0.59349,0.6409699999999999,0.65117,0.6595300000000001
385,78,19.0,1.0,19.0,1.0,0.0,0.0,0.0,1.0,44.0,0.05,9.0,1.0,0.0,0.0,0.0,1.0,0.0,0.0,-8.25,7.628073151000001,-10.0,25.0,7.5,0.473684211,1.0,-0.902,-0.8996,0.0034,0.0,0.0,0.0,-8.25,-8.25,0.0,0.105,0.1175,0.1075,0.1425,0.12,0.17393,0.12867,0.097013,0.08652,0.08256000000000001
390,79,32.0,0.01,19.0,1.0,0.0,0.0,0.0,1.0,65.0,0.01,9.0,1.0,0.0,0.0,0.0,1.0,0.0,0.0,-9.57,4.27844598,-10.0,33.0,11.5,0.473684211,1.0,-0.9786,-0.9778,-0.0004,0.0,0.0,0.0,-9.57,-9.57,0.0,0.14,0.0725,0.035,0.015,0.015,0.18988,0.12939,0.09408,0.084707,0.077347
395,80,3.0,1.0,3.0,1.0,0.0,0.0,0.0,1.0,50.0,0.4,-36.0,1.0,0.0,0.0,0.0,1.0,0.0,0.0,-4.6,42.13122358,-39.0,47.0,4.0,0.0,1.0,-0.1952,-0.1958,0.0018,-0.5976,-0.5979,0.0,-4.6,-4.6,-103.2,0.4675,0.3725,0.4125,0.405,0.425,0.23895,0.29809,0.30651999999999996,0.31529,0.31406999999999996
400,81,10.0,0.25,2.0,1.0,0.0,0.0,0.0,1.0,-1.0,0.9,-32.0,1.0,0.0,0.0,0.0,1.0,1.0,0.0,-8.1,5.835898385,-34.0,-11.0,-22.5,0.0,1.0,-1.0,-1.0,-1.0,-1.0,-1.0,-1.0,-18.83333333,-13.46666667,-84.0,0.1375,0.035,0.0125,0.0125,0.0125,0.0,0.0,0.0,0.0,0.0
405,82,25.0,1.0,25.0,1.0,0.0,0.0,0.0,1.0,26.0,0.01,25.0,0.0,1.0,0.0,0.0,7.0,1.0,0.0,0.01,0.157797338,-2.0,4.0,1.0,0.92,1.0,-0.2941,0.0061,0.2733,0.0,0.0,0.0,-0.333333333,-0.161666667,0.0,0.5475,0.72,0.7725,0.805,0.82,0.61275,0.60401,0.5837600000000001,0.5684899999999999,0.56053
410,83,9.0,1.0,9.0,1.0,0.0,0.0,0.0,1.0,64.0,0.01,9.0,1.0,0.0,0.0,0.0,1.0,0.0,0.0,0.55,5.472430903999999,0.0,55.0,27.5,1.0,1.0,0.009000000000000001,0.0084,0.5006,0.0,0.0,1.0,0.55,0.55,0.0,0.865,0.96,0.9825,0.9825,0.985,1.0,1.0,1.0,1.0,1.0
415,84,27.0,1.0,27.0,1.0,0.0,0.0,0.0,1.0,22.0,0.99,-7.0,1.0,0.0,0.0,0.0,1.0,0.0,0.0,-5.29,2.885463568,-34.0,-5.0,-19.5,0.0,1.0,-1.0,-1.0,-1.0,-0.0113,-0.0116,-1.0,-5.29,-5.29,-0.68,0.0775,0.015,0.0,0.0025,0.0025,0.0,0.0,0.0,0.0,0.0
420,85,20.0,1.0,20.0,1.0,0.0,0.0,0.0,1.0,70.0,0.25,6.0,1.0,0.0,0.0,0.0,1.0,0.0,0.0,2.0,27.71281292,-14.0,50.0,18.0,0.3,1.0,-0.486,-0.499,0.0044,0.0,0.0,0.0,2.0,2.0,0.0,0.4275,0.4525,0.4875,0.46,0.4375,0.49817,0.43891,0.44047,0.44392,0.44606999999999997
425,86,71.0,0.5,-11.0,1.0,0.0,0.0,0.0,1.0,61.0,0.75,-49.0,1.0,0.0,0.0,0.0,1.0,1.0,0.0,3.5,6.631397207999999,-38.0,-10.0,-24.0,0.22448979600000002,1.0,-1.0,-0.2248,-1.0,-0.0931,0.2706,0.0,-34.33333333,-15.41666667,60.0,0.13,0.23,0.3025,0.315,0.2525,0.08276,0.30532,0.40064,0.42228000000000004,0.43681000000000003
430,87,-2.0,1.0,-2.0,1.0,0.0,0.0,0.0,1.0,4.0,0.99,-34.0,0.0,1.0,0.0,0.0,7.0,0.0,0.0,5.62,3.972480333,-32.0,9.0,1.25,0.058823529000000006,1.0,0.9788,0.9806,0.7536,0.9894,0.9903,0.0,5.62,5.62,81.18,0.805,0.955,0.98,0.96,0.975,0.78695,0.83385,0.8710700000000001,0.88103,0.8875700000000001
435,88,17.0,0.05,-7.0,1.0,0.0,0.0,0.0,1.0,13.0,0.25,-15.0,1.0,0.0,0.0,0.0,1.0,1.0,0.0,-2.2,6.893676921,-8.0,-4.0,-6.0,0.46666666700000003,1.0,-0.5472,-0.5284,-1.0,0.2264,0.1977,0.0,-1.466666667,-1.8333333330000001,12.8,0.68,0.5725,0.5125,0.4425,0.37,0.49211000000000005,0.36672,0.35007,0.34276999999999996,0.33155
440,89,17.0,1.0,17.0,1.0,0.0,0.0,0.0,1.0,44.0,0.1,17.0,1.0,0.0,0.0,0.0,1.0,0.0,0.0,2.7,8.1,0.0,27.0,13.5,1.0,1.0,0.1012,0.0927,0.5014,0.0,0.0,1.0,2.7,2.7,0.0,0.88,0.955,0.9925,1.0,1.0,1.0,1.0,1.0,1.0,1.0
445,90,10.0,1.0,10.0,1.0,0.0,0.0,0.0,1.0,31.0,0.75,-49.0,1.0,0.0,0.0,0.0,1.0,0.0,0.0,1.0,34.64101615,-59.0,21.0,-19.0,0.0,1.0,0.496,0.4914,0.0056,-0.252,-0.2543,0.0,1.0,1.0,-40.0,0.415,0.5525,0.5275,0.5575,0.545,0.3702,0.47197,0.49617,0.5008,0.50581
450,91,7.0,1.0,7.0,1.0,0.0,0.0,0.0,1.0,16.0,0.1,10.0,1.0,0.0,0.0,0.0,1.0,0.0,0.0,3.6,1.8,3.0,9.0,6.0,0.7,1.0,1.0,1.0,1.0,0.0,0.0,1.0,3.6,3.6,0.0,0.92,0.9625,0.9875,0.9925,0.995,1.0,1.0,1.0,1.0,1.0
455,92,8.0,0.8,-37.0,1.0,0.0,0.0,0.0,1.0,102.0,0.2,-29.0,1.0,0.0,0.0,0.0,1.0,0.0,0.0,-1.8,34.4,8.0,94.0,51.0,0.783783784,1.0,-0.196,-0.28800000000000003,1.0,-0.598,-0.6046,0.0,-1.8,-1.8,-166.8,0.3925,0.28,0.3475,0.3125,0.3175,0.5132899999999999,0.47068000000000004,0.44396,0.44475,0.442
460,93,5.0,1.0,5.0,1.0,0.0,0.0,0.0,1.0,103.0,0.1,-9.0,0.0,0.0,1.0,0.0,4.0,1.0,0.0,-2.8,33.63123548,-14.0,101.0,73.6,0.0,1.0,-0.3746,-0.8042,0.6104,-0.6873,-0.9021,0.0,19.86666667,8.533333333,-207.0,0.555,0.475,0.435,0.3325,0.2975,0.83635,0.82885,0.8312799999999999,0.6735899999999999,0.47778999999999994
465,94,7.0,1.0,7.0,1.0,0.0,0.0,0.0,1.0,6.0,0.75,1.0,1.0,0.0,0.0,0.0,1.0,0.0,0.0,-2.25,2.165063509,-6.0,-1.0,-3.5,0.14285714300000002,1.0,-1.0,-1.0,-1.0,0.0,0.0,-1.0,-2.25,-2.25,0.0,0.1025,0.035,0.015,0.025,0.02,0.0,0.0,0.0,0.0,0.0
470,95,-3.0,0.05,-9.0,1.0,0.0,0.0,0.0,1.0,42.0,0.4,-24.0,0.0,0.0,1.0,0.0,6.0,0.0,1.0,11.1,31.88630567,-15.0,50.0,26.57142857,0.375,1.0,-0.2226,-0.233,0.4256,0.3887,0.3835,0.0,11.1,11.1,55.025,0.7225,0.5975,0.5725,0.5675,0.5675,0.8065899999999999,0.72631,0.71753,0.71565,0.7120000000000001
475,96,35.0,0.5,-47.0,1.0,0.0,0.0,0.0,1.0,-10.0,0.75,-15.0,1.0,0.0,0.0,0.0,1.0,0.0,0.0,-5.25,-38.83493649,32.0,-45.0,-6.5,0.319148936,1.0,0.0056,-0.0164,0.0056,-0.4972,-0.5082,0.0,-5.25,-5.25,-82.0,0.3025,0.3375,0.3675,0.335,0.3125,0.35585,0.39881,0.38725,0.38875,0.38732
480,97,10.0,1.0,10.0,1.0,0.0,0.0,0.0,1.0,45.0,0.2,-5.0,1.0,0.0,0.0,0.0,1.0,0.0,0.0,-5.0,20.0,-15.0,35.0,10.0,0.0,1.0,-0.5986,-0.6132,-0.0078,-0.7993,-0.8066,0.0,-5.0,-5.0,-80.0,0.2225,0.135,0.265,0.2375,0.21,0.18957000000000002,0.21153000000000002,0.21736999999999998,0.21973,0.21564
485,98,94.0,0.5,-40.0,1.0,0.0,0.0,0.0,1.0,36.0,0.75,-21.0,0.0,1.0,0.0,0.0,7.0,0.0,0.0,-5.25,-42.29549636,19.0,-55.0,1.875,0.525,1.0,-0.0084,-0.0042,-0.0084,0.2501,0.2401,0.0,-5.25,-5.25,67.0,0.5075,0.4475,0.43,0.44,0.4525,0.49985,0.49625,0.49748000000000003,0.49416000000000004,0.49388000000000004
490,99,22.0,1.0,22.0,1.0,0.0,0.0,0.0,1.0,44.0,0.4,15.0,0.0,1.0,0.0,0.0,5.0,0.0,0.0,4.6,14.22111107,-7.0,24.0,17.16666667,0.681818182,1.0,-0.21,-0.2068,0.6729999999999999,0.0,0.0,0.0,4.6,4.6,0.0,0.6475,0.74,0.7475,0.71,0.705,0.8220799999999999,0.7547699999999999,0.73919,0.73743,0.73565
495,100,18.0,0.6,-29.0,1.0,0.0,0.0,0.0,1.0,-1.0,1.0,-1.0,1.0,0.0,0.0,0.0,1.0,0.0,0.0,-0.2,-23.02520358,28.0,-19.0,4.5,0.034482759,1.0,-0.1896,-0.2088,0.0076,-0.5948,-0.6044,0.0,-0.2,-0.2,-56.4,0.5375,0.4575,0.5,0.535,0.53,0.49572,0.48281,0.48207,0.47739,0.48
500,101,28.0,1.0,28.0,1.0,0.0,0.0,0.0,1.0,73.0,0.05,27.0,0.0,1.0,0.0,0.0,3.0,0.0,0.0,1.3,10.02671432,-1.0,46.0,33.5,0.9642857140000001,1.0,-0.8982,-0.9026,0.4944,0.0,0.0,0.0,1.3,1.3,-7.109999999999999e-15,0.83,0.825,0.7875,0.7675,0.7625,0.7861100000000001,0.7329899999999999,0.70015,0.69121,0.68619
505,102,11.0,1.0,11.0,1.0,0.0,0.0,0.0,1.0,25.0,0.5,-3.0,0.0,1.0,0.0,0.0,3.0,1.0,0.0,0.0,14.00892573,-14.0,15.0,7.0,0.0,1.0,-0.151,0.0122,0.4992,-0.5755,-0.4939,0.0,-2.333333333,-1.166666667,-29.0,0.385,0.51,0.5875,0.62,0.59,0.52608,0.49723999999999996,0.49949,0.49065,0.48732
510,103,27.0,0.8,-4.0,1.0,0.0,0.0,0.0,1.0,77.0,0.1,22.0,0.0,0.0,0.0,1.0,6.0,0.0,-1.0,6.7,4.521879328,26.0,107.0,69.64285714,0.0,1.0,-0.4058,-0.5898,1.0,0.1998,0.2051,0.0,6.7,6.7,55.2,0.8325,0.8225,0.7325,0.775,0.7675,0.94499,0.90159,0.88292,0.8775299999999999,0.87521
515,104,-6.0,1.0,-6.0,1.0,0.0,0.0,0.0,1.0,3.0,0.99,-27.0,1.0,0.0,0.0,0.0,1.0,0.0,0.0,8.7,2.9849623110000003,-21.0,9.0,-6.0,0.222222222,1.0,0.9808,0.9786,-0.01,0.9904,0.9893,0.0,8.7,8.7,59.4,0.8525,0.95,0.98,0.97,0.9825,0.8614,0.9036299999999999,0.93181,0.94063,0.94544
520,105,30.0,1.0,30.0,1.0,0.0,0.0,0.0,1.0,90.0,0.01,36.0,1.0,0.0,0.0,0.0,1.0,0.0,0.0,6.54,5.37293216,6.0,60.0,33.0,0.833333333,1.0,1.0,1.0,1.0,0.0,0.0,1.0,6.54,6.54,0.0,0.895,0.97,1.0,1.0,1.0,1.0,1.0,1.0,1.0,1.0
525,106,2.0,1.0,2.0,1.0,0.0,0.0,0.0,1.0,34.0,0.05,-5.0,0.0,1.0,0.0,0.0,5.0,0.0,0.0,-5.05,8.502793659,-7.0,34.0,25.5,0.0,1.0,-0.8998,-0.905,0.6732,-0.9499,-0.9525,0.0,-5.05,-5.05,-77.9,0.195,0.135,0.1525,0.145,0.1225,0.2056,0.17124,0.14911,0.14365,0.14279
530,107,25.0,1.0,25.0,1.0,0.0,0.0,0.0,1.0,65.0,0.25,9.0,0.0,1.0,0.0,0.0,5.0,0.0,0.0,-2.0,24.25386567,-16.0,42.0,30.66666667,0.36,1.0,-0.4936,-0.505,0.6629999999999999,0.0,0.0,0.0,-2.0,-2.0,0.0,0.3925,0.39,0.4025,0.365,0.315,0.54625,0.46941000000000005,0.44924,0.44161000000000006,0.43331000000000003
535,108,16.0,1.0,16.0,1.0,0.0,0.0,0.0,1.0,91.0,0.2,-11.0,1.0,0.0,0.0,0.0,1.0,0.0,0.0,-6.6,40.8,-27.0,75.0,24.0,0.0,1.0,-0.6004,-0.6084,0.0074,-0.8002,-0.8042,0.0,-6.6,-6.6,-163.2,0.2725,0.1725,0.2325,0.19,0.18,0.23526999999999998,0.24075,0.26000999999999996,0.26715,0.26816999999999996
540,109,11.0,1.0,11.0,1.0,0.0,0.0,0.0,1.0,26.0,0.5,-9.0,1.0,0.0,0.0,0.0,1.0,0.0,0.0,-2.5,17.5,-20.0,15.0,-2.5,0.0,1.0,-0.0024,0.012,-0.0024,-0.5012,-0.494,0.0,-2.5,-2.5,-35.0,0.325,0.4125,0.465,0.38,0.4,0.24511999999999998,0.31995,0.32896,0.32953000000000005,0.33315
545,110,12.0,1.0,12.0,1.0,0.0,0.0,0.0,1.0,29.0,0.8,-35.0,0.0,0.0,1.0,0.0,2.0,0.0,0.0,4.2,25.61562023,-47.0,18.0,-4.333333333,0.0,1.0,0.597,0.6028,0.3248,-0.2015,-0.1986,0.0,4.2,4.2,-26.0,0.56,0.715,0.71,0.695,0.7675,0.48245,0.5743199999999999,0.60415,0.6158899999999999,0.62292
550,111,28.0,1.0,28.0,1.0,0.0,0.0,0.0,1.0,47.0,0.6,-13.0,1.0,0.0,0.0,0.0,1.0,0.0,0.0,-5.0,29.39387691,-41.0,19.0,-11.0,0.0,1.0,0.1996,0.2092,-0.0074,-0.4002,-0.3954,0.0,-5.0,-5.0,-48.0,0.245,0.4125,0.4125,0.4,0.3875,0.24033000000000002,0.33931999999999995,0.34124,0.34313,0.34289000000000003
555,112,-7.0,1.0,-7.0,1.0,0.0,0.0,0.0,1.0,28.0,0.2,-18.0,0.0,1.0,0.0,0.0,7.0,0.0,0.0,-1.8,18.40815037,-11.0,38.0,29.25,0.38888888899999996,1.0,-0.589,-0.6024,0.7542,0.2055,0.1988,0.0,-1.8,-1.8,19.6,0.51,0.36,0.3075,0.2925,0.26,0.5888100000000001,0.48555,0.44411999999999996,0.43728999999999996,0.43291
560,113,9.0,0.95,0.0,1.0,0.0,0.0,0.0,1.0,37.0,0.25,-3.0,0.0,0.0,0.0,1.0,6.0,0.0,0.0,-1.55,16.3483289,-3.0,85.0,38.78571429,0.0,1.0,-0.5056,-0.4986,0.7088,-0.7528,-0.7371,0.0,-1.55,-1.55,-140.65,0.3525,0.3675,0.365,0.375,0.3675,0.35829,0.35315,0.35193,0.35095,0.35135
565,114,72.0,0.01,-2.0,1.0,0.0,0.0,0.0,1.0,112.0,0.25,-33.0,1.0,0.0,0.0,0.0,1.0,0.0,-1.0,4.51,55.42393474,-31.0,40.0,4.5,0.060606060999999996,1.0,-0.4812,-0.5092,0.0184,0.2501,0.2354,0.0,4.51,4.51,69.6,0.4375,0.445,0.3975,0.415,0.3175,0.45013000000000003,0.39059,0.41012,0.41617,0.41831999999999997
570,115,50.0,0.4,5.0,1.0,0.0,0.0,0.0,1.0,20.0,0.8,-17.0,0.0,1.0,0.0,0.0,7.0,0.0,0.0,-10.4,-7.204922517999999,-22.0,-27.0,-12.125,0.0,1.0,-0.1966,-0.0462,-0.2416,-0.2011,-0.2001,0.0,-10.4,-10.4,-26.8,0.1725,0.185,0.2275,0.2,0.1975,0.1072,0.19635999999999998,0.20645,0.20633,0.20599
575,116,2.0,1.0,2.0,1.0,0.0,0.0,0.0,1.0,45.0,0.05,3.0,0.0,1.0,0.0,0.0,5.0,0.0,0.0,3.1,9.156418514,1.0,45.0,36.0,0.666666667,1.0,1.0,1.0,1.0,0.0,0.0,1.0,3.1,3.1,0.0,0.9475,0.99,0.995,1.0,0.9975,1.0,1.0,1.0,1.0,1.0
580,117,-6.0,1.0,-6.0,1.0,0.0,0.0,0.0,1.0,7.0,0.5,-30.0,1.0,0.0,0.0,0.0,1.0,0.0,0.0,-5.5,18.5,-24.0,13.0,-5.5,0.2,1.0,0.0142,-0.0044,0.0142,0.5071,0.4978,0.0,-5.5,-5.5,37.0,0.325,0.3925,0.3625,0.345,0.3425,0.36665,0.37255,0.34317,0.33332,0.33119
585,118,26.0,1.0,26.0,1.0,0.0,0.0,0.0,1.0,46.0,0.5,10.0,0.0,0.0,1.0,0.0,6.0,0.0,0.0,2.0,19.86202407,-37.0,25.0,2.857142857,0.0,1.0,-0.0686,-0.0444,0.13699999999999998,-0.0159,-0.0132,0.0,2.0,2.0,-1.9375,0.465,0.56,0.6175,0.585,0.5675,0.43523,0.46136000000000005,0.49718999999999997,0.50647,0.51457
590,119,19.0,0.4,12.0,1.0,0.0,0.0,0.0,1.0,100.0,0.25,-12.0,0.0,0.0,0.0,1.0,2.0,0.0,0.0,1.2,45.07071436,-24.0,82.0,47.16666667,0.0,1.0,-0.4922,-0.5082,0.3328,-0.7461,-0.7541,0.0,1.2,1.2,-169.5,0.3325,0.315,0.3425,0.3425,0.345,0.34176999999999996,0.3418,0.37095,0.38085,0.38653000000000004
595,120,-9.0,0.95,-26.0,1.0,0.0,0.0,0.0,1.0,-1.0,0.1,-11.0,1.0,0.0,0.0,0.0,1.0,0.0,0.0,-0.15,-0.705064102,15.0,8.0,11.5,0.423076923,-1.0,-0.7062,-0.7062,1.0,0.0,0.0,0.0,-0.15,-0.15,0.0,0.565,0.4075,0.425,0.4575,0.4175,0.66875,0.57685,0.52872,0.51257,0.5052800000000001
600,121,-8.0,1.0,-8.0,1.0,0.0,0.0,0.0,1.0,21.0,0.01,0.0,0.0,1.0,0.0,0.0,3.0,0.0,0.0,8.21,2.090669749,8.0,30.0,23.75,0.0,1.0,1.0,1.0,1.0,1.0,1.0,1.0,8.21,8.21,30.3,0.7925,0.945,0.9925,0.9975,0.9875,1.0,1.0,1.0,1.0,1.0
605,122,68.0,0.05,-14.0,1.0,0.0,0.0,0.0,1.0,-11.0,0.9,-36.0,1.0,0.0,0.0,0.0,1.0,0.0,0.0,-3.6,-10.37148567,-22.0,-79.0,-50.5,0.38888888899999996,1.0,0.7044,0.7132,-1.0,-0.0485,-0.0494,0.0,-3.6,-3.6,-10.4,0.36,0.3875,0.42,0.46,0.395,0.11840999999999999,0.16884000000000002,0.19515,0.20563,0.21195
610,123,28.0,0.75,-13.0,1.0,0.0,0.0,0.0,1.0,57.0,0.1,16.0,1.0,0.0,0.0,0.0,1.0,0.0,0.0,2.35,-5.453520778,29.0,29.0,29.0,0.0,1.0,-0.3114,-0.3496,1.0,0.249,0.2501,0.0,2.35,2.35,35.0,0.735,0.64,0.655,0.6975,0.6275,0.7859999999999999,0.66593,0.6323300000000001,0.62669,0.6180399999999999
615,124,15.0,0.95,7.0,1.0,0.0,0.0,0.0,1.0,42.0,0.01,19.0,1.0,0.0,0.0,0.0,1.0,0.0,0.0,4.63,0.544911528,12.0,27.0,19.5,0.36842105299999994,1.0,1.0,1.0,1.0,0.0,0.0,1.0,4.63,4.63,0.0,0.8525,0.955,0.965,0.97,0.9775,1.0,1.0,1.0,1.0,1.0
620,125,28.0,1.0,28.0,1.0,0.0,0.0,0.0,1.0,41.0,0.4,12.0,1.0,0.0,0.0,0.0,1.0,0.0,0.0,-4.4,14.20704051,-16.0,13.0,-1.5,0.428571429,1.0,-0.1974,-0.193,0.004,0.0,0.0,0.0,-4.4,-4.4,0.0,0.2925,0.36,0.325,0.3275,0.36,0.26461,0.29,0.26839,0.26273,0.2604
625,126,-8.0,1.0,-8.0,1.0,0.0,0.0,0.0,1.0,80.0,0.2,-18.0,0.0,1.0,0.0,0.0,7.0,0.0,0.0,9.6,39.20382634,-10.0,91.0,75.75,0.444444444,1.0,-0.6034,-0.6048,0.754,0.1983,0.1976,0.0,9.6,9.6,40.4,0.53,0.515,0.51,0.4875,0.5175,0.83349,0.75943,0.72656,0.71439,0.7088399999999999
630,127,4.0,1.0,4.0,1.0,0.0,0.0,0.0,1.0,29.0,0.6,-40.0,1.0,0.0,0.0,0.0,1.0,1.0,0.0,-2.6,33.80295845,-44.0,25.0,-9.5,0.0,1.0,-0.24,0.2,0.0024,-0.62,-0.4,0.0,-17.83333333,-10.21666667,-55.2,0.2625,0.3325,0.4425,0.4625,0.44,0.22008000000000003,0.34692,0.37017,0.38190999999999997,0.38799999999999996
635,128,-3.0,1.0,-3.0,1.0,0.0,0.0,0.0,1.0,32.0,0.4,-16.0,1.0,0.0,0.0,0.0,1.0,0.0,0.0,6.2,23.51510153,-13.0,35.0,11.0,0.1875,1.0,-0.195,-0.1902,-0.0048,0.4025,0.4049,0.0,6.2,6.2,38.4,0.6375,0.565,0.555,0.5675,0.56,0.65856,0.6007600000000001,0.61788,0.62425,0.62529
640,129,-2.0,1.0,-2.0,1.0,0.0,0.0,0.0,1.0,-2.0,1.0,-2.0,0.0,1.0,0.0,0.0,9.0,0.0,0.0,0.0,1.4142135619999998,-4.0,4.0,0.0,0.333333333,1.0,0.0056,-0.0103,0.0088,0.1469,0.1402,0.0,0.0,0.0,1.4375,0.4625,0.5325,0.5075,0.48,0.525,0.49028999999999995,0.49128,0.49703,0.49703,0.50267
645,130,72.0,0.4,-41.0,1.0,0.0,0.0,0.0,1.0,16.0,0.01,1.0,1.0,0.0,0.0,0.0,1.0,0.0,0.0,-3.05,-53.86598703,42.0,-56.0,-7.0,0.0,1.0,0.2022,0.2112,-0.0044,0.6011,0.6056,0.0,-3.05,-3.05,135.6,0.6125,0.5975,0.56,0.5425,0.54,0.64723,0.60612,0.57616,0.56392,0.56005
650,131,18.0,1.0,18.0,1.0,0.0,0.0,0.0,1.0,45.0,0.01,11.0,1.0,0.0,0.0,0.0,1.0,0.0,0.0,-6.66,3.3829572860000003,-7.0,27.0,10.0,0.611111111,1.0,-0.9792,-0.9798,-0.0092,0.0,0.0,0.0,-6.66,-6.66,0.0,0.185,0.0875,0.08,0.0825,0.0625,0.22645,0.15909,0.11291,0.09928,0.094653
655,132,11.0,1.0,11.0,1.0,0.0,0.0,0.0,1.0,20.0,0.99,4.0,0.0,1.0,0.0,0.0,7.0,0.0,0.0,8.84,2.0048441340000003,-7.0,12.0,7.0,0.363636364,1.0,0.9752,0.9808,0.7454,0.0,0.0,0.0,8.84,8.84,0.0,0.81,0.94,0.965,0.97,0.9775,0.98488,0.9898399999999999,0.99267,0.99339,0.99339
660,133,3.0,1.0,3.0,1.0,0.0,0.0,0.0,1.0,8.0,0.99,-17.0,0.0,1.0,0.0,0.0,9.0,0.0,0.0,4.750000008,2.857883835,-20.0,9.0,2.5,0.0,1.0,0.9774,0.9792,0.7936,-0.0113,-0.0104,0.0,4.750000008,4.750000008,-0.579999971,0.705,0.905,0.92,0.9175,0.9375,0.7327899999999999,0.80924,0.85636,0.87349,0.87951
665,134,27.0,0.05,24.0,1.0,0.0,0.0,0.0,1.0,31.0,0.5,10.0,0.0,1.0,0.0,0.0,3.0,0.0,0.0,-3.65,9.858063179,-14.0,5.0,0.25,0.41666666700000005,1.0,-0.001,0.0088,0.5056,0.0,0.0,0.0,-3.65,-3.65,0.0,0.3425,0.335,0.375,0.38,0.37,0.2814,0.30813,0.29123000000000004,0.28217,0.28043
670,135,6.0,1.0,6.0,1.0,0.0,0.0,0.0,1.0,8.0,0.5,-1.0,1.0,0.0,0.0,0.0,1.0,0.0,0.0,-2.5,4.5,-7.0,2.0,-2.5,0.0,1.0,0.0034,-0.0108,0.0034,-0.4983,-0.5054,0.0,-2.5,-2.5,-9.0,0.245,0.3175,0.305,0.29,0.285,0.11384000000000001,0.13960999999999998,0.1434,0.14455,0.14379
675,136,4.0,1.0,4.0,1.0,0.0,0.0,0.0,1.0,25.0,0.01,-5.0,1.0,0.0,0.0,0.0,1.0,0.0,0.0,-8.7,2.9849623110000003,-9.0,21.0,6.0,0.0,1.0,-0.9798,-0.9814,0.0006,-0.9899,-0.9907,0.0,-8.7,-8.7,-59.4,0.155,0.07,0.0725,0.045,0.045,0.04736,0.035747,0.02748,0.023533000000000002,0.02216
680,137,3.0,1.0,3.0,1.0,0.0,0.0,0.0,1.0,4.0,0.4,3.0,0.0,1.0,0.0,0.0,5.0,1.0,0.0,0.4,0.8,-1.0,3.0,1.0,0.666666667,1.0,-0.2954,0.2564,0.4052,0.0,0.0,0.0,0.0,0.2,0.0,0.73,0.8625,0.895,0.9025,0.8975,0.63835,0.64355,0.64179,0.64239,0.6421100000000001
685,138,23.0,1.0,23.0,1.0,0.0,0.0,0.0,1.0,21.0,0.8,16.0,1.0,0.0,0.0,0.0,1.0,0.0,0.0,-3.0,2.0,-7.0,-2.0,-4.5,0.695652174,1.0,-1.0,-1.0,-1.0,0.0,0.0,-1.0,-3.0,-3.0,0.0,0.1325,0.065,0.0075,0.0175,0.015,0.0,0.0,0.0,0.0,0.0
690,139,14.0,1.0,14.0,1.0,0.0,0.0,0.0,1.0,35.0,0.6,-9.0,0.0,1.0,0.0,0.0,7.0,0.0,0.0,3.4,21.57637597,-23.0,24.0,15.5,0.0,1.0,0.1978,0.1906,0.7418,-0.4011,-0.4047,0.0,3.4,3.4,-37.6,0.48,0.6675,0.7,0.6375,0.6475,0.53117,0.5677300000000001,0.59735,0.6058899999999999,0.60897
695,140,-2.0,1.0,-2.0,1.0,0.0,0.0,0.0,1.0,9.0,0.25,8.0,1.0,0.0,0.0,0.0,1.0,0.0,0.0,10.25,0.433012702,10.0,11.0,10.5,0.0,1.0,1.0,1.0,1.0,1.0,1.0,1.0,10.25,10.25,22.0,0.91,0.98,0.98,0.985,0.98,1.0,1.0,1.0,1.0,1.0
700,141,28.0,0.8,-26.0,1.0,0.0,0.0,0.0,1.0,22.0,0.75,2.0,1.0,0.0,0.0,0.0,1.0,0.0,0.0,-0.2,-12.93974596,28.0,-6.0,11.0,0.0,1.0,-0.598,-0.5838,-0.0068,0.201,0.2081,0.0,-0.2,-0.2,21.6,0.7725,0.695,0.615,0.6025,0.62,0.6218,0.50061,0.46097,0.45185,0.4436
705,142,23.0,1.0,23.0,1.0,0.0,0.0,0.0,1.0,29.0,0.8,-8.0,1.0,0.0,0.0,0.0,1.0,0.0,0.0,-1.4,14.8,-31.0,6.0,-12.5,0.0,1.0,0.5952,0.6068,0.0108,-0.2024,-0.1966,0.0,-1.4,-1.4,-14.8,0.2975,0.44,0.4275,0.51,0.5375,0.32992,0.43453,0.46615,0.48136,0.48346999999999996
710,143,67.0,0.5,-39.0,1.0,0.0,0.0,0.0,1.0,93.0,0.25,-15.0,1.0,0.0,0.0,0.0,1.0,0.0,0.0,-2.0,-6.234628196,24.0,26.0,25.0,0.384615385,1.0,0.5052,0.2462,1.0,-0.2474,-0.2492,0.0,-2.0,-2.0,-66.0,0.525,0.5775,0.5425,0.595,0.6325,0.66287,0.61125,0.55367,0.54132,0.53908
715,144,16.0,0.8,12.0,1.0,0.0,0.0,0.0,1.0,15.0,1.0,15.0,0.0,1.0,0.0,0.0,9.0,0.0,0.0,-0.2,-0.185786438,-1.0,3.0,1.0,0.916666667,1.0,-0.1324,-0.2278,0.4468,0.0,0.0,0.0,-0.2,-0.2,0.0,0.4175,0.495,0.435,0.415,0.42,0.50143,0.47955,0.46718999999999994,0.46375,0.46526999999999996
720,145,17.0,0.5,-27.0,1.0,0.0,0.0,0.0,1.0,3.0,0.75,-35.0,0.0,1.0,0.0,0.0,7.0,0.0,0.0,-1.5,-5.511367552,-8.0,-11.0,3.25,0.771428571,1.0,-0.4986,-0.2474,-0.2532,0.2507,0.2446,0.0,-1.5,-1.5,25.390625,0.415,0.425,0.4175,0.3375,0.34,0.45056,0.45015,0.46597,0.46537,0.46311
725,146,45.0,0.2,3.0,1.0,0.0,0.0,0.0,1.0,75.0,0.05,13.0,0.0,1.0,0.0,0.0,5.0,0.0,0.0,4.7,-3.285563275,10.0,32.0,40.66666667,0.23076923100000002,1.0,0.6998,0.618,1.0,0.0,0.0,0.0,4.7,4.7,0.0,0.785,0.8225,0.8375,0.8675,0.835,0.903,0.85959,0.8221700000000001,0.81395,0.8123100000000001
730,147,29.0,1.0,29.0,1.0,0.0,0.0,0.0,1.0,36.0,0.1,32.0,0.0,1.0,0.0,0.0,7.0,0.0,0.0,3.4,1.260952021,3.0,10.0,6.5,0.90625,1.0,1.0,1.0,1.0,0.0,0.0,1.0,3.4,3.4,0.0,0.88,0.9625,0.9875,0.98,0.9675,1.0,1.0,1.0,1.0,1.0
735,148,65.0,0.01,1.0,1.0,0.0,0.0,0.0,1.0,12.0,0.01,3.0,1.0,0.0,0.0,0.0,1.0,1.0,-1.0,1.45,-5.472430903999999,2.0,-53.0,-25.5,0.333333333,1.0,0.9836,0.9774,-0.0084,0.0,0.0,0.0,2.406666667,1.928333333,0.0,0.73,0.81,0.8175,0.8425,0.8525,0.6731699999999999,0.72593,0.7608699999999999,0.76383,0.76647
740,149,12.0,1.0,12.0,1.0,0.0,0.0,0.0,1.0,31.0,0.1,12.0,0.0,1.0,0.0,0.0,3.0,0.0,0.0,1.9,5.704384279,0.0,20.0,14.25,1.0,1.0,0.0979,0.1007,0.7471,0.0,0.0,1.0,1.9,1.9,0.0,0.8575,0.9,0.92,0.91,0.94,1.0,1.0,1.0,1.0,1.0
745,150,16.0,1.0,16.0,1.0,0.0,0.0,0.0,1.0,24.0,0.05,12.0,0.0,0.0,1.0,0.0,3.0,0.0,0.0,-3.4,2.6720778430000003,-4.0,10.0,4.5,0.75,1.0,-0.9032,-0.8962,0.5044,0.0,0.0,0.0,-3.4,-3.4,-1.78e-15,0.3525,0.25,0.215,0.185,0.17,0.24981,0.1898,0.15092,0.14012,0.13549
750,151,27.0,0.8,-37.0,0.0,0.0,0.0,1.0,7.0,28.0,0.01,20.0,0.0,1.0,0.0,0.0,3.0,0.0,0.0,5.88,-29.36310351,57.0,-118.0,-17.75,0.0,1.0,-0.6054,-0.591,-0.3881,0.1973,0.1988,0.0,5.88,5.88,73.6,0.669491525,0.5,0.447457627,0.45423728799999996,0.462711864,0.8056399999999999,0.79284,0.78272,0.7893600000000001,0.7859999999999999
755,152,87.0,0.2,-26.0,0.0,1.0,0.0,0.0,5.0,64.0,0.05,0.0,0.0,1.0,0.0,0.0,9.0,0.0,0.0,6.600000064,-31.25015142,26.0,-21.0,-10.56666667,0.0,1.0,0.6132,0.5936,-0.6612,0.6606,0.6042,0.0,6.600000064,6.600000064,74.75000012,0.785,0.798333333,0.778333333,0.79,0.786666667,0.7671600000000001,0.75708,0.73632,0.72968,0.7208399999999999
760,153,39.0,0.4,6.0,0.0,1.0,0.0,0.0,5.0,15.0,0.95,12.0,1.0,0.0,0.0,0.0,1.0,0.0,1.0,-4.35,-15.52516389,6.0,-26.0,-20.0,0.5,1.0,0.2114,0.2072,-0.6584,0.0,0.0,0.0,-4.35,-4.35,0.0,0.366956522,0.300869565,0.35826087,0.35478260899999997,0.380869565,0.20404,0.28256,0.30164,0.30848000000000003,0.3056
765,154,46.0,0.1,16.0,1.0,0.0,0.0,0.0,1.0,65.0,0.2,2.0,0.0,1.0,0.0,0.0,5.0,1.0,0.0,-4.4,16.20396794,-14.0,21.0,23.5,0.125,1.0,-0.2668,-0.6062,0.6608,0.0,0.0,0.0,6.166666667,0.8833333329999999,0.0,0.6632478629999999,0.582905983,0.434188034,0.40170940200000005,0.335042735,0.9561200000000001,0.7270800000000001,0.51344,0.44268,0.4052
770,155,7.0,1.0,7.0,1.0,0.0,0.0,0.0,1.0,6.0,0.01,-4.0,0.0,1.0,0.0,0.0,5.0,0.0,0.0,-10.9,1.0,-11.0,1.0,-2.666666667,0.0,1.0,-0.9963,-0.9964,-0.5054,-0.9896,-0.99,0.0,-10.9,-10.9,-23.76,0.030252101,0.011764706000000002,0.008403361,0.003361345,0.003361345,0.0006799999999999999,0.00032,0.0004,0.00023999999999999998,0.00023999999999999998
775,156,-1.0,1.0,-1.0,1.0,0.0,0.0,0.0,1.0,1.0,0.2,-1.0,0.0,1.0,0.0,0.0,7.0,0.0,0.0,0.4,0.9695359709999999,-1.0,5.0,2.0,0.5,1.0,0.1776,0.1747,0.573,0.1808,0.1788,0.0,0.4,0.4,1.85625,0.901694915,0.9423728809999999,0.952542373,0.969491525,0.966101695,0.687,0.6696,0.6614399999999999,0.66108,0.65676
780,157,16.0,1.0,16.0,1.0,0.0,0.0,0.0,1.0,33.0,0.5,14.0,1.0,0.0,0.0,0.0,1.0,0.0,0.0,7.5,9.5,-2.0,17.0,7.5,0.875,1.0,-0.0102,0.012,-0.0102,0.0,0.0,0.0,7.5,7.5,0.0,0.9101694920000001,0.925423729,0.898305085,0.894915254,0.9,0.9746,0.9716,0.97488,0.97596,0.97556
785,158,3.0,0.8,-17.0,0.0,0.0,0.0,1.0,2.0,6.0,0.6,-13.0,0.0,1.0,0.0,0.0,9.0,0.0,0.0,-0.6,1.322454892,4.0,6.0,7.766666667000001,0.764705882,1.0,0.5943,0.3041,1.0,-0.2015,-0.2079,0.0,-0.6,-0.6,-10.8,0.522033898,0.5406779660000001,0.610169492,0.603389831,0.601694915,0.6236,0.5765600000000001,0.537,0.52852,0.52788
790,159,14.0,1.0,14.0,1.0,0.0,0.0,0.0,1.0,20.0,0.95,16.0,1.0,0.0,0.0,0.0,1.0,0.0,0.0,5.8,0.8717797890000001,2.0,6.0,4.0,0.875,1.0,1.0,1.0,1.0,0.0,0.0,1.0,5.8,5.8,0.0,0.9068965520000001,0.9620689659999999,0.9862068970000001,0.99137931,0.99137931,1.0,1.0,1.0,1.0,1.0
795,160,60.0,0.1,19.0,1.0,0.0,0.0,0.0,1.0,34.0,0.8,23.0,1.0,0.0,0.0,0.0,1.0,0.0,-1.0,8.7,-7.9,4.0,-26.0,-11.0,0.826086957,1.0,0.7918,0.7979999999999999,-0.0192,0.0,0.0,0.0,8.7,8.7,0.0,0.801724138,0.853448276,0.824137931,0.8431034479999999,0.851724138,0.79076,0.8244,0.8478399999999999,0.852,0.85936
800,161,0.0,0.9,-4.0,0.0,0.0,0.0,1.0,5.0,-2.0,0.99,-8.0,1.0,0.0,0.0,0.0,1.0,0.0,0.0,-1.66,-6.726940907,-4.0,-28.0,-11.4,0.5,1.0,0.2981,0.3197,-1.0,-0.2305,-0.2271,0.0,-1.66,-1.66,-15.3,0.176470588,0.208403361,0.22352941199999998,0.23697479,0.284033613,0.17092000000000002,0.23212,0.24691999999999997,0.25736,0.25736
805,162,39.0,0.6,14.0,1.0,0.0,0.0,0.0,1.0,48.0,0.25,24.0,1.0,0.0,0.0,0.0,1.0,0.0,0.0,1.0,-1.8551438690000002,10.0,9.0,9.5,0.583333333,1.0,0.2842,0.0936,1.0,0.0,0.0,0.0,1.0,1.0,0.0,0.5406779660000001,0.5101694920000001,0.5796610170000001,0.56440678,0.559322034,0.747,0.65456,0.6157199999999999,0.6034,0.5962
810,163,25.0,1.0,25.0,1.0,0.0,0.0,0.0,1.0,35.0,0.2,12.0,1.0,0.0,0.0,0.0,1.0,0.0,0.0,-8.4,9.2,-13.0,10.0,-1.5,0.48,1.0,-0.6024,-0.5920000000000001,-0.0058,0.0,0.0,0.0,-8.4,-8.4,0.0,0.093220339,0.115254237,0.11694915300000001,0.111864407,0.10508474599999999,0.1,0.10076,0.08796,0.08648,0.079
815,164,1.0,0.5,1.0,1.0,0.0,0.0,0.0,1.0,40.0,0.01,-4.0,1.0,0.0,0.0,0.0,1.0,0.0,0.0,-4.56,4.377944723,-5.0,39.0,17.0,0.0,1.0,-0.981,-0.9786,0.0046,-0.9905,-0.9893,0.0,-4.56,-4.56,-87.12,0.107563025,0.11092437,0.124369748,0.11092437,0.10588235300000001,0.1322,0.11084000000000001,0.0916,0.08208,0.07927999999999999
820,165,35.0,0.75,-18.0,1.0,0.0,0.0,0.0,1.0,53.0,0.2,27.0,0.0,1.0,0.0,0.0,9.0,0.0,0.0,10.45,-12.53046018,45.0,22.0,41.9,0.0,1.0,-0.0872,-0.193,1.0,0.2513,0.2439,0.0,10.45,10.45,37.5,0.901694915,0.86779661,0.844067797,0.861016949,0.820338983,0.9696799999999999,0.9448,0.9408799999999999,0.9400799999999999,0.9364399999999999
825,166,-6.0,1.0,-6.0,1.0,0.0,0.0,0.0,1.0,15.0,0.6,-10.0,1.0,0.0,0.0,0.0,1.0,0.0,0.0,11.0,12.24744871,-4.0,21.0,8.5,0.6,1.0,0.1856,0.20600000000000002,-0.0138,0.5928,0.603,0.0,11.0,11.0,30.0,0.907692308,0.931623932,0.892307692,0.9042735040000001,0.926495726,0.99116,0.9884,0.9902799999999999,0.9907600000000001,0.9904
830,167,13.0,1.0,13.0,1.0,0.0,0.0,0.0,1.0,12.0,0.8,8.0,1.0,0.0,0.0,0.0,1.0,0.0,0.0,-1.8,1.6,-5.0,-1.0,-3.0,0.615384615,1.0,-1.0,-1.0,-1.0,0.0,0.0,-1.0,-1.8,-1.8,0.0,0.054237288,0.022033898,0.005084745999999999,0.005084745999999999,0.005084745999999999,0.0,0.0,0.0,0.0,0.0
835,168,29.0,1.0,29.0,1.0,0.0,0.0,0.0,1.0,31.0,0.8,10.0,0.0,1.0,0.0,0.0,3.0,0.0,0.0,-2.2,8.423775875,-19.0,3.0,-3.25,0.344827586,1.0,0.597,0.5946,0.4874,0.0,0.0,0.0,-2.2,-2.2,0.0,0.245762712,0.37118644100000003,0.410169492,0.377966102,0.35593220299999995,0.25876,0.287,0.29412,0.28808,0.29131999999999997
840,169,58.0,0.1,0.0,1.0,0.0,0.0,0.0,1.0,26.0,0.2,8.0,0.0,0.0,0.0,1.0,3.0,1.0,-1.0,5.8,-10.11714342,8.0,-28.0,-7.0,0.0,1.0,0.7994,0.7972,0.012,0.8997,0.8986,0.0,6.1333333329999995,5.966666667,52.2,0.8765217390000001,0.909565217,0.9026086959999999,0.869565217,0.871304348,0.8935200000000001,0.8728799999999999,0.8595200000000001,0.8541200000000001,0.85756
845,170,30.0,0.99,28.0,0.0,0.0,0.0,1.0,6.0,30.0,0.6,19.0,0.0,0.0,1.0,0.0,6.0,0.0,0.0,-4.38,-1.156290566,-52.0,-52.0,-25.28571429,0.0,1.0,-0.20199999999999999,-0.1008,-1.0,-0.0191,-0.0198,0.0,-4.38,-4.38,-4.275,0.07008547,0.063247863,0.109401709,0.109401709,0.097435897,0.07923999999999999,0.15724000000000002,0.18076,0.18992,0.19108
850,171,-8.0,1.0,-8.0,1.0,0.0,0.0,0.0,1.0,7.0,0.25,-14.0,0.0,1.0,0.0,0.0,9.0,0.0,0.0,-0.749999993,9.120718188,-6.0,19.0,12.9,0.571428571,1.0,-0.4968,-0.4968,0.8016,0.2516,0.2516,0.0,-0.749999993,-0.749999993,12.50000003,0.579487179,0.557264957,0.528205128,0.41025641,0.38290598299999995,0.64544,0.54056,0.49683999999999995,0.48152,0.47331999999999996
855,172,21.0,1.0,21.0,1.0,0.0,0.0,0.0,1.0,26.0,0.8,-24.0,1.0,0.0,0.0,0.0,1.0,0.0,0.0,-5.0,20.0,-45.0,5.0,-20.0,0.0,1.0,0.5914,0.6114,-0.005,-0.2043,-0.1943,0.0,-5.0,-5.0,-20.0,0.18965517199999998,0.284482759,0.305172414,0.312068966,0.34137931,0.16168,0.21988000000000002,0.24256,0.2508,0.26008000000000003
860,173,83.0,0.5,-33.0,0.0,1.0,0.0,0.0,7.0,25.0,1.0,25.0,1.0,0.0,0.0,0.0,1.0,0.0,0.0,0.0,-58.00646516,58.0,-61.0,-43.5,0.0,1.0,0.0226,-0.001,-0.7466,0.5113,0.4995,0.0,0.0,0.0,119.0,0.613793103,0.49655172399999997,0.487931034,0.525862069,0.5017241379999999,0.605,0.5573600000000001,0.54552,0.5414399999999999,0.5422399999999999
865,174,74.0,0.6,-36.0,0.0,1.0,0.0,0.0,5.0,46.0,0.5,-11.0,0.0,1.0,0.0,0.0,3.0,0.0,0.0,-12.5,-25.38995545,25.0,-29.0,-23.91666667,0.305555556,1.0,-0.2034,-0.2048,-0.6698,-0.1032,-0.09699999999999999,0.0,-12.5,-12.5,-22.4,0.499159664,0.37142857100000004,0.354621849,0.32605042,0.297478992,0.18,0.28908,0.3022,0.29968,0.29644000000000004
870,175,-4.0,1.0,-4.0,1.0,0.0,0.0,0.0,1.0,-2.0,0.8,-25.0,0.0,1.0,0.0,0.0,9.0,0.0,0.0,-2.6,9.286549413,-21.0,6.0,-0.3,0.16,1.0,0.4608,0.479,0.3078,0.1204,0.1219,0.0,-2.6,-2.6,3.88125,0.313793103,0.437931034,0.482758621,0.489655172,0.42758620700000005,0.26132,0.28248,0.27236,0.26968000000000003,0.26804
875,176,-9.0,1.0,-9.0,1.0,0.0,0.0,0.0,1.0,12.0,0.5,-8.0,1.0,0.0,0.0,0.0,1.0,1.0,0.0,11.0,10.0,1.0,21.0,11.0,0.8888888890000001,1.0,1.0,1.0,1.0,0.1454,0.4989,1.0,4.0,7.5,21.0,0.860344828,0.975862069,1.0,1.0,1.0,1.0,1.0,1.0,1.0,1.0
880,177,41.0,0.4,-4.0,0.0,1.0,0.0,0.0,5.0,42.0,0.4,-9.0,0.0,1.0,0.0,0.0,5.0,1.0,0.0,-2.6,2.93832096,-5.0,1.0,0.0,0.444444444,1.0,-0.1926,-0.2955,0.6826,0.0284,-0.0072,0.0,-1.166666667,-1.8833333330000002,0.0,0.562711864,0.5237288139999999,0.477966102,0.415254237,0.386440678,0.9636399999999999,0.7337199999999999,0.5934,0.53888,0.4912
885,178,32.0,0.6,-38.0,1.0,0.0,0.0,0.0,1.0,14.0,0.2,4.0,0.0,0.0,1.0,0.0,3.0,0.0,0.0,2.0,-30.14556813,42.0,-16.0,14.0,0.0,1.0,-0.1972,-0.1954,0.0034,0.4014,0.4023,0.0,2.0,2.0,56.0,0.820338983,0.738983051,0.661016949,0.644067797,0.642372881,0.72696,0.622,0.6074,0.59892,0.5944
890,179,36.0,0.8,-18.0,0.0,1.0,0.0,0.0,5.0,52.0,0.25,21.0,0.0,0.0,1.0,0.0,3.0,0.0,0.0,3.55,-8.13936002,39.0,16.0,16.75,0.0,1.0,-0.114,-0.2214,0.8422,0.1969,0.1949,0.0,3.55,3.55,28.8,0.8252100840000001,0.749579832,0.682352941,0.6957983190000001,0.705882353,0.7944,0.67888,0.64464,0.6419199999999999,0.6348
895,180,50.0,0.6,-8.0,0.0,0.0,1.0,0.0,6.0,52.0,0.4,-12.0,1.0,0.0,0.0,0.0,1.0,1.0,0.0,-13.2,1.487769319,-4.0,-3.0,-9.714285713999999,0.666666667,1.0,-1.0,-0.5654,-0.5636,-0.213,-0.1879,-1.0,-15.2,-14.2,-24.2875,0.286440678,0.283050847,0.215254237,0.2,0.186440678,0.02012,0.16092,0.19884000000000002,0.19224000000000002,0.19188
900,181,-9.0,1.0,-9.0,1.0,0.0,0.0,0.0,1.0,71.0,0.2,-20.0,0.0,0.0,0.0,1.0,4.0,0.0,0.0,7.2,36.45764666,-11.0,91.0,63.8,0.45,1.0,-0.603,-0.5966,0.6096,0.1985,0.2017,0.0,7.2,7.2,40.8,0.571186441,0.53220339,0.461016949,0.428813559,0.459322034,0.73128,0.62012,0.58008,0.5678,0.5598
905,182,28.0,1.0,28.0,1.0,0.0,0.0,0.0,1.0,27.0,0.95,-11.0,1.0,0.0,0.0,0.0,1.0,0.0,0.0,-2.9,8.281907992999999,-39.0,-1.0,-20.0,0.0,1.0,-1.0,-1.0,-1.0,-0.0515,-0.0463,-1.0,-2.9,-2.9,-3.9,0.039316238999999996,0.022222222000000003,0.006837607,0.005128205,0.006837607,0.0,0.0,0.0,0.0,0.0
910,183,35.0,0.25,-14.0,0.0,1.0,0.0,0.0,3.0,42.0,0.25,-14.0,0.0,0.0,0.0,1.0,3.0,0.0,0.0,1.75,3.059053231,0.0,10.0,5.75,1.0,1.0,0.2517,0.0541,0.7482,0.0,-0.0073,1.0,1.75,1.75,0.0,0.9226890759999999,0.915966387,0.8806722690000001,0.8672268909999999,0.855462185,1.0,0.84396,0.77444,0.7672399999999999,0.76876
915,184,22.0,0.01,16.0,0.0,0.0,0.0,1.0,3.0,84.0,0.25,-9.0,0.0,0.0,1.0,0.0,3.0,0.0,-1.0,-1.81,39.64351054,-25.0,60.0,39.25,0.0,1.0,-0.5058,-0.5056,0.4998,-0.7529,-0.7528,0.0,-1.81,-1.81,-142.5,0.264957265,0.30940170899999997,0.32649572600000004,0.336752137,0.305982906,0.33956,0.33624,0.35084,0.35724,0.36664
920,185,7.0,1.0,7.0,1.0,0.0,0.0,0.0,1.0,18.0,0.99,-19.0,1.0,0.0,0.0,0.0,1.0,0.0,0.0,10.63,3.681453517,-26.0,11.0,-7.5,0.0,1.0,0.9842,0.9816,-0.0076,-0.0079,-0.0092,0.0,10.63,10.63,-0.74,0.7794871790000001,0.905982906,0.935042735,0.941880342,0.958974359,0.7866,0.85992,0.9084,0.9222,0.9300799999999999
925,186,19.0,1.0,19.0,1.0,0.0,0.0,0.0,1.0,97.0,0.1,5.0,1.0,0.0,0.0,0.0,1.0,0.0,0.0,-4.8,27.6,-14.0,78.0,32.0,0.263157895,1.0,-0.807,-0.8054,0.0026,0.0,0.0,0.0,-4.8,-4.8,0.0,0.269491525,0.237288136,0.261016949,0.271186441,0.26440678,0.31528,0.26152,0.24548000000000003,0.23636,0.2356
930,187,-3.0,1.0,-3.0,1.0,0.0,0.0,0.0,1.0,43.0,0.2,-20.0,1.0,0.0,0.0,0.0,1.0,0.0,0.0,-4.4,25.2,-17.0,46.0,14.5,0.15,1.0,-0.5954,-0.6088,0.0112,0.2023,0.1956,0.0,-4.4,-4.4,25.2,0.256410256,0.215384615,0.26153846199999997,0.25299145300000003,0.232478632,0.36572,0.31624,0.30644,0.30756,0.30564
935,188,-7.0,1.0,-7.0,1.0,0.0,0.0,0.0,1.0,-4.0,0.01,-5.0,0.0,1.0,0.0,0.0,3.0,0.0,0.0,2.01,0.12206555599999999,2.0,4.0,3.0,0.7142857140000001,-1.0,1.0,1.0,1.0,0.0,0.0,1.0,2.01,2.01,0.0,0.834482759,0.939655172,0.984482759,0.987931034,0.99137931,1.0,1.0,1.0,1.0,1.0
940,189,2.0,1.0,2.0,1.0,0.0,0.0,0.0,1.0,4.0,0.75,-23.0,1.0,0.0,0.0,0.0,1.0,0.0,0.0,-4.75,11.69134295,-25.0,2.0,-11.5,0.0,1.0,0.4936,0.5042,-0.0076,-0.2532,-0.2479,0.0,-4.75,-4.75,-13.5,0.167521368,0.276923077,0.27008547,0.254700855,0.26153846199999997,0.06368,0.0806,0.08724,0.08744,0.09008
945,190,10.0,1.0,10.0,1.0,0.0,0.0,0.0,1.0,28.0,0.2,-1.0,1.0,0.0,0.0,0.0,1.0,0.0,0.0,-5.2,11.6,-11.0,18.0,3.5,0.0,1.0,-0.5926,-0.5988,0.006,-0.7963,-0.7994,0.0,-5.2,-5.2,-46.4,0.137931034,0.201724138,0.205172414,0.201724138,0.20689655199999998,0.12084,0.14848,0.14012,0.1422,0.14132
950,191,16.0,1.0,16.0,1.0,0.0,0.0,0.0,1.0,15.0,0.8,-12.0,1.0,0.0,0.0,0.0,1.0,0.0,0.0,-6.4,10.8,-28.0,-1.0,-14.5,0.0,1.0,-1.0,-1.0,-1.0,-0.1984,-0.19899999999999998,-1.0,-6.4,-6.4,-11.2,0.049152542,0.022033898,0.008474576,0.0,0.006779661,0.0,0.0,0.0,0.0,0.0
955,192,10.0,1.0,10.0,1.0,0.0,0.0,0.0,1.0,59.0,0.01,4.0,1.0,0.0,0.0,0.0,1.0,0.0,0.0,-5.45,5.472430903999999,-6.0,49.0,21.5,0.4,1.0,-0.9792,-0.9808,-0.0128,0.0,0.0,0.0,-5.45,-5.45,0.0,0.15726495699999998,0.126495726,0.123076923,0.133333333,0.128205128,0.2846,0.21116,0.16435999999999998,0.14644000000000001,0.13128
960,193,42.0,0.01,29.0,1.0,0.0,0.0,0.0,1.0,80.0,0.1,20.0,0.0,0.0,1.0,0.0,2.0,0.0,0.0,-3.13,16.709293900000002,-9.0,39.0,24.5,0.689655172,1.0,-0.7976,-0.7968,0.3346,0.0,0.0,0.0,-3.13,-3.13,0.0,0.494017094,0.41367521399999996,0.35726495700000005,0.34700854700000006,0.321367521,0.45364,0.36436,0.3166,0.3114,0.30072
965,194,30.0,1.0,30.0,1.0,0.0,0.0,0.0,1.0,64.0,0.01,20.0,1.0,0.0,0.0,0.0,1.0,1.0,0.0,-9.56,4.377944723,-10.0,34.0,12.0,0.666666667,1.0,-0.5072,-0.9768,0.0048,0.0,0.0,0.0,0.666666667,-4.446666667,0.0,0.456637168,0.35044247799999995,0.21238938100000002,0.130973451,0.10796460199999999,0.6859999999999999,0.38208000000000003,0.2028,0.15604,0.13024000000000002
970,195,10.0,1.0,10.0,1.0,0.0,0.0,0.0,1.0,92.0,0.01,9.0,0.0,1.0,0.0,0.0,9.0,0.0,0.0,-0.1699931,8.259637256,-1.0,86.0,73.7,0.9,1.0,-0.9778,-0.9796,0.8008,0.0,0.0,0.0,-0.1699931,-0.1699931,6.53e-06,0.667826087,0.6156521739999999,0.6,0.55826087,0.556521739,0.6564800000000001,0.56892,0.50676,0.4914,0.47503999999999996
975,196,19.0,0.8,4.0,1.0,0.0,0.0,0.0,1.0,38.0,0.6,-27.0,1.0,0.0,0.0,0.0,1.0,1.0,0.0,-4.0,25.84336666,-31.0,19.0,-6.0,0.0,1.0,-0.2362,0.1882,-0.0098,-0.6181,-0.4059,0.0,-17.83333333,-10.91666667,-52.0,0.157627119,0.23220339,0.447457627,0.428813559,0.427118644,0.21924000000000002,0.34448,0.36464,0.36776,0.37616
980,197,19.0,1.0,19.0,1.0,0.0,0.0,0.0,1.0,38.0,0.75,-33.0,0.0,0.0,0.0,1.0,4.0,0.0,0.0,1.25,30.99899192,-52.0,30.0,6.8,0.0,1.0,0.4954,0.5116,0.5992,-0.2523,-0.2442,0.0,1.25,1.25,-41.0,0.370689655,0.548275862,0.624137931,0.64137931,0.639655172,0.43244,0.51764,0.5344800000000001,0.54004,0.5422
985,198,31.0,0.8,-4.0,1.0,0.0,0.0,0.0,1.0,34.0,0.1,16.0,1.0,0.0,0.0,0.0,1.0,1.0,1.0,-6.2,-8.6,20.0,3.0,11.5,0.0,1.0,0.0344,-0.409,1.0,0.2017,0.1935,0.0,-2.333333333,-4.266666667,15.2,0.682352941,0.497478992,0.396638655,0.373109244,0.352941176,0.75464,0.5316,0.43943999999999994,0.42723999999999995,0.41003999999999996
990,199,76.0,0.5,-24.0,1.0,0.0,0.0,0.0,1.0,38.0,0.6,-20.0,0.0,0.0,1.0,0.0,3.0,0.0,0.0,-11.2,-21.52264057,4.0,-36.0,-3.0,0.833333333,1.0,0.004,-0.0006,0.004,0.1013,0.1021,0.0,-11.2,-11.2,20.0,0.43697479,0.378151261,0.354621849,0.324369748,0.34957983200000003,0.18844,0.29191999999999996,0.3128,0.31248000000000004,0.30416
995,200,16.0,1.0,16.0,1.0,0.0,0.0,0.0,1.0,40.0,0.6,-15.0,1.0,0.0,0.0,0.0,1.0,0.0,0.0,2.0,26.94438717,-31.0,24.0,-3.5,0.0,1.0,0.2106,0.1806,0.003,-0.3947,-0.4097,0.0,2.0,2.0,-44.0,0.373109244,0.536134454,0.556302521,0.546218487,0.556302521,0.38372,0.45276000000000005,0.48163999999999996,0.49208,0.49568
1000,201,14.0,1.0,14.0,1.0,0.0,0.0,0.0,1.0,14.0,1.0,14.0,0.0,0.0,0.0,1.0,2.0,0.0,0.0,0.0,1.0,-1.0,1.0,0.0,0.9285714290000001,1.0,0.01,0.0084,0.01,0.0,0.0,0.0,0.0,0.0,0.0,0.43529411799999995,0.5159663870000001,0.522689076,0.472268908,0.401680672,0.5022399999999999,0.49616000000000005,0.49868,0.50076,0.49996
1005,202,53.0,0.1,27.0,1.0,0.0,0.0,0.0,1.0,32.0,0.95,9.0,1.0,0.0,0.0,0.0,1.0,0.0,0.0,1.25,-2.787266215,-18.0,-21.0,-19.5,0.333333333,1.0,0.6978,0.7074,-1.0,0.0,0.0,0.0,1.25,1.25,0.0,0.574358974,0.627350427,0.6529914529999999,0.606837607,0.586324786,0.37664000000000003,0.48656000000000005,0.54692,0.56808,0.57584
1010,203,104.0,0.05,1.0,0.0,1.0,0.0,0.0,7.0,34.0,0.05,2.0,0.0,0.0,1.0,0.0,2.0,0.0,0.0,-2.55,-15.47217799,1.0,-72.0,-67.79166667,0.5,1.0,0.8982,0.9064,-0.7466,0.0,0.0,0.0,-2.55,-2.55,2.84e-14,0.46153846200000004,0.468376068,0.46666666700000003,0.452991453,0.439316239,0.12155999999999999,0.1804,0.2158,0.22512,0.23235999999999998
1015,204,9.0,1.0,9.0,1.0,0.0,0.0,0.0,1.0,55.0,0.1,5.0,1.0,0.0,0.0,0.0,1.0,1.0,0.0,1.0,15.0,-4.0,46.0,21.0,0.5555555560000001,1.0,-0.618,-0.7956,-0.0132,0.0,0.0,0.0,5.666666667,3.333333333,0.0,0.644067797,0.53220339,0.452542373,0.41694915299999996,0.369491525,0.9733200000000001,0.9403600000000001,0.8707600000000001,0.76852,0.68612
1020,205,36.0,0.05,16.0,0.0,0.0,1.0,0.0,6.0,33.0,0.5,-1.0,1.0,0.0,0.0,0.0,1.0,0.0,0.0,-1.0,11.89607994,20.0,-8.0,-5.1428571430000005,0.047619048,1.0,-0.078,-0.0428,-0.5586,-0.4943,-0.4975,0.0,-1.0,-1.0,-61.80625,0.418803419,0.492307692,0.494017094,0.492307692,0.468376068,0.43408,0.45611999999999997,0.44236000000000003,0.4388,0.44068
1025,206,92.0,0.2,9.0,1.0,0.0,0.0,0.0,1.0,26.0,1.0,26.0,0.0,1.0,0.0,0.0,7.0,0.0,0.0,0.4,-31.97525513,14.0,-63.0,-24.5,0.39130434799999997,1.0,0.6088,0.6002,0.0138,0.0,0.0,0.0,0.4,0.4,0.0,0.677310924,0.7142857140000001,0.68907563,0.650420168,0.6722689079999999,0.55372,0.60516,0.61756,0.6156,0.62252
1030,207,22.0,0.9,-41.0,1.0,0.0,0.0,0.0,1.0,14.0,0.99,6.0,1.0,0.0,0.0,0.0,1.0,0.0,0.0,-1.78,-18.10401005,47.0,-8.0,19.5,0.0,1.0,-0.794,-0.8038,0.0098,0.10300000000000001,0.0981,0.0,-1.78,-1.78,12.6,0.66779661,0.48644067799999996,0.413559322,0.410169492,0.42033898299999994,0.532,0.41463999999999995,0.36372,0.35128000000000004,0.33404
1035,208,6.0,1.0,6.0,0.0,0.0,0.0,1.0,4.0,116.0,0.25,-31.0,0.0,1.0,0.0,0.0,9.0,0.0,0.0,-0.24999988399999998,59.07421901,-34.0,103.0,92.8,0.0,1.0,-0.5012,-0.49700000000000005,0.805,-0.7506,-0.7485,0.0,-0.24999988399999998,-0.24999988399999998,-226.4999998,0.273333333,0.308333333,0.35166666700000004,0.333333333,0.365,0.3818,0.36932,0.38824000000000003,0.39392,0.39068
1040,209,85.0,0.4,-22.0,0.0,0.0,1.0,0.0,7.0,30.0,0.95,-2.0,1.0,0.0,0.0,0.0,1.0,0.0,0.0,7.6,-46.64441516,33.0,-61.0,-32.875,0.057142857000000005,1.0,0.23,0.2166,-0.5038,0.5597,0.5536,0.0,7.6,7.6,140.175,0.793277311,0.7680672270000001,0.737815126,0.71092437,0.715966387,0.70276,0.6713600000000001,0.67624,0.68076,0.68096
1045,210,25.0,0.2,10.0,1.0,0.0,0.0,0.0,1.0,102.0,0.05,9.0,0.0,1.0,0.0,0.0,3.0,0.0,0.0,0.65,14.26949679,-1.0,78.0,61.25,0.9,1.0,-0.9008,-0.9032,0.5116,0.0,0.0,0.0,0.65,0.65,-1.42e-14,0.638983051,0.577966102,0.493220339,0.47288135600000003,0.484745763,0.66956,0.5788399999999999,0.52088,0.49908,0.4898
0,211,96.0,0.2,3.0,0.0,1.0,0.0,0.0,5.0,59.0,0.5,-19.0,1.0,0.0,0.0,0.0,1.0,0.0,0.0,-1.6000000000000083,1.7973119250772385,-22.0,-39.0,-60.5,0.0,1.0,-0.3956,-0.18520000000000006,-1.0,-0.4984,-0.485,0.0,-1.6000000000000083,-1.6000000000000083,-117.00000000000004,0.431666667,0.435,0.403333333,0.358333333,0.328333333,0.19799999999999351,0.3075499999999902,0.3639499999999846,0.3748999999999837,0.3780499999999831
5,212,-9.0,1.0,-9.0,1.0,0.0,0.0,0.0,1.0,-6.0,0.99,-36.0,0.0,1.0,0.0,0.0,9.0,0.0,0.0,2.6999999999999966,3.3000000000000016,-27.0,7.0,0.0,0.25,-1.0,0.9422,0.9439,0.5070000000000001,0.0,0.0,0.0,2.6999999999999966,2.6999999999999966,-1.4210854715202004e-14,0.75,0.8683333329999999,0.928333333,0.926666667,0.948333333,0.8379999999999377,0.8566499999999352,0.8712499999999336,0.8734499999999332,0.8745499999999331
10,213,1.0,1.0,1.0,1.0,0.0,0.0,0.0,1.0,27.0,0.05,1.0,1.0,0.0,0.0,0.0,1.0,1.0,0.0,1.2999999999999998,5.666568626602875,0.0,26.0,13.0,1.0,1.0,0.1689,0.0474,0.4998,0.0,0.0,1.0,4.333333333333333,2.8166666666666664,0.0,0.93,0.948333333,0.953333333,0.95,0.971666667,0.9999999999999176,0.9999999999999176,0.9999999999999176,0.9999999999999176,0.9999999999999176
15,214,3.0,1.0,3.0,1.0,0.0,0.0,0.0,1.0,74.0,0.2,-20.0,1.0,0.0,0.0,0.0,1.0,0.0,0.0,-4.199999999999998,37.6,-23.0,71.0,24.0,0.0,1.0,-0.5862,-0.6008,0.0,-0.8029,-0.7955,0.0,-4.199999999999998,-4.199999999999998,-150.4,0.175,0.145,0.183333333,0.17,0.161666667,0.25104999999999084,0.2640999999999938,0.28599999999999104,0.29854999999998993,0.2910999999999901
20,215,32.0,0.5,14.0,1.0,0.0,0.0,0.0,1.0,17.0,0.99,16.0,0.0,1.0,0.0,0.0,5.0,0.0,0.0,-6.009999999999998,-8.000050001250061,1.0,-13.0,-6.0,0.9333333333333332,1.0,0.014000000000000012,0.008000000000000007,-0.0012000000000000346,0.0,0.0,0.0,-6.009999999999998,-6.009999999999998,3.552713678800501e-15,0.131666667,0.098333333,0.121666667,0.096666667,0.106666667,0.0440500000000006,0.060600000000000875,0.0537500000000008,0.05455000000000086,0.05635000000000087
25,216,53.0,0.05,-12.0,0.0,0.0,0.0,1.0,7.0,-9.0,1.0,-9.0,1.0,0.0,0.0,0.0,1.0,0.0,0.0,-0.2500000000000018,-14.71691204023453,3.0,-182.0,-78.625,0.75,1.0,0.9024,0.8888,-0.7596,-0.0496,-0.051,0.0,-0.2500000000000018,-0.2500000000000018,-18.500000000000032,0.413333333,0.456666667,0.5166666670000001,0.53,0.551666667,0.35719999999998514,0.4651999999999757,0.5384499999999686,0.5569499999999672,0.5731999999999661
30,217,-6.0,1.0,-6.0,0.0,1.0,0.0,0.0,9.0,93.0,0.2,-35.0,0.0,0.0,1.0,0.0,3.0,0.0,0.0,-3.399999999999997,49.79750384682927,-25.0,97.0,66.5,0.2857142857142857,1.0,-0.597,-0.5904,0.508,0.2021,0.2008,0.0,-3.399999999999997,-3.399999999999997,52.00000000000009,0.401666667,0.33666666700000003,0.33666666700000003,0.308333333,0.275,0.5272499999999701,0.4333999999999786,0.4239499999999796,0.4186499999999804,0.41504999999998027
35,218,12.0,1.0,12.0,1.0,0.0,0.0,0.0,1.0,83.0,0.2,-13.0,1.0,0.0,0.0,0.0,1.0,0.0,0.0,-5.799999999999999,38.4,-25.0,71.0,23.0,0.0,1.0,-0.5926,-0.6013999999999999,-0.0036000000000000476,-0.7982,-0.7958,0.0,-5.799999999999999,-5.799999999999999,-153.60000000000005,0.191666667,0.173333333,0.216666667,0.208333333,0.171666667,0.240549999999992,0.2515999999999946,0.27609999999999235,0.2808999999999913,0.2836499999999911
40,219,14.0,0.8,13.0,1.0,0.0,0.0,0.0,1.0,32.0,0.05,12.0,0.0,1.0,0.0,0.0,7.0,0.0,-1.0,-0.8000000000000007,3.967493560384492,-1.0,21.0,16.0,0.9230769230769232,1.0,-0.8944000000000001,-0.8992,0.7624,0.0,0.0,0.0,-0.8000000000000007,-0.8000000000000007,-3.552713678800501e-15,0.59,0.5116666670000001,0.46,0.453333333,0.43,0.5950999999999639,0.5039999999999728,0.4355499999999786,0.4130999999999807,0.4112499999999804
45,220,-8.0,1.0,-8.0,1.0,0.0,0.0,0.0,1.0,-8.0,1.0,-8.0,0.0,0.0,0.0,1.0,7.0,0.0,0.0,0.0,17.832554500127003,-6.0,120.0,28.285714285714285,0.5714285714285714,1.0,-0.6304000000000001,-0.6221,0.2826,0.1236,0.1231,0.0,0.0,0.0,23.625,0.49,0.49,0.485,0.456666667,0.47,0.5366499999999697,0.4457499999999778,0.4084999999999808,0.3962999999999821,0.3849999999999825
50,221,47.0,0.4,-11.0,1.0,0.0,0.0,0.0,1.0,21.0,0.4,1.0,0.0,0.0,0.0,1.0,7.0,0.0,1.0,-3.200000000000001,-13.474201498698385,12.0,94.0,25.25,0.0,1.0,0.232,0.2298,0.5056,0.593,0.6027,0.0,-3.200000000000001,-3.200000000000001,182.4,0.723333333,0.701666667,0.658333333,0.6333333329999999,0.6266666670000001,0.6797499999999553,0.6338499999999592,0.5621499999999668,0.5463999999999686,0.5344999999999701
55,222,61.0,0.2,-13.0,0.0,0.0,1.0,0.0,4.0,53.0,0.4,-43.0,0.0,0.0,1.0,0.0,3.0,0.0,0.0,-6.399999999999999,17.384850535114957,-30.0,-9.0,-15.700000000000005,0.3023255813953488,1.0,-0.5351999999999999,-0.3304,-1.0,0.1988,0.2057,0.0,-6.399999999999999,-6.399999999999999,42.80000000000001,0.3,0.31,0.348333333,0.306666667,0.321666667,0.22399999999999248,0.3000499999999918,0.34554999999998715,0.3415499999999861,0.34589999999998616
60,223,3.0,1.0,3.0,1.0,0.0,0.0,0.0,1.0,68.0,0.01,-1.0,1.0,0.0,0.0,0.0,1.0,0.0,0.0,-3.31,6.865413316035677,-4.0,65.0,30.5,0.0,1.0,-0.9768,-0.9808,0.000199999999999978,-0.9906,-0.9885,0.0,-3.31,-3.31,-136.62,0.143333333,0.106666667,0.138333333,0.131666667,0.121666667,0.14884999999999618,0.1321499999999972,0.11384999999999855,0.1068999999999986,0.10029999999999874
65,224,56.0,0.5,0.0,1.0,0.0,0.0,0.0,1.0,41.0,0.6,5.0,1.0,0.0,0.0,0.0,1.0,0.0,0.0,-1.400000000000002,-10.363673851961117,5.0,-15.0,-5.0,0.0,1.0,-0.0036000000000000476,-0.010000000000000007,0.010399999999999965,0.4982,0.4998,0.0,-1.400000000000002,-1.400000000000002,28.0,0.648333333,0.588333333,0.545,0.528333333,0.533333333,0.5175499999999712,0.5132499999999716,0.4938999999999731,0.4869499999999742,0.4831999999999746
70,225,8.0,0.99,5.0,0.0,0.0,0.0,1.0,3.0,8.0,1.0,8.0,0.0,1.0,0.0,0.0,5.0,0.0,0.0,0.03000000000000292,-1.455422570556848,1.0,-2.0,0.25,0.8333333333333334,1.0,0.28289999999999993,0.253,0.4174,0.0,0.0,0.0,0.03000000000000292,0.03000000000000292,1.7763568394002505e-15,0.38,0.405,0.4866666670000001,0.5116666670000001,0.49,0.5262999999999703,0.5351999999999695,0.5270499999999704,0.5284499999999703,0.5288499999999701
75,226,23.0,1.0,23.0,1.0,0.0,0.0,0.0,1.0,242.0,0.1,2.0,1.0,0.0,0.0,0.0,1.0,0.0,0.0,3.000000000000004,72.0,-21.0,219.0,99.0,0.08695652173913042,1.0,-0.8069999999999999,-0.7936000000000001,0.0016000000000000456,0.0,0.0,0.0,3.000000000000004,3.000000000000004,0.0,0.373333333,0.386666667,0.378333333,0.401666667,0.38,0.32704999999998674,0.26664999999999184,0.24909999999999405,0.240599999999994,0.23634999999999326
80,227,19.0,1.0,19.0,1.0,0.0,0.0,0.0,1.0,26.0,0.8,-19.0,1.0,0.0,0.0,0.0,1.0,1.0,0.0,-2.0,18.0,-38.0,7.0,-15.5,0.0,1.0,-0.10159999999999997,0.6048,0.005200000000000038,-0.5505,-0.2077,0.0,-17.833333333333332,-9.916666666666666,-17.999999999999996,0.161666667,0.308333333,0.548333333,0.576666667,0.573333333,0.06220000000000096,0.1813499999999951,0.2936499999999917,0.3553499999999864,0.3946999999999825
85,228,0.0,1.0,0.0,1.0,0.0,0.0,0.0,1.0,7.0,0.05,-2.0,0.0,1.0,0.0,0.0,7.0,0.0,0.0,-1.5499999999999998,1.9805302320338365,-2.0,10.0,5.875,0.0,1.0,-0.9012,-0.8968,0.746,-0.8976,-0.9064,0.0,-1.5499999999999998,-1.5499999999999998,-10.8,0.296666667,0.175,0.115,0.101666667,0.095,0.24934999999999144,0.23159999999999326,0.21459999999999324,0.21284999999999332,0.2076999999999937
90,229,2.0,1.0,2.0,1.0,0.0,0.0,0.0,1.0,0.0,0.99,-3.0,0.0,0.0,0.0,1.0,4.0,1.0,0.0,-2.03,4.569365382632473,-5.0,9.0,0.5,0.0,1.0,-0.3682,-0.5025999999999999,0.006599999999999996,-0.6717,-0.7479,0.0,-1.5,-1.765,-21.07,0.406666667,0.333333333,0.308333333,0.241666667,0.228333333,0.3469999999999843,0.275049999999992,0.25069999999999343,0.2375999999999937,0.2265999999999937
95,230,24.0,0.75,20.0,1.0,0.0,0.0,0.0,1.0,17.0,0.95,7.0,1.0,0.0,0.0,0.0,1.0,0.0,0.0,-6.5,0.44739866420146013,-13.0,-7.0,-10.0,0.35,1.0,-1.0,-1.0,-1.0,0.0,0.0,-1.0,-6.5,-6.5,0.0,0.121666667,0.03,0.016666667,0.005,0.005,0.0,0.0,0.0,0.0,0.0
100,231,22.0,0.75,10.0,1.0,0.0,0.0,0.0,1.0,29.0,0.75,-3.0,1.0,0.0,0.0,0.0,1.0,0.0,0.0,2.0,8.660254037844387,-13.0,7.0,-3.0,0.0,1.0,0.5025999999999999,0.4842,-0.0018000000000000238,-0.2515,-0.2499,0.0,2.0,2.0,-16.0,0.256666667,0.378333333,0.453333333,0.523333333,0.518333333,0.4840999999999741,0.5701999999999658,0.5979999999999634,0.6098499999999621,0.6139999999999622
105,232,25.0,0.4,5.0,0.0,1.0,0.0,0.0,9.0,46.0,0.01,8.0,0.0,1.0,0.0,0.0,7.0,0.0,0.0,-4.6200000000000045,-6.055763732796231,3.0,20.0,18.25,0.625,1.0,0.2246,0.1978,0.9512,0.0,0.0,0.0,-4.6200000000000045,-4.6200000000000045,0.0,0.461666667,0.3666666670000001,0.295,0.29833333300000003,0.288333333,0.44459999999997796,0.3486999999999857,0.28029999999999017,0.2610499999999921,0.2432499999999923
110,233,18.0,1.0,18.0,1.0,0.0,0.0,0.0,1.0,34.0,0.1,19.0,1.0,0.0,0.0,0.0,1.0,0.0,0.0,2.5,4.5,1.0,16.0,8.5,0.9473684210526316,1.0,1.0,1.0,1.0,0.0,0.0,1.0,2.5,2.5,0.0,0.8666666670000001,0.945,0.981666667,0.99,0.988333333,0.9999999999999176,0.9999999999999176,0.9999999999999176,0.9999999999999176,0.9999999999999176
115,234,-8.0,1.0,-8.0,1.0,0.0,0.0,0.0,1.0,47.0,0.25,-17.0,1.0,0.0,0.0,0.0,1.0,1.0,0.0,7.0,27.71281292110204,-9.0,55.0,23.0,0.4705882352941176,1.0,-0.569,-0.4948,-0.005200000000000038,0.2159,0.2528,0.0,4.666666666666666,5.833333333333332,32.0,0.695,0.635,0.566666667,0.505,0.56,0.9155499999999284,0.8078999999999407,0.7314499999999486,0.7061999999999511,0.6871999999999532
120,235,-8.0,1.0,-8.0,1.0,0.0,0.0,0.0,1.0,-8.0,0.6,-19.0,0.0,0.0,1.0,0.0,4.0,0.0,0.0,-4.399999999999999,6.452906321960671,-11.0,3.0,-2.5,0.42105263157894735,-1.0,-0.09519999999999997,-0.1068,-0.0038000000000000256,0.0,0.0,0.0,-4.399999999999999,-4.399999999999999,0.0,0.208333333,0.21,0.181666667,0.171666667,0.14,0.08744999999999964,0.09164999999999948,0.08659999999999955,0.08324999999999992,0.08474999999999959
125,236,15.0,1.0,15.0,1.0,0.0,0.0,0.0,1.0,43.0,0.01,7.0,0.0,1.0,0.0,0.0,3.0,0.0,0.0,-7.64,3.582652648527345,-8.0,29.0,19.0,0.4666666666666667,1.0,-0.98,-0.9798,0.4818,0.0,0.0,0.0,-7.64,-7.64,-7.105427357601002e-15,0.195,0.121666667,0.08833333300000001,0.081666667,0.061666667,0.2971999999999896,0.20214999999999372,0.14019999999999738,0.12604999999999825,0.11624999999999855
130,237,20.0,0.6,10.0,0.0,0.0,1.0,0.0,2.0,75.0,0.5,-49.0,1.0,0.0,0.0,0.0,1.0,1.0,0.0,-3.0,57.0401612929451,-59.0,54.0,-3.666666666666664,0.0,1.0,-0.3164,0.0020000000000000018,-0.008000000000000007,-0.6524,-0.5031,0.0,-22.66666666666667,-12.833333333333336,-124.0,0.116666667,0.23,0.328333333,0.31,0.328333333,0.2563499999999916,0.3652499999999855,0.3933999999999826,0.3941499999999824,0.4047999999999819
135,238,31.0,0.05,2.0,0.0,1.0,0.0,0.0,9.0,28.0,0.05,14.0,1.0,0.0,0.0,0.0,1.0,1.0,0.0,11.249999999999998,-3.2770801504147737,12.0,-7.0,-7.100000000000001,0.14285714285714285,1.0,0.9022,0.9012,-0.8028,0.0,0.0,0.0,9.366666666666667,10.308333333333332,0.0,0.861666667,0.945,0.951666667,0.963333333,0.95,0.9285999999999268,0.9424499999999248,0.9592499999999228,0.9630999999999224,0.967249999999922
140,239,34.0,0.1,30.0,0.0,0.0,1.0,0.0,5.0,35.0,0.95,-1.0,0.0,1.0,0.0,0.0,9.0,1.0,0.0,2.8000000000000185,5.275453697247034,-9.0,1.0,3.4000000000000057,0.0,1.0,0.17559999999999998,0.7764,0.708,-0.4059,-0.0489,0.0,-10.133333333333333,-3.6666666666666567,-3.9999999999999782,0.261666667,0.48,0.7666666670000001,0.808333333,0.82,0.4537999999999766,0.6067499999999629,0.7032499999999523,0.7416999999999481,0.7542499999999467
145,240,19.0,1.0,19.0,1.0,0.0,0.0,0.0,1.0,58.0,0.01,16.0,0.0,0.0,1.0,0.0,2.0,0.0,0.0,-2.5799999999999983,4.180143538205357,-3.0,40.0,25.0,0.8421052631578947,1.0,-0.9802,-0.982,0.3372,0.0,0.0,0.0,-2.5799999999999983,-2.5799999999999983,0.0,0.458333333,0.381666667,0.34666666700000004,0.323333333,0.316666667,0.44389999999997737,0.3424999999999861,0.2771999999999921,0.2535499999999936,0.2420999999999936
150,241,17.0,1.0,17.0,1.0,0.0,0.0,0.0,1.0,104.0,0.4,-42.0,0.0,0.0,0.0,1.0,7.0,0.0,0.0,-0.5999999999999943,72.40883923941884,-59.0,207.0,93.5,0.0,1.0,-0.2136,-0.193,0.7502,-0.6109,-0.5975,0.0,-0.5999999999999943,-0.5999999999999943,-319.2,0.286666667,0.373333333,0.433333333,0.458333333,0.456666667,0.4074999999999808,0.43174999999997904,0.4411499999999784,0.44234999999997787,0.4472999999999779
155,242,23.0,1.0,23.0,1.0,0.0,0.0,0.0,1.0,40.0,0.25,17.0,1.0,0.0,0.0,0.0,1.0,0.0,0.0,-0.25,9.959292143521044,-6.0,17.0,5.5,0.7391304347826086,1.0,-0.4778,-0.4934,0.008399999999999963,0.0,0.0,0.0,-0.25,-0.25,0.0,0.556666667,0.583333333,0.56,0.505,0.5,0.5040499999999726,0.4442999999999773,0.4381999999999785,0.4412499999999779,0.4382499999999777
160,243,42.0,0.4,4.0,0.0,0.0,0.0,1.0,3.0,19.0,1.0,19.0,0.0,0.0,0.0,1.0,4.0,1.0,0.0,-0.20000000000000284,-14.097895391181149,12.0,-16.0,-11.5,0.25,1.0,0.2078,0.1954,-0.4990000000000001,0.0,0.0,0.0,-0.3000000000000007,-0.25,0.0,0.593333333,0.6316666670000001,0.583333333,0.605,0.555,0.5096999999999716,0.5280499999999703,0.5263499999999702,0.5162499999999711,0.5185999999999714
165,244,-8.0,1.0,-8.0,1.0,0.0,0.0,0.0,1.0,-7.0,0.9,-29.0,1.0,0.0,0.0,0.0,1.0,0.0,0.0,-1.1999999999999993,6.599999999999999,-21.0,1.0,-10.0,0.27586206896551724,-1.0,0.7951999999999999,0.8062,0.00439999999999996,0.0,0.0,0.0,-1.1999999999999993,-1.1999999999999993,0.0,0.281666667,0.37,0.343333333,0.34,0.348333333,0.26614999999999045,0.3074499999999888,0.3211999999999872,0.3255499999999869,0.32924999999998644
170,245,24.0,1.0,24.0,1.0,0.0,0.0,0.0,1.0,71.0,0.1,16.0,1.0,0.0,0.0,0.0,1.0,0.0,0.0,-2.5,16.5,-8.0,47.0,19.5,0.6666666666666666,1.0,-0.7928,-0.7964,0.004599999999999993,0.0,0.0,0.0,-2.5,-2.5,0.0,0.34166666700000003,0.32,0.3616666670000001,0.383333333,0.39,0.3955499999999816,0.3189999999999882,0.29104999999999104,0.2790499999999914,0.2739999999999922
175,246,8.0,1.0,8.0,1.0,0.0,0.0,0.0,1.0,3.0,0.99,-28.0,1.0,0.0,0.0,0.0,1.0,0.0,0.0,-5.3100000000000005,3.084461055030523,-36.0,-5.0,-20.5,0.0,1.0,-1.0,-1.0,-1.0,-0.0113,-0.0095,-1.0,-5.3100000000000005,-5.3100000000000005,-0.7199999999999989,0.055,0.018333333,0.011666667,0.006666666999999999,0.005,0.0,0.0,0.0,0.0,0.0
180,247,26.0,1.0,26.0,1.0,0.0,0.0,0.0,1.0,22.0,0.9,-9.0,1.0,0.0,0.0,0.0,1.0,0.0,0.0,-7.099999999999998,9.3,-35.0,-4.0,-19.5,0.0,1.0,-1.0,-1.0,-1.0,-0.0974,-0.1025,-1.0,-7.099999999999998,-7.099999999999998,-7.0,0.036666667,0.013333333,0.008333333,0.01,0.011666667,0.0,0.0,0.0,0.0,0.0
185,248,-10.0,1.0,-10.0,1.0,0.0,0.0,0.0,1.0,-6.0,0.25,-19.0,0.0,1.0,0.0,0.0,3.0,0.0,0.0,-5.75,5.640257086339238,-9.0,5.0,0.75,0.5263157894736842,-1.0,-0.4834000000000001,-0.51,0.5049999999999999,0.0,0.0,0.0,-5.75,-5.75,0.0,0.233333333,0.198333333,0.183333333,0.15333333300000002,0.12,0.08030000000000012,0.06980000000000051,0.05910000000000092,0.05705000000000088,0.05490000000000085
190,249,18.0,0.75,7.0,1.0,0.0,0.0,0.0,1.0,16.0,0.8,9.0,1.0,0.0,0.0,0.0,1.0,0.0,0.0,-0.6500000000000004,-1.9631397208144128,2.0,-2.0,0.0,0.7777777777777778,1.0,-0.4812,-0.5025999999999999,0.00940000000000002,0.0,0.0,0.0,-0.6500000000000004,-0.6500000000000004,0.0,0.3,0.306666667,0.225,0.23,0.221666667,0.3706499999999833,0.3766999999999833,0.38669999999998267,0.3757499999999834,0.3782999999999829
195,250,19.0,1.0,19.0,0.0,0.0,1.0,0.0,4.0,78.0,0.1,13.0,1.0,0.0,0.0,0.0,1.0,0.0,0.0,0.5,14.91742430504416,5.0,56.0,29.0,0.6153846153846154,1.0,-0.5596000000000001,-0.5768,0.5012000000000001,0.0,0.0,0.0,0.5,0.5,0.0,0.448333333,0.378333333,0.446666667,0.435,0.436666667,0.5791999999999656,0.4791999999999742,0.4336999999999788,0.4151999999999801,0.40844999999998105
200,251,-5.0,1.0,-5.0,1.0,0.0,0.0,0.0,1.0,138.0,0.2,-35.0,1.0,0.0,0.0,0.0,1.0,0.0,0.0,4.600000000000001,69.2,-30.0,143.0,56.5,0.14285714285714285,1.0,-0.5958000000000001,-0.6124,0.005600000000000049,0.2015,0.2023,0.0,4.600000000000001,4.600000000000001,69.19999999999999,0.353333333,0.368333333,0.415,0.383333333,0.323333333,0.461249999999976,0.3828499999999832,0.3854499999999833,0.3859999999999826,0.3842499999999828
205,252,29.0,1.0,29.0,1.0,0.0,0.0,0.0,1.0,79.0,0.1,17.0,0.0,0.0,1.0,0.0,4.0,0.0,0.0,-5.799999999999998,18.656366205668238,-12.0,53.0,35.60000000000001,0.5862068965517241,1.0,-0.8084,-0.7896000000000001,0.6066,0.0,0.0,0.0,-5.799999999999998,-5.799999999999998,0.0,0.42,0.38,0.37,0.335,0.318333333,0.4907999999999737,0.3788499999999834,0.31629999999998903,0.3028999999999894,0.2932499999999908
210,253,219.0,0.05,-21.0,0.0,1.0,0.0,0.0,5.0,-4.0,0.75,-15.0,0.0,0.0,1.0,0.0,5.0,0.0,0.0,2.2499999999999964,-44.17169522211357,-9.0,-221.0,-190.16666666666663,0.7,1.0,0.8009999999999999,0.8156000000000001,-1.0,0.2732,0.3121,0.0,2.2499999999999964,2.2499999999999964,69.025,0.483333333,0.598333333,0.666666667,0.68,0.72,0.491299999999973,0.5942499999999632,0.6699999999999561,0.6863999999999542,0.7085499999999517
215,254,78.0,0.2,17.0,0.0,1.0,0.0,0.0,3.0,214.0,0.25,-34.0,1.0,0.0,0.0,0.0,1.0,0.0,0.0,-1.2000000000000028,82.98510097498325,-51.0,135.0,27.25,0.0,1.0,-0.494,-0.5058,-0.014000000000000012,-0.7529,-0.7509999999999999,0.0,-1.2000000000000028,-1.2000000000000028,-372.0,0.238333333,0.268333333,0.278333333,0.25,0.218333333,0.2947499999999895,0.2948999999999914,0.3276999999999877,0.34159999999998625,0.3374499999999864
220,255,0.0,1.0,0.0,1.0,0.0,0.0,0.0,1.0,-7.0,0.8,-15.0,1.0,0.0,0.0,0.0,1.0,0.0,0.0,-8.6,3.2,-15.0,-7.0,-11.0,0.0,0.0,-1.0,-1.0,-1.0,-1.0,-1.0,-1.0,-8.6,-8.6,-15.0,0.065,0.023333333,0.011666667,0.008333333,0.008333333,0.0,0.0,0.0,0.0,0.0
225,256,1.0,1.0,1.0,1.0,0.0,0.0,0.0,1.0,74.0,0.05,4.0,1.0,0.0,0.0,0.0,1.0,1.0,0.0,6.5,15.256146302392356,3.0,73.0,38.0,0.25,1.0,1.0,1.0,1.0,0.0,0.0,1.0,13.666666666666664,10.083333333333332,0.0,0.926666667,0.95,0.97,0.973333333,0.97,0.9999999999999176,0.9999999999999176,0.9999999999999176,0.9999999999999176,0.9999999999999176
230,257,34.0,0.8,-21.0,0.0,1.0,0.0,0.0,3.0,48.0,0.4,4.0,1.0,0.0,0.0,0.0,1.0,0.0,0.0,-1.400000000000002,-0.4535792950876889,25.0,13.0,5.75,0.0,1.0,0.211,0.028200000000000006,0.5032000000000001,0.1969,0.2022,0.0,-1.400000000000002,-1.400000000000002,27.599999999999994,0.658333333,0.581666667,0.543333333,0.531666667,0.57,0.6388999999999598,0.5585499999999671,0.5205999999999705,0.5035999999999721,0.49924999999997294
235,258,1.0,1.0,1.0,1.0,0.0,0.0,0.0,1.0,13.0,0.4,-3.0,1.0,0.0,0.0,0.0,1.0,1.0,0.0,2.4000000000000004,7.83836717690617,-4.0,12.0,4.0,0.0,1.0,-0.506,-0.20740000000000006,-0.012799999999999978,-0.7490000000000001,-0.6013,0.0,0.0,1.2000000000000002,-19.2,0.498333333,0.533333333,0.595,0.6083333329999999,0.583333333,0.4670999999999753,0.519249999999971,0.5674499999999666,0.5929999999999632,0.5984499999999632
240,259,3.0,0.95,-8.0,0.0,1.0,0.0,0.0,5.0,67.0,0.2,-13.0,0.0,1.0,0.0,0.0,7.0,1.0,0.0,0.5500000000000038,29.41673429780603,-5.0,65.0,55.83333333333334,0.6153846153846154,1.0,-0.2876,-0.591,0.7387999999999999,-0.5943,-0.7458,0.0,13.033333333333335,6.791666666666669,-124.5,0.6416666670000001,0.52,0.435,0.373333333,0.375,0.8821499999999324,0.8367999999999377,0.7237999999999499,0.5968999999999629,0.5249499999999699
245,260,82.0,0.2,-29.0,1.0,0.0,0.0,0.0,1.0,-7.0,0.99,-10.0,1.0,0.0,0.0,0.0,1.0,0.0,0.0,-0.22999999999999865,-44.101503768868014,19.0,-89.0,-35.0,0.3448275862068966,1.0,0.6028,0.6024,-0.011600000000000056,-0.1959,-0.2021,0.0,-0.22999999999999865,-0.22999999999999865,-44.39999999999999,0.6083333329999999,0.678333333,0.663333333,0.6366666670000001,0.663333333,0.5125499999999718,0.5986999999999634,0.6071499999999622,0.6016999999999624,0.6073499999999619
250,261,28.0,1.0,28.0,1.0,0.0,0.0,0.0,1.0,69.0,0.4,3.0,0.0,1.0,0.0,0.0,3.0,0.0,0.0,1.400000000000002,32.33635724691326,-25.0,42.0,24.5,0.10714285714285714,1.0,-0.2062,-0.214,0.4952,0.0,0.0,0.0,1.400000000000002,1.400000000000002,0.0,0.435,0.488333333,0.5083333329999999,0.5083333329999999,0.4866666670000001,0.5320499999999702,0.5083499999999719,0.5145999999999711,0.5089999999999715,0.5096499999999718
255,262,55.0,0.05,9.0,0.0,0.0,1.0,0.0,3.0,23.0,0.8,-17.0,0.0,1.0,0.0,0.0,5.0,0.0,0.0,3.7000000000000095,5.984562181229513,-26.0,-32.0,-26.66666666666667,0.0,1.0,0.4808,0.5012000000000001,-0.8418000000000001,-0.1999,-0.1998,0.0,3.7000000000000095,3.7000000000000095,-29.599999999999966,0.371666667,0.5033333329999999,0.58,0.625,0.593333333,0.39249999999998175,0.5061499999999723,0.5703999999999658,0.5902499999999642,0.6069999999999623
260,263,103.0,0.01,9.0,1.0,0.0,0.0,0.0,1.0,29.0,0.75,-44.0,1.0,0.0,0.0,0.0,1.0,1.0,0.0,0.8100000000000005,22.25704532932978,-53.0,-74.0,-63.5,0.0,1.0,-0.2044,0.4866,-1.0,-0.5838,-0.2504,0.0,-23.79333333333333,-11.491666666666667,-73.5,0.14,0.301666667,0.45,0.466666667,0.47,0.15244999999999684,0.3498999999999868,0.4119499999999811,0.4277499999999795,0.4415999999999776
265,264,26.0,0.75,-9.0,0.0,0.0,0.0,1.0,3.0,82.0,0.01,13.0,0.0,1.0,0.0,0.0,9.0,0.0,0.0,-3.5599999999999987,-8.436316204705333,22.0,56.0,57.35,0.0,1.0,-0.4936,-0.4950000000000001,1.0,0.2455,0.2434,0.0,-3.5599999999999987,-3.5599999999999987,47.5,0.6033333329999999,0.47,0.423333333,0.388333333,0.3616666670000001,0.6271999999999607,0.5108499999999712,0.4535999999999771,0.4303499999999789,0.41739999999998
270,265,30.0,0.4,13.0,0.0,0.0,0.0,1.0,2.0,146.0,0.25,-25.0,0.0,1.0,0.0,0.0,5.0,0.0,1.0,-2.0499999999999936,65.69461495587916,-38.0,117.0,93.16666666666669,0.0,1.0,-0.5016,-0.4806,0.6554,-0.743,-0.7531,0.0,-2.0499999999999936,-2.0499999999999936,-259.5,0.201666667,0.275,0.278333333,0.305,0.26,0.3674499999999832,0.3525999999999856,0.3700999999999846,0.3857499999999828,0.3909499999999828
275,266,-2.0,1.0,-2.0,1.0,0.0,0.0,0.0,1.0,11.0,0.5,-12.0,1.0,0.0,0.0,0.0,1.0,0.0,0.0,1.5,11.5,-10.0,13.0,1.5,0.16666666666666666,1.0,-0.0016000000000000456,-0.008599999999999997,0.0012000000000000346,0.5059,0.5014,0.0,1.5,1.5,23.0,0.65,0.711666667,0.685,0.678333333,0.663333333,0.6087999999999629,0.5806499999999649,0.5917999999999637,0.5985999999999638,0.5972999999999633
280,267,-7.0,1.0,-7.0,1.0,0.0,0.0,0.0,1.0,-6.0,0.75,-19.0,0.0,0.0,0.0,1.0,5.0,0.0,0.0,-2.25,8.671072598012312,-12.0,27.0,4.166666666666666,0.3684210526315789,1.0,-0.6376,-0.6299999999999999,-0.01140000000000002,0.0933,0.0932,0.0,-2.25,-2.25,7.3125,0.288333333,0.28,0.305,0.273333333,0.251666667,0.3315999999999861,0.2909499999999899,0.265849999999992,0.2646499999999921,0.2584499999999918
285,268,16.0,1.0,16.0,1.0,0.0,0.0,0.0,1.0,23.0,0.8,-15.0,0.0,0.0,0.0,1.0,3.0,0.0,0.0,-0.5999999999999979,15.35708305636197,-31.0,11.0,-2.0,0.0,1.0,0.6115999999999999,0.6073999999999999,0.498,-0.1995,-0.1996,0.0,-0.5999999999999979,-0.5999999999999979,-16.799999999999994,0.475,0.62,0.6416666670000001,0.6166666670000001,0.571666667,0.4045999999999807,0.4894499999999731,0.5152499999999707,0.53059999999997,0.5254999999999702
290,269,-3.0,1.0,-3.0,1.0,0.0,0.0,0.0,1.0,149.0,0.2,-34.0,1.0,0.0,0.0,0.0,1.0,0.0,0.0,5.599999999999998,73.2,-31.0,152.0,60.5,0.08823529411764706,1.0,-0.5995999999999999,-0.6068,-0.004999999999999949,0.19699999999999998,0.2027,0.0,5.599999999999998,5.599999999999998,73.19999999999997,0.355,0.331666667,0.345,0.34,0.328333333,0.4466999999999768,0.3723499999999839,0.3784499999999837,0.3768999999999834,0.3755499999999837
295,270,62.0,0.25,-18.0,1.0,0.0,0.0,0.0,1.0,-5.0,0.9,-23.0,1.0,0.0,0.0,0.0,1.0,0.0,0.0,-8.799999999999997,-29.24101615137755,-5.0,-67.0,-36.0,0.7826086956521741,1.0,0.3024,0.3442,-1.0,-0.24100000000000002,-0.2418,0.0,-8.799999999999997,-8.799999999999997,-42.5,0.411666667,0.418333333,0.431666667,0.461666667,0.498333333,0.1631999999999965,0.2770999999999923,0.31989999999998914,0.3274999999999881,0.325999999999988
