classifier,score_name,scoring,scoring avg,data
Nearest Neighbors,accuracy,[0.46998689 0.41087811 0.52096986 0.38479685 0.53656619],0.4646395806028833,individuals per game and player
Nearest Neighbors,balanced_accuracy,[0.47379759 0.40154571 0.52374275 0.38755903 0.52429301],0.46218762004130287,individuals per game and player
Nearest Neighbors,average_precision,[0.51286716 0.46703826 0.54350743 0.46296779 0.53441305],0.5041587396837834,individuals per game and player
Nearest Neighbors,neg_brier_score,[-0.4507354  -0.52258628 -0.39560216 -0.52896461 -0.37313237],-0.4542041648463667,individuals per game and player
Nearest Neighbors,f1,[0.45790885 0.49329275 0.51926871 0.37679235 0.61797753],0.4930480378572454,individuals per game and player
Nearest Neighbors,f1_micro,[0.46998689 0.41087811 0.52096986 0.38479685 0.53656619],0.4646395806028833,individuals per game and player
Nearest Neighbors,f1_macro,[0.46972365 0.39486988 0.52096386 0.38469535 0.51451841],0.4569542311459024,individuals per game and player
Nearest Neighbors,f1_weighted,[0.46890606 0.4016808  0.52084611 0.38414639 0.52170496],0.45945686212011105,individuals per game and player
Nearest Neighbors,neg_log_loss,[-12.20357516 -15.36628862 -10.29992603 -14.9270811   -8.98280294],-12.355934771434363,individuals per game and player
Nearest Neighbors,precision,[0.50517598 0.45659432 0.56031791 0.41106605 0.55255023],0.49714089973761766,individuals per game and player
Nearest Neighbors,recall,[0.41873008 0.53640598 0.48382353 0.34779412 0.70098039],0.49754682039523335,individuals per game and player
Nearest Neighbors,jaccard,[0.29694019 0.32739788 0.35068396 0.23212825 0.44715447],0.3308609501614783,individuals per game and player
Nearest Neighbors,roc_auc,[0.44752853 0.36413093 0.53132733 0.35084859 0.50817067],0.4404012100544762,individuals per game and player
Nearest Neighbors,roc_auc_ovr,[0.44752853 0.36413093 0.53132733 0.35084859 0.50817067],0.4404012100544762,individuals per game and player
Nearest Neighbors,roc_auc_ovo,[0.44752853 0.36413093 0.53132733 0.35084859 0.50817067],0.4404012100544762,individuals per game and player
Nearest Neighbors,roc_auc_ovr_weighted,[0.44752853 0.36413093 0.53132733 0.35084859 0.50817067],0.4404012100544762,individuals per game and player
Nearest Neighbors,roc_auc_ovo_weighted,[0.44752853 0.36413093 0.53132733 0.35084859 0.50817067],0.4404012100544762,individuals per game and player
Decision Tree,accuracy,[0.55884666 0.62070773 0.56435125 0.61258191 0.51310616],0.57391874180865,individuals per game and player
Decision Tree,balanced_accuracy,[0.57961622 0.62116096 0.58196217 0.61053887 0.488159  ],0.5762874453033364,individuals per game and player
Decision Tree,average_precision,[0.6304021  0.67714354 0.60642808 0.62695322 0.59316494],0.6268183770241381,individuals per game and player
Decision Tree,neg_brier_score,[-0.29097088 -0.23155192 -0.2800604  -0.28054264 -0.2553505 ],-0.26769526671048477,individuals per game and player
Decision Tree,f1,[0.40382572 0.63404148 0.44636909 0.63854243 0.65048452],0.5546526471936397,individuals per game and player
Decision Tree,f1_micro,[0.55884666 0.62070773 0.56435125 0.61258191 0.51310616],0.57391874180865,individuals per game and player
Decision Tree,f1_macro,[0.52685565 0.62020355 0.54362534 0.61057311 0.42414099],0.5450797260806673,individuals per game and player
Decision Tree,f1_weighted,[0.51834191 0.62116114 0.53686966 0.61251593 0.43986341],0.5457504108763003,individuals per game and player
Decision Tree,neg_log_loss,[-2.21667481 -0.9289769  -1.24599929 -3.15761082 -0.72878834],-1.655610033460484,individuals per game and player
Decision Tree,precision,[0.72750479 0.65474014 0.6964657  0.63714007 0.52786685],0.6487435083874292,individuals per game and player
Decision Tree,recall,[0.27948026 0.61461142 0.32843137 0.63995098 0.84730392],0.5419555927298598,individuals per game and player
Decision Tree,jaccard,[0.25299601 0.4641733  0.28730703 0.46901383 0.48201339],0.3911007112103016,individuals per game and player
Decision Tree,roc_auc,[0.58546015 0.6548565  0.56744881 0.59354957 0.56155188],0.5925733826635134,individuals per game and player
Decision Tree,roc_auc_ovr,[0.58546015 0.6548565  0.56744881 0.59354957 0.56155188],0.5925733826635134,individuals per game and player
Decision Tree,roc_auc_ovo,[0.58546015 0.6548565  0.56744881 0.59354957 0.56155188],0.5925733826635134,individuals per game and player
Decision Tree,roc_auc_ovr_weighted,[0.58546015 0.6548565  0.56744881 0.59354957 0.56155188],0.5925733826635134,individuals per game and player
Decision Tree,roc_auc_ovo_weighted,[0.58546015 0.6548565  0.56744881 0.59354957 0.56155188],0.5925733826635134,individuals per game and player
Random Forest,accuracy,[0.5706422  0.527654   0.55399738 0.57326343 0.53709043],0.552529488859764,individuals per game and player
Random Forest,balanced_accuracy,[0.58880748 0.49931751 0.54057374 0.56581538 0.51504971],0.541912764179499,individuals per game and player
Random Forest,average_precision,[0.68230115 0.62992141 0.60711199 0.65526989 0.61481639],0.6378841674026071,individuals per game and player
Random Forest,neg_brier_score,[-0.24286768 -0.24513077 -0.24525501 -0.24188988 -0.24439601],-0.24390787105134942,individuals per game and player
Random Forest,f1,[0.44829909 0.67289889 0.63763178 0.62780064 0.65788454],0.6089029878899341,individuals per game and player
Random Forest,f1_micro,[0.5706422  0.527654   0.55399738 0.57326343 0.53709043],0.552529488859764,individuals per game and player
Random Forest,f1_macro,[0.54843618 0.41164982 0.52890278 0.56390032 0.47116269],0.5048103598651204,individuals per game and player
Random Forest,f1_weighted,[0.54150664 0.4297284  0.53645539 0.56833901 0.48413289],0.5120324631496376,individuals per game and player
Random Forest,neg_log_loss,[-0.67886853 -0.68293879 -0.68353483 -0.67657873 -0.68195153],-0.6807744819764147,individuals per game and player
Random Forest,precision,[0.71597633 0.53422683 0.56373564 0.5882605  0.54388213],0.5892162864092769,individuals per game and player
Random Forest,recall,[0.32630547 0.90880118 0.73382353 0.67303922 0.83235294],0.6948644660119503,individuals per game and player
Random Forest,jaccard,[0.28890818 0.50704418 0.46803189 0.45751416 0.49018476],0.44233663452048394,individuals per game and player
Random Forest,roc_auc,[0.63405403 0.57869265 0.57161433 0.60155188 0.57806045],0.5927946693869743,individuals per game and player
Random Forest,roc_auc_ovr,[0.63405403 0.57869265 0.57161433 0.60155188 0.57806045],0.5927946693869743,individuals per game and player
Random Forest,roc_auc_ovo,[0.63405403 0.57869265 0.57161433 0.60155188 0.57806045],0.5927946693869743,individuals per game and player
Random Forest,roc_auc_ovr_weighted,[0.63405403 0.57869265 0.57161433 0.60155188 0.57806045],0.5927946693869743,individuals per game and player
Random Forest,roc_auc_ovo_weighted,[0.63405403 0.57869265 0.57161433 0.60155188 0.57806045],0.5927946693869743,individuals per game and player
Neural Net,accuracy,[0.46539974 0.58715596 0.53486239 0.45714286 0.46526868],0.5019659239842726,individuals per game and player
Neural Net,balanced_accuracy,[0.5        0.6060204  0.5091608  0.48748032 0.5       ],0.5205323034411837,individuals per game and player
Neural Net,average_precision,[0.4300817  0.64703762 0.53846328 0.51640676 0.48292361],0.5229825938858947,individuals per game and player
Neural Net,neg_brier_score,[-0.53460026 -0.36324921 -0.44532686 -0.52495122 -0.53473132],-0.4805717752577189,individuals per game and player
Neural Net,f1,[0.         0.46337308 0.66902919 0.09086918 0.        ],0.24465429131241123,individuals per game and player
Neural Net,f1_micro,[0.46539974 0.58715596 0.53486239 0.45714286 0.46526868],0.5019659239842726,individuals per game and player
Neural Net,f1_macro,[0.31759234 0.56395491 0.44339712 0.35195552 0.31753131],0.3988862394386087,individuals per game and player
Neural Net,f1_weighted,[0.29561479 0.5569946  0.45907012 0.33381977 0.29547474],0.38819480263157397,individuals per game and player
Neural Net,neg_log_loss,[-18.40768475  -2.24942589 -11.43137339  -6.38894962 -15.79307496],-10.85410172467859,individuals per game and player
Neural Net,precision,[0.         0.75935232 0.53996688 0.43487395 0.        ],0.3468386298307459,individuals per game and player
Neural Net,recall,[0.         0.33341505 0.87916667 0.05073529 0.        ],0.2526634026986622,individuals per game and player
Neural Net,jaccard,[0.         0.30155211 0.50266256 0.04759715 0.        ],0.1703623622507598,individuals per game and player
Neural Net,roc_auc,[0.30087999 0.62072374 0.50715527 0.47547439 0.4570145 ],0.4722495784538131,individuals per game and player
Neural Net,roc_auc_ovr,[0.30087999 0.62072374 0.50715527 0.47547439 0.4570145 ],0.4722495784538131,individuals per game and player
Neural Net,roc_auc_ovo,[0.30087999 0.62072374 0.50715527 0.47547439 0.4570145 ],0.4722495784538131,individuals per game and player
Neural Net,roc_auc_ovr_weighted,[0.30087999 0.62072374 0.50715527 0.47547439 0.4570145 ],0.4722495784538131,individuals per game and player
Neural Net,roc_auc_ovo_weighted,[0.30087999 0.62072374 0.50715527 0.47547439 0.4570145 ],0.4722495784538131,individuals per game and player
AdaBoost,accuracy,[0.5853211  0.59357798 0.5785059  0.62988204 0.56539974],0.5905373525557012,individuals per game and player
AdaBoost,balanced_accuracy,[0.59956544 0.58887931 0.5723091  0.63604633 0.54810688],0.5889814113880874,individuals per game and player
AdaBoost,average_precision,[0.69182511 0.64782772 0.68251252 0.64770386 0.68840786],0.6716554128730479,individuals per game and player
AdaBoost,neg_brier_score,[-0.2531549  -0.2503565  -0.24817091 -0.25416592 -0.24819777],-0.250809198980403,individuals per game and player
AdaBoost,f1,[0.50376412 0.6334082  0.62665428 0.61262003 0.66232179],0.6077536846264088,individuals per game and player
AdaBoost,f1_micro,[0.5853211  0.59357798 0.5785059  0.62988204 0.56539974],0.5905373525557012,individuals per game and player
AdaBoost,f1_macro,[0.57380912 0.58872292 0.5713771  0.62914565 0.52638148],0.5778872537864136,individuals per game and player
AdaBoost,f1_weighted,[0.56896197 0.59181517 0.5752168  0.62799773 0.53582426],0.5799631846164939,individuals per game and player
AdaBoost,neg_log_loss,[-0.69986385 -0.69407635 -0.68948798 -0.70204478 -0.68954174],-0.6950029381280094,individuals per game and player
AdaBoost,precision,[0.69917283 0.61164384 0.59528011 0.69563863 0.56655052],0.6336571855092542,individuals per game and player
AdaBoost,recall,[0.39372395 0.65677862 0.66151961 0.54730392 0.79705882],0.611276985420302,individuals per game and player
AdaBoost,jaccard,[0.33668763 0.46349481 0.45629755 0.44156615 0.49512789],0.43863480561420876,individuals per game and player
AdaBoost,roc_auc,[0.61654894 0.61714779 0.62413294 0.64696016 0.63809845],0.6285776563716119,individuals per game and player
AdaBoost,roc_auc_ovr,[0.61654894 0.61714779 0.62413294 0.64696016 0.63809845],0.6285776563716119,individuals per game and player
AdaBoost,roc_auc_ovo,[0.61654894 0.61714779 0.62413294 0.64696016 0.63809845],0.6285776563716119,individuals per game and player
AdaBoost,roc_auc_ovr_weighted,[0.61654894 0.61714779 0.62413294 0.64696016 0.63809845],0.6285776563716119,individuals per game and player
AdaBoost,roc_auc_ovo_weighted,[0.61654894 0.61714779 0.62413294 0.64696016 0.63809845],0.6285776563716119,individuals per game and player
Naive Bayes,accuracy,[0.63604194 0.63158585 0.57155963 0.67653997 0.62332896],0.6278112712975098,individuals per game and player
Naive Bayes,balanced_accuracy,[0.65710093 0.63087937 0.57133941 0.68980979 0.62157588],0.634141075095575,individuals per game and player
Naive Bayes,average_precision,[0.75630928 0.65285851 0.65695575 0.71467113 0.69805054],0.6957690399171943,individuals per game and player
Naive Bayes,neg_brier_score,[-0.24538763 -0.24943144 -0.27082347 -0.24225275 -0.24261709],-0.250102476067591,individuals per game and player
Naive Bayes,f1,[0.50893015 0.65041661 0.58916677 0.62251453 0.64744848],0.6036953091785882,individuals per game and player
Naive Bayes,f1_micro,[0.63604194 0.63158585 0.57155963 0.67653997 0.62332896],0.6278112712975098,individuals per game and player
Naive Bayes,f1_macro,[0.60990495 0.63051375 0.57077125 0.66977595 0.62155767],0.6205047150953789,individuals per game and player
Naive Bayes,f1_weighted,[0.60291744 0.63189104 0.57204906 0.66649305 0.62335611],0.6193413394254814,individuals per game and player
Naive Bayes,neg_log_loss,[-0.85961359 -0.84152703 -1.02653815 -0.76272749 -0.78807515],-0.8556962819716605,individuals per game and player
Naive Bayes,precision,[0.91307107 0.66002019 0.60459118 0.82790887 0.64808448],0.7307351569858231,individuals per game and player
Naive Bayes,recall,[0.35278254 0.6410885  0.5745098  0.49877451 0.64681373],0.5427938172081777,individuals per game and player
Naive Bayes,jaccard,[0.34131879 0.48193881 0.417602   0.45192094 0.47868674],0.4342934552189696,individuals per game and player
Naive Bayes,roc_auc,[0.71280916 0.66511897 0.63835315 0.69719925 0.67897321],0.6784907494617196,individuals per game and player
Naive Bayes,roc_auc_ovr,[0.71280916 0.66511897 0.63835315 0.69719925 0.67897321],0.6784907494617196,individuals per game and player
Naive Bayes,roc_auc_ovo,[0.71280916 0.66511897 0.63835315 0.69719925 0.67897321],0.6784907494617196,individuals per game and player
Naive Bayes,roc_auc_ovr_weighted,[0.71280916 0.66511897 0.63835315 0.69719925 0.67897321],0.6784907494617196,individuals per game and player
Naive Bayes,roc_auc_ovo_weighted,[0.71280916 0.66511897 0.63835315 0.69719925 0.67897321],0.6784907494617196,individuals per game and player
QDA,accuracy,[0.5570118  0.57955439 0.58387942 0.58217562 0.57785059],0.5760943643512451,individuals per game and player
QDA,balanced_accuracy,[0.56133237 0.58792033 0.57934618 0.58642537 0.57014119],0.5770330854090575,individuals per game and player
QDA,average_precision,[0.64526351 0.59562122 0.66915261 0.70058705 0.67135624],0.6563961262528203,individuals per game and player
QDA,neg_brier_score,[-0.3462603  -0.34661977 -0.3321632  -0.3393801  -0.33814202],-0.34051307872305436,individuals per game and player
QDA,f1,[0.54630872 0.54288971 0.62359218 0.57345464 0.63310172],0.5838693950471123,individuals per game and player
QDA,f1_micro,[0.5570118  0.57955439 0.58387942 0.58217562 0.57785059],0.5760943643512451,individuals per game and player
QDA,f1_macro,[0.55676512 0.5768319  0.57919536 0.58200089 0.56805526],0.5725697035701758,individuals per game and player
QDA,f1_weighted,[0.55604153 0.57448308 0.58227928 0.58140724 0.57257356],0.5733569376349654,individuals per game and player
QDA,neg_log_loss,[-3.12776239 -3.07510967 -2.21721651 -1.58968391 -2.28968988],-2.4598924708907948,individuals per game and player
QDA,precision,[0.60367843 0.64817965 0.60390356 0.63140837 0.59140243],0.6157144879051264,individuals per game and player
QDA,recall,[0.49889679 0.46702623 0.64460784 0.5252451  0.68112745],0.5633806825009975,individuals per game and player
QDA,jaccard,[0.37580794 0.3725797  0.45305771 0.40198837 0.46316667],0.4133200770324044,individuals per game and player
QDA,roc_auc,[0.58896095 0.58419911 0.6389012  0.63300124 0.62328141],0.6136687848429302,individuals per game and player
QDA,roc_auc_ovr,[0.58898049 0.58461639 0.6389012  0.63300124 0.62328141],0.6137561470208788,individuals per game and player
QDA,roc_auc_ovo,[0.58898049 0.58461639 0.6389012  0.63300124 0.62328141],0.6137561470208788,individuals per game and player
QDA,roc_auc_ovr_weighted,[0.58898049 0.58461639 0.6389012  0.63300124 0.62328141],0.6137561470208788,individuals per game and player
QDA,roc_auc_ovo_weighted,[0.58898049 0.58461639 0.6389012  0.63300124 0.62328141],0.6137561470208788,individuals per game and player
ExtraTrees,accuracy,[0.52280472 0.43564875 0.5904325  0.44469201 0.59200524],0.5171166448230669,individuals per game and player
ExtraTrees,balanced_accuracy,[0.55243201 0.42256245 0.59037697 0.45488919 0.56831883],0.5177158896428028,individuals per game and player
ExtraTrees,average_precision,[0.64654776 0.42058334 0.54905938 0.4391012  0.51275145],0.51360862365588,individuals per game and player
ExtraTrees,neg_brier_score,[-0.35893889 -0.46488047 -0.32213522 -0.45335924 -0.30120244],-0.38010325032765396,individuals per game and player
ExtraTrees,f1,[0.21783029 0.53679002 0.60686879 0.37238928 0.70445267],0.48766620879301953,individuals per game and player
ExtraTrees,f1_micro,[0.52280472 0.43564875 0.5904325  0.44469201 0.59200524],0.5171166448230669,individuals per game and player
ExtraTrees,f1_macro,[0.43725084 0.40739568 0.58971534 0.43722296 0.52294772],0.4789065081257545,individuals per game and player
ExtraTrees,f1_weighted,[0.42206682 0.41634984 0.59090686 0.43271944 0.53555554],0.47951969971641856,individuals per game and player
ExtraTrees,neg_log_loss,[-5.55448096 -9.91976105 -4.81316608 -7.75371357 -4.36319507],-6.480863346310793,individuals per game and player
ExtraTrees,precision,[0.88020833 0.4782442  0.6234169  0.47061026 0.57492639],0.6054812175461272,individuals per game and player
ExtraTrees,recall,[0.12429517 0.61166953 0.59117647 0.30808824 0.90931373],0.5089086257204525,individuals per game and player
ExtraTrees,jaccard,[0.12222758 0.36685782 0.43561495 0.22879505 0.54374908],0.33944889633099395,individuals per game and player
ExtraTrees,roc_auc,[0.49779299 0.31082274 0.54494484 0.33422704 0.53826937],0.44521139522616,individuals per game and player
ExtraTrees,roc_auc_ovr,[0.49779299 0.31082274 0.54494484 0.33422704 0.53826937],0.44521139522616,individuals per game and player
ExtraTrees,roc_auc_ovo,[0.49779299 0.31082274 0.54494484 0.33422704 0.53826937],0.44521139522616,individuals per game and player
ExtraTrees,roc_auc_ovr_weighted,[0.49779299 0.31082274 0.54494484 0.33422704 0.53826937],0.44521139522616,individuals per game and player
ExtraTrees,roc_auc_ovo_weighted,[0.49779299 0.31082274 0.54494484 0.33422704 0.53826937],0.44521139522616,individuals per game and player
GradientBoosting,accuracy,[0.60249017 0.53944954 0.56684142 0.59449541 0.57129751],0.5749148099606816,individuals per game and player
GradientBoosting,balanced_accuracy,[0.62322368 0.52370954 0.56035936 0.60006732 0.55607325],0.5726866303828515,individuals per game and player
GradientBoosting,average_precision,[0.73547914 0.65666095 0.68073753 0.62779018 0.67944403],0.6760223634400241,individuals per game and player
GradientBoosting,neg_brier_score,[-0.25794524 -0.27254123 -0.28327502 -0.26802261 -0.25673003],-0.2677028240630799,individuals per game and player
GradientBoosting,f1,[0.46536224 0.63555279 0.61743257 0.57824427 0.65916432],0.5911512404570363,individuals per game and player
GradientBoosting,f1_micro,[0.60249017 0.53944954 0.56684142 0.59449541 0.57129751],0.5749148099606816,individuals per game and player
GradientBoosting,f1_macro,[0.57449817 0.50503165 0.55913163 0.59389246 0.54077764],0.5546663077196635,individuals per game and player
GradientBoosting,f1_weighted,[0.5669459  0.51406378 0.56318137 0.59280549 0.54900109],0.5571995266269176,individuals per game and player
GradientBoosting,neg_log_loss,[-0.73798764 -0.78168171 -0.82869447 -0.81533511 -0.72949286],-0.7786383581566587,individuals per game and player
GradientBoosting,precision,[0.8281054  0.55078195 0.58499671 0.65141278 0.57331883],0.6377231332665365,individuals per game and player
GradientBoosting,recall,[0.32360873 0.7511645  0.65367647 0.51985294 0.7752451 ],0.6047095477072909,individuals per game and player
GradientBoosting,jaccard,[0.30323915 0.46579507 0.44658406 0.40671141 0.49160709],0.42278735511876864,individuals per game and player
GradientBoosting,roc_auc,[0.66668115 0.60164991 0.61160073 0.59850901 0.64046393],0.6237809452205192,individuals per game and player
GradientBoosting,roc_auc_ovr,[0.66668115 0.60164991 0.61160073 0.59850901 0.64046393],0.6237809452205192,individuals per game and player
GradientBoosting,roc_auc_ovo,[0.66668115 0.60164991 0.61160073 0.59850901 0.64046393],0.6237809452205192,individuals per game and player
GradientBoosting,roc_auc_ovr_weighted,[0.66668115 0.60164991 0.61160073 0.59850901 0.64046393],0.6237809452205192,individuals per game and player
GradientBoosting,roc_auc_ovo_weighted,[0.66668115 0.60164991 0.61160073 0.59850901 0.64046393],0.6237809452205192,individuals per game and player
Nearest Neighbors,accuracy,[0.60144928 0.10218978 0.0729927  0.22627737 0.40145985],0.2808737966783032,individuals per player
Nearest Neighbors,balanced_accuracy,[0.5        0.08433735 0.06696231 0.2518847  0.5       ],0.280636871209895,individuals per player
Nearest Neighbors,average_precision,[0.42042161 0.39416058 0.36893025 0.33532933 0.41044776],0.3858579068343509,individuals per player
Nearest Neighbors,neg_brier_score,[-0.39049919 -0.80940795 -0.87996756 -0.77047851 -0.5863747 ],-0.6873455810618616,individuals per player
Nearest Neighbors,f1,[0.         0.         0.03053435 0.28378378 0.57291667],0.1774469603190977,individuals per player
Nearest Neighbors,f1_micro,[0.60144928 0.10218978 0.0729927  0.22627737 0.40145985],0.2808737966783032,individuals per player
Nearest Neighbors,f1_macro,[0.37556561 0.09271523 0.07121123 0.22125697 0.28645833],0.20944147575093752,individuals per player
Nearest Neighbors,f1_weighted,[0.45176733 0.11234108 0.07922784 0.20893417 0.23000304],0.21645469318099417,individuals per player
Nearest Neighbors,neg_log_loss,[-13.2808143  -25.41325032 -28.8656343  -26.48271803 -19.94103898],-22.796691186530456,individuals per player
Nearest Neighbors,precision,[0.         0.         0.02631579 0.22580645 0.40145985],0.13071641902023717,individuals per player
Nearest Neighbors,recall,[0.         0.         0.03636364 0.38181818 1.        ],0.28363636363636363,individuals per player
Nearest Neighbors,jaccard,[0.         0.         0.01550388 0.16535433 0.40145985],0.11646361213845044,individuals per player
Nearest Neighbors,roc_auc,[0.51818182 0.04819277 0.02838137 0.25044346 0.51829268],0.2726984211791735,individuals per player
Nearest Neighbors,roc_auc_ovr,[0.51818182 0.04819277 0.02838137 0.25044346 0.51829268],0.2726984211791735,individuals per player
Nearest Neighbors,roc_auc_ovo,[0.51818182 0.04819277 0.02838137 0.25044346 0.51829268],0.2726984211791735,individuals per player
Nearest Neighbors,roc_auc_ovr_weighted,[0.51818182 0.04819277 0.02838137 0.25044346 0.51829268],0.2726984211791735,individuals per player
Nearest Neighbors,roc_auc_ovo_weighted,[0.51818182 0.04819277 0.02838137 0.25044346 0.51829268],0.2726984211791735,individuals per player
Gaussian Process,accuracy,[0.60144928 0.27007299 0.28467153 0.2189781  0.40145985],0.35532635142282876,individuals per player
Gaussian Process,balanced_accuracy,[0.5        0.22289157 0.32461197 0.24578714 0.5       ],0.35865813586942,individuals per player
Gaussian Process,average_precision,[0.90331398 0.25035202 0.25691297 0.27164701 0.41757781],0.4199607568294068,individuals per player
Gaussian Process,neg_brier_score,[-0.37455658 -0.56540931 -0.59060288 -0.64173092 -0.4414302 ],-0.5227459801927228,individuals per player
Gaussian Process,f1,[0.         0.         0.37179487 0.28187919 0.57291667],0.24531814661848222,individuals per player
Gaussian Process,f1_micro,[0.60144928 0.27007299 0.28467153 0.2189781  0.40145985],0.35532635142282876,individuals per player
Gaussian Process,f1_macro,[0.37556561 0.21264368 0.2706432  0.2129396  0.28645833],0.27165008365574356,individuals per player
Gaussian Process,f1_weighted,[0.45176733 0.25765584 0.2507082  0.19935296 0.23000304],0.27789747453029306,individuals per player
Gaussian Process,neg_log_loss,[-1.62411011 -1.75611152 -1.83458472 -2.05405897 -1.21085533],-1.6959441287866899,individuals per player
Gaussian Process,precision,[0.         0.         0.28712871 0.22340426 0.40145985],0.18239856444100694,individuals per player
Gaussian Process,recall,[0.         0.         0.52727273 0.38181818 1.        ],0.38181818181818183,individuals per player
Gaussian Process,jaccard,[0.         0.         0.22834646 0.1640625  0.40145985],0.1587737621415024,individuals per player
Gaussian Process,roc_auc,[0.88871851 0.12806783 0.12239468 0.19689579 0.54323725],0.37586281069090355,individuals per player
Gaussian Process,roc_auc_ovr,[0.88871851 0.12806783 0.12239468 0.19689579 0.54323725],0.37586281069090355,individuals per player
Gaussian Process,roc_auc_ovo,[0.88871851 0.12806783 0.12239468 0.19689579 0.54323725],0.37586281069090355,individuals per player
Gaussian Process,roc_auc_ovr_weighted,[0.88871851 0.12806783 0.12239468 0.19689579 0.54323725],0.37586281069090355,individuals per player
Gaussian Process,roc_auc_ovo_weighted,[0.88871851 0.12806783 0.12239468 0.19689579 0.54323725],0.37586281069090355,individuals per player
Decision Tree,accuracy,[0.60144928 0.08759124 0.29927007 0.22627737 0.41605839],0.326129271130858,individuals per player
Decision Tree,balanced_accuracy,[0.5        0.07228916 0.36075388 0.2518847  0.51219512],0.3394245719017979,individuals per player
Decision Tree,average_precision,[0.39855072 0.39416058 0.3422099  0.33439219 0.40740741],0.3753441607105402,individuals per player
Decision Tree,neg_brier_score,[-0.39855072 -0.91867877 -0.76463446 -0.77372263 -0.58576642],-0.6882706008580299,individuals per player
Decision Tree,f1,[0.         0.         0.43529412 0.28378378 0.57894737],0.25960505397037903,individuals per player
Decision Tree,f1_micro,[0.60144928 0.08759124 0.29927007 0.22627737 0.41605839],0.326129271130858,individuals per player
Decision Tree,f1_macro,[0.37556561 0.08053691 0.2561086  0.22125697 0.31328321],0.24935026003469912,individuals per player
Decision Tree,f1_weighted,[0.45176733 0.09758487 0.22079466 0.20893417 0.26092604],0.2480014141031675,individuals per player
Decision Tree,neg_log_loss,[-13.76545436 -31.53893864 -24.38644505 -26.72385306 -20.17415494],-23.31776920874649,individuals per player
Decision Tree,precision,[0.         0.         0.32173913 0.22580645 0.40740741],0.19099059789101863,individuals per player
Decision Tree,recall,[0.         0.         0.67272727 0.38181818 1.        ],0.41090909090909095,individuals per player
Decision Tree,jaccard,[0.         0.         0.27819549 0.16535433 0.40740741],0.17019144536757466,individuals per player
Decision Tree,roc_auc,[0.5        0.0060241  0.03481153 0.2518847  0.51219512],0.2609830897870863,individuals per player
Decision Tree,roc_auc_ovr,[0.5        0.0060241  0.03481153 0.2518847  0.51219512],0.2609830897870863,individuals per player
Decision Tree,roc_auc_ovo,[0.5        0.0060241  0.03481153 0.2518847  0.51219512],0.2609830897870863,individuals per player
Decision Tree,roc_auc_ovr_weighted,[0.5        0.0060241  0.03481153 0.2518847  0.51219512],0.2609830897870863,individuals per player
Decision Tree,roc_auc_ovo_weighted,[0.5        0.0060241  0.03481153 0.2518847  0.51219512],0.2609830897870863,individuals per player
Random Forest,accuracy,[0.60144928 0.53284672 0.43065693 0.30656934 0.4379562 ],0.46189569448852225,individuals per player
Random Forest,balanced_accuracy,[0.5        0.43975904 0.45254989 0.3578714  0.52450111],0.45493628616461407,individuals per player
Random Forest,average_precision,[0.50415184 0.24677578 0.36371303 0.37930839 0.4769164 ],0.3941730895267352,individuals per player
Random Forest,neg_brier_score,[-0.35796764 -0.3719847  -0.31747594 -0.39818376 -0.37090992],-0.3633043907082087,individuals per player
Random Forest,f1,[0.         0.         0.44285714 0.41717791 0.57923497],0.2878540059290336,individuals per player
Random Forest,f1_micro,[0.60144928 0.53284672 0.43065693 0.30656934 0.4379562 ],0.46189569448852225,individuals per player
Random Forest,f1_macro,[0.37556561 0.34761905 0.4303838  0.28066103 0.36654056],0.36015400923542124,individuals per player
Random Forest,f1_weighted,[0.45176733 0.42120264 0.42792554 0.25375624 0.32462269],0.3758548887015741,individuals per player
Random Forest,neg_log_loss,[-4.41874548 -1.04245419 -0.84445561 -1.06583552 -1.01223967],-1.6767460936849439,individuals per player
Random Forest,precision,[0.         0.         0.36470588 0.31481481 0.4140625 ],0.2187166394335512,individuals per player
Random Forest,recall,[0.         0.         0.56363636 0.61818182 0.96363636],0.4290909090909091,individuals per player
Random Forest,jaccard,[0.         0.         0.28440367 0.26356589 0.40769231],0.19113237377798933,individuals per player
Random Forest,roc_auc,[0.60569551 0.03369032 0.41374723 0.3691796  0.58059867],0.40058226500483335,individuals per player
Random Forest,roc_auc_ovr,[0.60569551 0.03369032 0.41374723 0.3691796  0.58059867],0.40058226500483335,individuals per player
Random Forest,roc_auc_ovo,[0.60569551 0.03369032 0.41374723 0.3691796  0.58059867],0.40058226500483335,individuals per player
Random Forest,roc_auc_ovr_weighted,[0.60569551 0.03369032 0.41374723 0.3691796  0.58059867],0.40058226500483335,individuals per player
Random Forest,roc_auc_ovo_weighted,[0.60569551 0.03369032 0.41374723 0.3691796  0.58059867],0.40058226500483335,individuals per player
Neural Net,accuracy,[0.60144928 0.60583942 0.59854015 0.59854015 0.59854015],0.6005818258753834,individuals per player
Neural Net,balanced_accuracy,[0.5 0.5 0.5 0.5 0.5],0.5,individuals per player
Neural Net,average_precision,[0.27830833 0.23336664 0.26852927 0.25127354 0.3853312 ],0.2833617930431688,individuals per player
Neural Net,neg_brier_score,[-0.39855065 -0.39416058 -0.39747522 -0.40145985 -0.40145985],-0.3986212328882128,individuals per player
Neural Net,f1,[0. 0. 0. 0. 0.],0.0,individuals per player
Neural Net,f1_micro,[0.60144928 0.60583942 0.59854015 0.59854015 0.59854015],0.6005818258753834,individuals per player
Neural Net,f1_macro,[0.37556561 0.37727273 0.37442922 0.37442922 0.37442922],0.3752252018730665,individuals per player
Neural Net,f1_weighted,[0.45176733 0.45713338 0.44822184 0.44822184 0.44822184],0.45071324800463397,individuals per player
Neural Net,neg_log_loss,[-11.17482635 -13.61382427  -2.15414272 -13.86593213 -13.86593213],-10.934931519552759,individuals per player
Neural Net,precision,[0. 0. 0. 0. 0.],0.0,individuals per player
Neural Net,recall,[0. 0. 0. 0. 0.],0.0,individuals per player
Neural Net,jaccard,[0. 0. 0. 0. 0.],0.0,individuals per player
Neural Net,roc_auc,[0.15684556 0.         0.19667406 0.09467849 0.51374723],0.19238906846899792,individuals per player
Neural Net,roc_auc_ovr,[0.15684556 0.         0.19667406 0.09467849 0.51374723],0.19238906846899792,individuals per player
Neural Net,roc_auc_ovo,[0.15684556 0.         0.19667406 0.09467849 0.51374723],0.19238906846899792,individuals per player
Neural Net,roc_auc_ovr_weighted,[0.15684556 0.         0.19667406 0.09467849 0.51374723],0.19238906846899792,individuals per player
Neural Net,roc_auc_ovo_weighted,[0.15684556 0.         0.19667406 0.09467849 0.51374723],0.19238906846899792,individuals per player
AdaBoost,accuracy,[0.60144928 0.09489051 0.03649635 0.26277372 0.41605839],0.2823336506929017,individuals per player
AdaBoost,balanced_accuracy,[0.5        0.08154842 0.03348115 0.30931264 0.51219512],0.28730746588225287,individuals per player
AdaBoost,average_precision,[0.47068449 0.31371666 0.28947571 0.3533487  0.56944501],0.39933411210964953,individuals per player
AdaBoost,neg_brier_score,[-0.24207449 -0.26056836 -0.26054442 -0.25758901 -0.28755403],-0.2616660616494455,individuals per player
AdaBoost,f1,[0.         0.01587302 0.01492537 0.37267081 0.57894737],0.19648331297636257,individuals per player
AdaBoost,f1_micro,[0.60144928 0.09489051 0.03649635 0.26277372 0.41605839],0.2823336506929017,individuals per player
AdaBoost,f1_macro,[0.37556561 0.08901759 0.03603412 0.23943275 0.31328321],0.21066665437908236,individuals per player
AdaBoost,f1_weighted,[0.45176733 0.10450075 0.04019423 0.21317415 0.26092604],0.21411249982195915,individuals per player
AdaBoost,neg_log_loss,[-0.6780043  -0.71423031 -0.71424092 -0.70833248 -0.76991434],-0.7169444687773435,individuals per player
AdaBoost,precision,[0.         0.01388889 0.01265823 0.28301887 0.40740741],0.14339467841378517,individuals per player
AdaBoost,recall,[0.         0.01851852 0.01818182 0.54545455 1.        ],0.3164309764309764,individuals per player
AdaBoost,jaccard,[0.         0.008      0.0075188  0.22900763 0.40740741],0.13038676759753498,individuals per player
AdaBoost,roc_auc,[0.58368018 0.01851852 0.00931264 0.32505543 0.67017738],0.32134882966208267,individuals per player
AdaBoost,roc_auc_ovr,[0.58368018 0.01851852 0.00931264 0.32505543 0.67017738],0.32134882966208267,individuals per player
AdaBoost,roc_auc_ovo,[0.58368018 0.01851852 0.00931264 0.32505543 0.67017738],0.32134882966208267,individuals per player
AdaBoost,roc_auc_ovr_weighted,[0.58368018 0.01851852 0.00931264 0.32505543 0.67017738],0.32134882966208267,individuals per player
AdaBoost,roc_auc_ovo_weighted,[0.58368018 0.01851852 0.00931264 0.32505543 0.67017738],0.32134882966208267,individuals per player
Naive Bayes,accuracy,[0.60144928 0.71532847 0.82481752 0.57664234 0.40875912],0.6253993441235586,individuals per player
Naive Bayes,balanced_accuracy,[0.5        0.63888889 0.79678492 0.62538803 0.50609756],0.6134318797733431,individuals per player
Naive Bayes,average_precision,[0.90408999 0.99556599 0.91678361 0.62090667 0.57226369],0.8019219901319297,individuals per player
Naive Bayes,neg_brier_score,[-0.38482494 -0.13634571 -0.16201818 -0.24208086 -0.45512593],-0.27607912330009415,individuals per player
Naive Bayes,f1,[0.         0.43478261 0.75       0.62337662 0.57591623],0.4768150924877535,individuals per player
Naive Bayes,f1_micro,[0.60144928 0.71532847 0.82481752 0.57664234 0.40875912],0.6253993441235586,individuals per player
Naive Bayes,f1_macro,[0.37556561 0.62226935 0.80758427 0.57002165 0.30000631],0.5350894373253878,individuals per player
Naive Bayes,f1_weighted,[0.45176733 0.66195633 0.81893299 0.55950643 0.2456299 ],0.547558596354089,individuals per player
Naive Bayes,neg_log_loss,[-2.25698462 -0.42972902 -0.50567868 -0.68050953 -1.30188888],-1.0349581453971015,individuals per player
Naive Bayes,precision,[0.         1.         0.87804878 0.48484848 0.40441176],0.5534618060084344,individuals per player
Naive Bayes,recall,[0.         0.27777778 0.65454545 0.87272727 1.        ],0.561010101010101,individuals per player
Naive Bayes,jaccard,[0.         0.27777778 0.6        0.45283019 0.40441176],0.347003946232581,individuals per player
Naive Bayes,roc_auc,[0.89638554 0.99620705 0.93481153 0.70088692 0.72394678],0.8504475650817114,individuals per player
Naive Bayes,roc_auc_ovr,[0.89638554 0.99620705 0.93481153 0.70088692 0.72394678],0.8504475650817114,individuals per player
Naive Bayes,roc_auc_ovo,[0.89638554 0.99620705 0.93481153 0.70088692 0.72394678],0.8504475650817114,individuals per player
Naive Bayes,roc_auc_ovr_weighted,[0.89638554 0.99620705 0.93481153 0.70088692 0.72394678],0.8504475650817114,individuals per player
Naive Bayes,roc_auc_ovo_weighted,[0.89638554 0.99620705 0.93481153 0.70088692 0.72394678],0.8504475650817114,individuals per player
QDA,accuracy,[0.60144928 0.82481752 0.67153285 0.65693431 0.40875912],0.6326986141965513,individuals per player
QDA,balanced_accuracy,[0.5        0.77777778 0.6597561  0.66252772 0.50609756],0.6212318305001231,individuals per player
QDA,average_precision,[0.92452575 0.93386539 0.77917792 0.61972363 0.55865951],0.7631904397864966,individuals per player
QDA,neg_brier_score,[-0.38425479 -0.13894312 -0.17409223 -0.23564666 -0.43484396],-0.2735561528003448,individuals per player
QDA,f1,[0.         0.71428571 0.59459459 0.61788618 0.57591623],0.500536543621718,individuals per player
QDA,f1_micro,[0.60144928 0.82481752 0.67153285 0.65693431 0.40875912],0.6326986141965513,individuals per player
QDA,f1_macro,[0.37556561 0.79398496 0.65926049 0.65331395 0.30000631],0.5564262638118934,individuals per player
QDA,f1_weighted,[0.45176733 0.81085561 0.67200486 0.66029607 0.2456299 ],0.5681107523004022,individuals per player
QDA,neg_log_loss,[-2.21229786 -0.43983956 -0.52407139 -0.67407837 -1.2520774 ],-1.0204729163947555,individuals per player
QDA,precision,[0.         1.         0.58928571 0.55882353 0.40441176],0.5105042016806722,individuals per player
QDA,recall,[0.         0.55555556 0.6        0.69090909 1.        ],0.5692929292929293,individuals per player
QDA,jaccard,[0.         0.55555556 0.42307692 0.44705882 0.40441176],0.36602061337355457,individuals per player
QDA,roc_auc,[0.92179628 0.94756805 0.81330377 0.69711752 0.65875831],0.80770878537555,individuals per player
QDA,roc_auc_ovr,[0.92179628 0.94756805 0.81330377 0.69711752 0.65875831],0.80770878537555,individuals per player
QDA,roc_auc_ovo,[0.92179628 0.94756805 0.81330377 0.69711752 0.65875831],0.80770878537555,individuals per player
QDA,roc_auc_ovr_weighted,[0.92179628 0.94756805 0.81330377 0.69711752 0.65875831],0.80770878537555,individuals per player
QDA,roc_auc_ovo_weighted,[0.92179628 0.94756805 0.81330377 0.69711752 0.65875831],0.80770878537555,individuals per player
Bagging,accuracy,[0.60144928 0.60583942 0.86131387 0.40145985 0.40145985],0.5743044536126097,individuals per player
Bagging,balanced_accuracy,[0.5        0.5        0.88414634 0.5        0.5       ],0.576829268292683,individuals per player
Bagging,average_precision,[0.88972553 0.98727514 0.82966528 0.33687318 0.41757781],0.69222338996891,individuals per player
Bagging,neg_brier_score,[-0.39855072 -0.27919708 -0.21211679 -0.59854015 -0.59854015],-0.41738897704432454,individuals per player
Bagging,f1,[0.         0.         0.85271318 0.57291667 0.57291667],0.3997093023255814,individuals per player
Bagging,f1_micro,[0.60144928 0.60583942 0.86131387 0.40145985 0.40145985],0.5743044536126097,individuals per player
Bagging,f1_macro,[0.37556561 0.37727273 0.86083935 0.28645833 0.28645833],0.4373188705134197,individuals per player
Bagging,f1_weighted,[0.45176733 0.45713338 0.86244086 0.23000304 0.23000304],0.4462695289843948,individuals per player
Bagging,neg_log_loss,[-13.76545436  -8.42580812  -0.60920749 -20.67332286 -20.67332286],-12.829423136557418,individuals per player
Bagging,precision,[0.         0.         0.74324324 0.40145985 0.40145985],0.30923259025448807,individuals per player
Bagging,recall,[0. 0. 1. 1. 1.],0.6,individuals per player
Bagging,jaccard,[0.         0.         0.74324324 0.40145985 0.40145985],0.30923259025448807,individuals per player
Bagging,roc_auc,[0.85892662 0.98750558 0.87782705 0.42305987 0.54323725],0.7381112723869115,individuals per player
Bagging,roc_auc_ovr,[0.5        0.69444444 0.82305987 0.5        0.5       ],0.60350086228135,individuals per player
Bagging,roc_auc_ovo,[0.5        0.69444444 0.82305987 0.5        0.5       ],0.60350086228135,individuals per player
Bagging,roc_auc_ovr_weighted,[0.5        0.69444444 0.82305987 0.5        0.5       ],0.60350086228135,individuals per player
Bagging,roc_auc_ovo_weighted,[0.5        0.69444444 0.82305987 0.5        0.5       ],0.60350086228135,individuals per player
ExtraTrees,accuracy,[0.60869565 0.28467153 0.18978102 0.25547445 0.43065693],0.3538559187559505,individuals per player
ExtraTrees,balanced_accuracy,[0.50909091 0.23493976 0.18847007 0.27627494 0.51241685],0.34423850613095397,individuals per player
ExtraTrees,average_precision,[0.48639118 0.31057256 0.28588328 0.33963192 0.45687242],0.3758702728003374,individuals per player
ExtraTrees,neg_brier_score,[-0.37719275 -0.62777956 -0.72358394 -0.65766788 -0.48607299],-0.5744594266370464,individuals per player
ExtraTrees,f1,[0.03571429 0.         0.15267176 0.29166667 0.56666667],0.20934387495456197,individuals per player
ExtraTrees,f1_micro,[0.60869565 0.28467153 0.18978102 0.25547445 0.43065693],0.3538559187559505,individuals per player
ExtraTrees,f1_macro,[0.39512987 0.22159091 0.18822399 0.25352564 0.36843972],0.28538202526183687,individuals per player
ExtraTrees,f1_weighted,[0.46805477 0.26849701 0.19523063 0.2460088  0.32937309],0.3014328614558423,individuals per player
ExtraTrees,neg_log_loss,[-11.64853317 -14.55311807 -16.5512451  -15.30429997 -12.0442475 ],-14.020288760721769,individuals per player
ExtraTrees,precision,[1.         0.         0.13157895 0.23595506 0.408     ],0.35510680070963924,individuals per player
ExtraTrees,recall,[0.01818182 0.         0.18181818 0.38181818 0.92727273],0.3018181818181818,individuals per player
ExtraTrees,jaccard,[0.01818182 0.         0.08264463 0.17073171 0.39534884],0.13338139816147346,individuals per player
ExtraTrees,roc_auc,[0.57064622 0.06938867 0.08702882 0.32638581 0.5864745 ],0.32798480445556555,individuals per player
ExtraTrees,roc_auc_ovr,[0.57064622 0.06938867 0.08702882 0.32638581 0.5864745 ],0.32798480445556555,individuals per player
ExtraTrees,roc_auc_ovo,[0.57064622 0.06938867 0.08702882 0.32638581 0.5864745 ],0.32798480445556555,individuals per player
ExtraTrees,roc_auc_ovr_weighted,[0.57064622 0.06938867 0.08702882 0.32638581 0.5864745 ],0.32798480445556555,individuals per player
ExtraTrees,roc_auc_ovo_weighted,[0.57064622 0.06938867 0.08702882 0.32638581 0.5864745 ],0.32798480445556555,individuals per player
GradientBoosting,accuracy,[0.60144928 0.08759124 0.03649635 0.22627737 0.40145985],0.2706548185761134,individuals per player
GradientBoosting,balanced_accuracy,[0.5        0.07228916 0.03348115 0.25487805 0.5       ],0.2721296716800684,individuals per player
GradientBoosting,average_precision,[0.48106672 0.26694921 0.28931365 0.34988136 0.59346277],0.3961347408597578,individuals per player
GradientBoosting,neg_brier_score,[-0.38561483 -0.69220942 -0.75241788 -0.65508442 -0.56321069],-0.6097074488588239,individuals per player
GradientBoosting,f1,[0.         0.         0.01492537 0.29333333 0.57291667],0.17623507462686566,individuals per player
GradientBoosting,f1_micro,[0.60144928 0.08759124 0.03649635 0.22627737 0.40145985],0.2706548185761134,individuals per player
GradientBoosting,f1_macro,[0.37556561 0.08053691 0.03603412 0.21924731 0.28645833],0.1995684567822579,individuals per player
GradientBoosting,f1_weighted,[0.45176733 0.09758487 0.04019423 0.20464642 0.23000304],0.2048391784015215,individuals per player
GradientBoosting,neg_log_loss,[-1.72621055 -2.0257787  -2.24106772 -2.2451359  -2.28408024],-2.1044546216641358,individuals per player
GradientBoosting,precision,[0.         0.         0.01265823 0.23157895 0.40145985],0.12913940584622416,individuals per player
GradientBoosting,recall,[0.         0.         0.01818182 0.4        1.        ],0.28363636363636363,individuals per player
GradientBoosting,jaccard,[0.         0.         0.0075188  0.171875   0.40145985],0.11617073020141595,individuals per player
GradientBoosting,roc_auc,[0.58663746 0.0107095  0.00953437 0.32505543 0.68470067],0.32332748584879056,individuals per player
GradientBoosting,roc_auc_ovr,[0.58663746 0.0107095  0.00953437 0.32505543 0.68470067],0.32332748584879056,individuals per player
GradientBoosting,roc_auc_ovo,[0.58663746 0.0107095  0.00953437 0.32505543 0.68470067],0.32332748584879056,individuals per player
GradientBoosting,roc_auc_ovr_weighted,[0.58663746 0.0107095  0.00953437 0.32505543 0.68470067],0.32332748584879056,individuals per player
GradientBoosting,roc_auc_ovo_weighted,[0.58663746 0.0107095  0.00953437 0.32505543 0.68470067],0.32332748584879056,individuals per player
Nearest Neighbors,accuracy,[0.73417722 0.72151899 0.74358974 0.78205128 0.71794872],0.7398571892242778,individuals per game
Nearest Neighbors,balanced_accuracy,[0.66592593 0.68888889 0.66339623 0.71283019 0.62339623],0.6708874912648498,individuals per game
Nearest Neighbors,average_precision,[0.51685846 0.52332815 0.52868477 0.57898308 0.47565812],0.5247025151768565,individuals per game
Nearest Neighbors,neg_brier_score,[-0.20253165 -0.18706048 -0.1994302  -0.17094017 -0.21082621],-0.19415774099318403,individuals per game
Nearest Neighbors,f1,[0.53333333 0.57692308 0.52380952 0.60465116 0.45      ],0.5377434193713263,individuals per game
Nearest Neighbors,f1_micro,[0.73417722 0.72151899 0.74358974 0.78205128 0.71794872],0.7398571892242779,individuals per game
Nearest Neighbors,f1_macro,[0.67374631 0.68468795 0.67418546 0.72710434 0.63017241],0.6779792972299581,individuals per game
Nearest Neighbors,f1_weighted,[0.72529032 0.72424721 0.72816657 0.77106189 0.69484969],0.7287231369545819,individuals per game
Nearest Neighbors,neg_log_loss,[-3.38341056 -1.33216554 -3.41269259 -2.12067626 -3.44088264],-2.737965517844711,individuals per game
Nearest Neighbors,precision,[0.6        0.55555556 0.64705882 0.72222222 0.6       ],0.6249673202614379,individuals per game
Nearest Neighbors,recall,[0.48 0.6  0.44 0.52 0.36],0.48,individuals per game
Nearest Neighbors,jaccard,[0.36363636 0.40540541 0.35483871 0.43333333 0.29032258],0.36950727853953663,individuals per game
Nearest Neighbors,roc_auc,[0.71074074 0.74074074 0.70754717 0.77698113 0.70377358],0.7279566736547868,individuals per game
Nearest Neighbors,roc_auc_ovr,[0.71074074 0.74074074 0.70754717 0.77698113 0.70377358],0.7279566736547868,individuals per game
Nearest Neighbors,roc_auc_ovo,[0.71074074 0.74074074 0.70754717 0.77698113 0.70377358],0.7279566736547868,individuals per game
Nearest Neighbors,roc_auc_ovr_weighted,[0.71074074 0.74074074 0.70754717 0.77698113 0.70377358],0.7279566736547868,individuals per game
Nearest Neighbors,roc_auc_ovo_weighted,[0.71074074 0.74074074 0.70754717 0.77698113 0.70377358],0.7279566736547868,individuals per game
Gaussian Process,accuracy,[0.70886076 0.6835443  0.67948718 0.67948718 0.67948718],0.6861733203505356,individuals per game
Gaussian Process,balanced_accuracy,[0.65814815 0.5        0.5        0.52113208 0.5       ],0.5358560447239693,individuals per game
Gaussian Process,average_precision,[0.64531651 0.37320997 0.34703357 0.50483092 0.33055019],0.4401882301893993,individuals per game
Gaussian Process,neg_brier_score,[-0.18705739 -0.2163713  -0.21779122 -0.19721049 -0.2177912 ],-0.20724432348808794,individuals per game
Gaussian Process,f1,[0.53061224 0.         0.         0.13793103 0.        ],0.13370865587614358,individuals per game
Gaussian Process,f1_micro,[0.70886076 0.6835443  0.67948718 0.67948718 0.67948718],0.6861733203505356,individuals per game
Gaussian Process,f1_macro,[0.65980154 0.40601504 0.40458015 0.47054032 0.40458015],0.4691034397242997,individuals per game
Gaussian Process,f1_weighted,[0.70722545 0.55505853 0.54981405 0.58993853 0.54981405],0.5903701234555576,individuals per game
Gaussian Process,neg_log_loss,[-0.54940017 -0.62430602 -0.62727113 -0.57944263 -0.62727109],-0.6015382078960851,individuals per game
Gaussian Process,precision,[0.54166667 0.         0.         0.5        0.        ],0.20833333333333331,individuals per game
Gaussian Process,recall,[0.52 0.   0.   0.08 0.  ],0.12,individuals per game
Gaussian Process,jaccard,[0.36111111 0.         0.         0.07407407 0.        ],0.08703703703703704,individuals per game
Gaussian Process,roc_auc,[0.74592593 0.60222222 0.53283019 0.71849057 0.53433962],0.6267617051013278,individuals per game
Gaussian Process,roc_auc_ovr,[0.74592593 0.60222222 0.53283019 0.71849057 0.53433962],0.6267617051013278,individuals per game
Gaussian Process,roc_auc_ovo,[0.74592593 0.60222222 0.53283019 0.71849057 0.53433962],0.6267617051013278,individuals per game
Gaussian Process,roc_auc_ovr_weighted,[0.74592593 0.60222222 0.53283019 0.71849057 0.53433962],0.6267617051013278,individuals per game
Gaussian Process,roc_auc_ovo_weighted,[0.74592593 0.60222222 0.53283019 0.71849057 0.53433962],0.6267617051013278,individuals per game
Decision Tree,accuracy,[0.83544304 0.92405063 0.79487179 0.79487179 0.83333333],0.8365141187925997,individuals per game
Decision Tree,balanced_accuracy,[0.82592593 0.90148148 0.73283019 0.73283019 0.76113208],0.7908399720475192,individuals per game
Decision Tree,average_precision,[0.71745348 0.82603943 0.65564633 0.75975    0.77893162],0.7475641720852206,individuals per game
Decision Tree,neg_brier_score,[-0.13903564 -0.07385115 -0.16878551 -0.14127331 -0.12846736],-0.1302825930795629,individuals per game
Decision Tree,f1,[0.75471698 0.875      0.63636364 0.63636364 0.68292683],0.7170742166255282,individuals per game
Decision Tree,f1_micro,[0.83544304 0.92405063 0.79487179 0.79487179 0.83333333],0.8365141187925997,individuals per game
Decision Tree,f1_macro,[0.81545373 0.91022727 0.74675325 0.74675325 0.78494168],0.8008258340797507,individuals per game
Decision Tree,f1_weighted,[0.8377495  0.9231588  0.78638029 0.78638029 0.82156239],0.8310462524522443,individuals per game
Decision Tree,neg_log_loss,[-2.82540092 -0.67679247 -2.55818953 -0.83286293 -0.83767892],-1.5461849522413487,individuals per game
Decision Tree,precision,[0.71428571 0.91304348 0.73684211 0.73684211 0.875     ],0.7952026806145799,individuals per game
Decision Tree,recall,[0.8  0.84 0.56 0.56 0.56],0.664,individuals per game
Decision Tree,jaccard,[0.60606061 0.77777778 0.46666667 0.46666667 0.51851852],0.5671380471380472,individuals per game
Decision Tree,roc_auc,[0.89222222 0.90555556 0.77132075 0.86037736 0.85471698],0.8568385744234801,individuals per game
Decision Tree,roc_auc_ovr,[0.89222222 0.90555556 0.77132075 0.86037736 0.85471698],0.8568385744234801,individuals per game
Decision Tree,roc_auc_ovo,[0.89222222 0.90555556 0.77132075 0.86037736 0.85471698],0.8568385744234801,individuals per game
Decision Tree,roc_auc_ovr_weighted,[0.89222222 0.90555556 0.77132075 0.86037736 0.85471698],0.8568385744234801,individuals per game
Decision Tree,roc_auc_ovo_weighted,[0.89222222 0.90555556 0.77132075 0.86037736 0.85471698],0.8568385744234801,individuals per game
Random Forest,accuracy,[0.7721519  0.83544304 0.80769231 0.83333333 0.69230769],0.7881856540084389,individuals per game
Random Forest,balanced_accuracy,[0.64       0.75074074 0.7        0.76113208 0.53056604],0.6764877707896576,individuals per game
Random Forest,average_precision,[0.83314381 0.87598283 0.78380553 0.81690689 0.72727139],0.8074220911617139,individuals per game
Random Forest,neg_brier_score,[-0.15823466 -0.13735643 -0.16175815 -0.14508097 -0.17096564],-0.1546791694114873,individuals per game
Random Forest,f1,[0.4375     0.66666667 0.57142857 0.68292683 0.14285714],0.5002758420441348,individuals per game
Random Forest,f1_micro,[0.7721519  0.83544304 0.80769231 0.83333333 0.69230769],0.7881856540084389,individuals per game
Random Forest,f1_macro,[0.64732143 0.77871148 0.72373081 0.78494168 0.47767857],0.6824767949474909,individuals per game
Random Forest,f1_weighted,[0.72434448 0.81984186 0.77840341 0.82156239 0.59787088],0.7484046057698229,individuals per game
Random Forest,neg_log_loss,[-0.49366823 -0.44490377 -0.50323484 -0.45979964 -0.51675004],-0.48367130464733876,individuals per game
Random Forest,precision,[1.         0.92857143 1.         0.875      0.66666667],0.8940476190476192,individuals per game
Random Forest,recall,[0.28 0.52 0.4  0.56 0.08],0.36800000000000005,individuals per game
Random Forest,jaccard,[0.28       0.5        0.4        0.51851852 0.07692308],0.3550883190883191,individuals per game
Random Forest,roc_auc,[0.86259259 0.92555556 0.81962264 0.87320755 0.84226415],0.864648497554158,individuals per game
Random Forest,roc_auc_ovr,[0.86259259 0.92555556 0.81962264 0.87320755 0.84226415],0.864648497554158,individuals per game
Random Forest,roc_auc_ovo,[0.86259259 0.92555556 0.81962264 0.87320755 0.84226415],0.864648497554158,individuals per game
Random Forest,roc_auc_ovr_weighted,[0.86259259 0.92555556 0.81962264 0.87320755 0.84226415],0.864648497554158,individuals per game
Random Forest,roc_auc_ovo_weighted,[0.86259259 0.92555556 0.81962264 0.87320755 0.84226415],0.864648497554158,individuals per game
Neural Net,accuracy,[0.88607595 0.88607595 0.83333333 0.87179487 0.82051282],0.8595585848750404,individuals per game
Neural Net,balanced_accuracy,[0.86296296 0.86296296 0.79283019 0.85283019 0.76226415],0.8267700908455626,individuals per game
Neural Net,average_precision,[0.83012641 0.91327943 0.8344476  0.93135884 0.85055739],0.8719539338474576,individuals per game
Neural Net,neg_brier_score,[-0.10479112 -0.09237695 -0.12094342 -0.07774688 -0.12454739],-0.10408115109163092,individuals per game
Neural Net,f1,[0.81632653 0.81632653 0.72340426 0.8        0.68181818],0.7675750996723643,individuals per game
Neural Net,f1_micro,[0.88607595 0.88607595 0.83333333 0.87179487 0.82051282],0.8595585848750404,individuals per game
Neural Net,f1_macro,[0.86687886 0.86687886 0.8020691  0.85283019 0.77840909],0.8334132205995541,individuals per game
Neural Net,f1_weighted,[0.88543605 0.88543605 0.83030776 0.87179487 0.81308275],0.8572114955283803,individuals per game
Neural Net,neg_log_loss,[-0.48010536 -0.30759367 -0.62726281 -0.29900512 -0.65271124],-0.4733356393381477,individuals per game
Neural Net,precision,[0.83333333 0.83333333 0.77272727 0.8        0.78947368],0.8057735247208931,individuals per game
Neural Net,recall,[0.8  0.8  0.68 0.8  0.6 ],0.736,individuals per game
Neural Net,jaccard,[0.68965517 0.68965517 0.56666667 0.66666667 0.51724138],0.6259770114942529,individuals per game
Neural Net,roc_auc,[0.90296296 0.9437037  0.84830189 0.9509434  0.8754717 ],0.9042767295597484,individuals per game
Neural Net,roc_auc_ovr,[0.90296296 0.9437037  0.84830189 0.9509434  0.8754717 ],0.9042767295597484,individuals per game
Neural Net,roc_auc_ovo,[0.90296296 0.9437037  0.84830189 0.9509434  0.8754717 ],0.9042767295597484,individuals per game
Neural Net,roc_auc_ovr_weighted,[0.90296296 0.9437037  0.84830189 0.9509434  0.8754717 ],0.9042767295597484,individuals per game
Neural Net,roc_auc_ovo_weighted,[0.90296296 0.9437037  0.84830189 0.9509434  0.8754717 ],0.9042767295597484,individuals per game
AdaBoost,accuracy,[0.88607595 0.91139241 0.88461538 0.88461538 0.85897436],0.8851346965271014,individuals per game
AdaBoost,balanced_accuracy,[0.84148148 0.89222222 0.83056604 0.89396226 0.80113208],0.8518728162124389,individuals per game
AdaBoost,average_precision,[0.84844856 0.89435121 0.91903106 0.93647507 0.85599454],0.8908600878403551,individuals per game
AdaBoost,neg_brier_score,[-0.19483743 -0.19419514 -0.1954828  -0.18973164 -0.21143997],-0.1971373971885555,individuals per game
AdaBoost,f1,[0.8        0.85714286 0.79069767 0.83636364 0.74418605],0.8056780428873452,individuals per game
AdaBoost,f1_micro,[0.88607595 0.91139241 0.88461538 0.88461538 0.85897436],0.8851346965271014,individuals per game
AdaBoost,f1_macro,[0.86017699 0.89646134 0.85552583 0.87362736 0.82342046],0.8618423951917806,individuals per game
AdaBoost,f1_weighted,[0.88226728 0.9108947  0.87879747 0.88700409 0.85186358],0.8821654237548721,individuals per game
AdaBoost,neg_log_loss,[-0.5775775  -0.57832947 -0.58098162 -0.56838378 -0.61378506],-0.5838114861808599,individuals per game
AdaBoost,precision,[0.9        0.875      0.94444444 0.76666667 0.88888889],0.875,individuals per game
AdaBoost,recall,[0.72 0.84 0.68 0.92 0.64],0.76,individuals per game
AdaBoost,jaccard,[0.66666667 0.75       0.65384615 0.71875    0.59259259],0.6763710826210826,individuals per game
AdaBoost,roc_auc,[0.83925926 0.95037037 0.93811321 0.94641509 0.88528302],0.9118881900768694,individuals per game
AdaBoost,roc_auc_ovr,[0.83925926 0.95037037 0.93811321 0.94641509 0.88528302],0.9118881900768694,individuals per game
AdaBoost,roc_auc_ovo,[0.83925926 0.95037037 0.93811321 0.94641509 0.88528302],0.9118881900768694,individuals per game
AdaBoost,roc_auc_ovr_weighted,[0.83925926 0.95037037 0.93811321 0.94641509 0.88528302],0.9118881900768694,individuals per game
AdaBoost,roc_auc_ovo_weighted,[0.83925926 0.95037037 0.93811321 0.94641509 0.88528302],0.9118881900768694,individuals per game
Naive Bayes,accuracy,[0.87341772 0.84810127 0.84615385 0.88461538 0.84615385],0.8596884128529698,individuals per game
Naive Bayes,balanced_accuracy,[0.84296296 0.77074074 0.77056604 0.84113208 0.76      ],0.7970803633822502,individuals per game
Naive Bayes,average_precision,[0.87308228 0.8707436  0.81008608 0.88706493 0.86988145],0.8621716679343242,individuals per game
Naive Bayes,neg_brier_score,[-0.11974621 -0.12639737 -0.13299348 -0.11353522 -0.13593814],-0.12572208290949569,individuals per game
Naive Bayes,f1,[0.79166667 0.7        0.7        0.8        0.68421053],0.7351754385964913,individuals per game
Naive Bayes,f1_micro,[0.87341772 0.84810127 0.84615385 0.88461538 0.84615385],0.8596884128529698,individuals per game
Naive Bayes,f1_macro,[0.85037879 0.79915254 0.79827586 0.85945946 0.79125781],0.8197048914621741,individuals per game
Naive Bayes,f1_weighted,[0.87193134 0.83555031 0.83355438 0.88080388 0.82968503],0.8503049882448324,individuals per game
Naive Bayes,neg_log_loss,[-0.92500244 -0.86723248 -1.82222632 -0.77953072 -1.29134516],-1.1370674249707722,individuals per game
Naive Bayes,precision,[0.82608696 0.93333333 0.93333333 0.9        1.        ],0.9185507246376812,individuals per game
Naive Bayes,recall,[0.76 0.56 0.56 0.72 0.52],0.624,individuals per game
Naive Bayes,jaccard,[0.65517241 0.53846154 0.53846154 0.66666667 0.52      ],0.5837524314765694,individuals per game
Naive Bayes,roc_auc,[0.89333333 0.88888889 0.80679245 0.91396226 0.8709434 ],0.8747840670859539,individuals per game
Naive Bayes,roc_auc_ovr,[0.89333333 0.88888889 0.80679245 0.91396226 0.8709434 ],0.8747840670859539,individuals per game
Naive Bayes,roc_auc_ovo,[0.89333333 0.88888889 0.80679245 0.91396226 0.8709434 ],0.8747840670859539,individuals per game
Naive Bayes,roc_auc_ovr_weighted,[0.89333333 0.88888889 0.80679245 0.91396226 0.8709434 ],0.8747840670859539,individuals per game
Naive Bayes,roc_auc_ovo_weighted,[0.89333333 0.88888889 0.80679245 0.91396226 0.8709434 ],0.8747840670859539,individuals per game
QDA,accuracy,[0.84810127 0.81012658 0.79487179 0.85897436 0.75641026],0.8136968516715353,individuals per game
QDA,balanced_accuracy,[0.76       0.71074074 0.71169811 0.78       0.62      ],0.7164877707896575,individuals per game
QDA,average_precision,[0.80594071 0.83274607 0.79155623 0.8650915  0.81014371],0.8210956409101412,individuals per game
QDA,neg_brier_score,[-0.15185073 -0.18991386 -0.20499094 -0.14102561 -0.24357736],-0.18627169602593954,individuals per game
QDA,f1,[0.68421053 0.59459459 0.6        0.71794872 0.38709677],0.5967701226105302,individuals per game
QDA,f1_micro,[0.84810127 0.81012658 0.79487179 0.85897436 0.75641026],0.8136968516715353,individuals per game
QDA,f1_macro,[0.79210526 0.73531383 0.73103448 0.81196581 0.61754839],0.7375935542404036,individuals per game
QDA,f1_weighted,[0.83171219 0.78697025 0.7780725  0.84571554 0.70027461],0.7885490184484506,individuals per game
QDA,neg_log_loss,[-3.63806433 -4.45676837 -4.17821781 -3.57739672 -5.11259704],-4.192608854568369,individuals per game
QDA,precision,[1.         0.91666667 0.8        1.         1.        ],0.9433333333333334,individuals per game
QDA,recall,[0.52 0.44 0.48 0.56 0.24],0.44800000000000006,individuals per game
QDA,jaccard,[0.52       0.42307692 0.42857143 0.56       0.24      ],0.4343296703296703,individuals per game
QDA,roc_auc,[0.82518519 0.89111111 0.80754717 0.8845283  0.83018868],0.8477120894479384,individuals per game
QDA,roc_auc_ovr,[0.82740741 0.89111111 0.81660377 0.8845283  0.83433962],0.8507980433263451,individuals per game
QDA,roc_auc_ovo,[0.82740741 0.89111111 0.81660377 0.8845283  0.83433962],0.8507980433263451,individuals per game
QDA,roc_auc_ovr_weighted,[0.82740741 0.89111111 0.81660377 0.8845283  0.83433962],0.8507980433263451,individuals per game
QDA,roc_auc_ovo_weighted,[0.82740741 0.89111111 0.81660377 0.8845283  0.83433962],0.8507980433263451,individuals per game
Bagging,accuracy,[0.6835443  0.6835443  0.67948718 0.69230769 0.69230769],0.6862382343395002,individuals per game
Bagging,balanced_accuracy,[0.5  0.5  0.5  0.52 0.52],0.508,individuals per game
Bagging,average_precision,[0.48057769 0.38956943 0.45922211 0.6324683  0.46970969],0.48630944364237944,individuals per game
Bagging,neg_brier_score,[-0.26835443 -0.30303797 -0.27205128 -0.22935897 -0.27371795],-0.26930412203829923,individuals per game
Bagging,f1,[0.         0.         0.         0.07692308 0.07692308],0.03076923076923077,individuals per game
Bagging,f1_micro,[0.6835443  0.6835443  0.67948718 0.69230769 0.69230769],0.6862382343395002,individuals per game
Bagging,f1_macro,[0.40601504 0.40601504 0.40458015 0.44615385 0.44615385],0.42178358403348365,individuals per game
Bagging,f1_weighted,[0.55505853 0.55505853 0.54981405 0.57869822 0.57869822],0.5634655136297846,individuals per game
Bagging,neg_log_loss,[-4.77922514 -7.69698392 -5.64442798 -2.27362104 -5.65574342],-5.210000299075616,individuals per game
Bagging,precision,[0. 0. 0. 1. 1.],0.4,individuals per game
Bagging,recall,[0.   0.   0.   0.04 0.04],0.016,individuals per game
Bagging,jaccard,[0.   0.   0.   0.04 0.04],0.016,individuals per game
Bagging,roc_auc,[0.65259259 0.6437037  0.65660377 0.77132075 0.66339623],0.6775234102026555,individuals per game
Bagging,roc_auc_ovr,[0.66222222 0.51888889 0.63169811 0.70716981 0.59396226],0.6227882599580713,individuals per game
Bagging,roc_auc_ovo,[0.66222222 0.51888889 0.63169811 0.70716981 0.59396226],0.6227882599580713,individuals per game
Bagging,roc_auc_ovr_weighted,[0.66222222 0.51888889 0.63169811 0.70716981 0.59396226],0.6227882599580713,individuals per game
Bagging,roc_auc_ovo_weighted,[0.66222222 0.51888889 0.63169811 0.70716981 0.59396226],0.6227882599580713,individuals per game
ExtraTrees,accuracy,[0.89873418 0.94936709 0.88461538 0.93589744 0.87179487],0.9080817916260955,individuals per game
ExtraTrees,balanced_accuracy,[0.85074074 0.93074074 0.82       0.92113208 0.81056604],0.8666359189378058,individuals per game
ExtraTrees,average_precision,[0.98205483 0.94205243 0.91892717 0.97524477 0.89006327],0.9416684953714057,individuals per game
ExtraTrees,neg_brier_score,[-0.05880886 -0.06392785 -0.08979359 -0.05152564 -0.09830641],-0.07247246997728009,individuals per game
ExtraTrees,f1,[0.81818182 0.91666667 0.7804878  0.89795918 0.76190476],0.835040047060953,individuals per game
ExtraTrees,f1_micro,[0.89873418 0.94936709 0.88461538 0.93589744 0.87179487],0.9080817916260955,individuals per game
ExtraTrees,f1_macro,[0.87400319 0.94015152 0.85111347 0.92561511 0.83709273],0.885595202057119,individuals per game
ExtraTrees,f1_weighted,[0.89449458 0.94877254 0.87646627 0.93554287 0.86408329],0.90387190849212,individuals per game
ExtraTrees,neg_log_loss,[-0.21931092 -0.29000882 -0.30696806 -0.20260904 -0.32876337],-0.26953204283741444,individuals per game
ExtraTrees,precision,[0.94736842 0.95652174 1.         0.91666667 0.94117647],0.9523466594875936,individuals per game
ExtraTrees,recall,[0.72 0.88 0.64 0.88 0.64],0.752,individuals per game
ExtraTrees,jaccard,[0.69230769 0.84615385 0.64       0.81481481 0.61538462],0.7217321937321938,individuals per game
ExtraTrees,roc_auc,[0.99185185 0.92296296 0.93924528 0.99018868 0.92377358],0.9536044723969253,individuals per game
ExtraTrees,roc_auc_ovr,[0.99185185 0.92296296 0.93924528 0.99018868 0.92377358],0.9536044723969253,individuals per game
ExtraTrees,roc_auc_ovo,[0.99185185 0.92296296 0.93924528 0.99018868 0.92377358],0.9536044723969253,individuals per game
ExtraTrees,roc_auc_ovr_weighted,[0.99185185 0.92296296 0.93924528 0.99018868 0.92377358],0.9536044723969253,individuals per game
ExtraTrees,roc_auc_ovo_weighted,[0.99185185 0.92296296 0.93924528 0.99018868 0.92377358],0.9536044723969253,individuals per game
GradientBoosting,accuracy,[0.92405063 0.92405063 0.85897436 0.8974359  0.87179487],0.8952612788055827,individuals per game
GradientBoosting,balanced_accuracy,[0.90148148 0.92296296 0.79056604 0.91396226 0.8       ],0.8657945492662474,individuals per game
GradientBoosting,average_precision,[0.95003896 0.9409102  0.87340694 0.95998242 0.88117969],0.9211036418376086,individuals per game
GradientBoosting,neg_brier_score,[-0.06210105 -0.06152503 -0.11301379 -0.06829066 -0.10652212],-0.08229053118441884,individuals per game
GradientBoosting,f1,[0.875      0.88461538 0.73170732 0.85714286 0.75      ],0.8196931117662825,individuals per game
GradientBoosting,f1_micro,[0.92405063 0.92405063 0.85897436 0.8974359  0.87179487],0.8952612788055827,individuals per game
GradientBoosting,f1_macro,[0.91022727 0.91400581 0.81802757 0.88857143 0.83189655],0.8725457260236285,individuals per game
GradientBoosting,f1_weighted,[0.9231588  0.92479469 0.84901433 0.89985348 0.86129531],0.891623324153054,individuals per game
GradientBoosting,neg_log_loss,[-0.20349422 -0.29003521 -0.43514973 -0.22342658 -0.44069566],-0.318560279316615,individuals per game
GradientBoosting,precision,[0.91304348 0.85185185 0.9375     0.77419355 1.        ],0.8953177756999636,individuals per game
GradientBoosting,recall,[0.84 0.92 0.6  0.96 0.6 ],0.784,individuals per game
GradientBoosting,jaccard,[0.77777778 0.79310345 0.57692308 0.75       0.6       ],0.6995608605953433,individuals per game
GradientBoosting,roc_auc,[0.96888889 0.94148148 0.90415094 0.98113208 0.90490566],0.9401118099231306,individuals per game
GradientBoosting,roc_auc_ovr,[0.96888889 0.94148148 0.90415094 0.98113208 0.90490566],0.9401118099231306,individuals per game
GradientBoosting,roc_auc_ovo,[0.96888889 0.94148148 0.90415094 0.98113208 0.90490566],0.9401118099231306,individuals per game
GradientBoosting,roc_auc_ovr_weighted,[0.96888889 0.94148148 0.90415094 0.98113208 0.90490566],0.9401118099231306,individuals per game
GradientBoosting,roc_auc_ovo_weighted,[0.96888889 0.94148148 0.90415094 0.98113208 0.90490566],0.9401118099231306,individuals per game
Nearest Neighbors,accuracy,[0.7721519  0.7721519  0.78205128 0.79487179 0.78205128],0.7806556312885427,aggregate
Nearest Neighbors,balanced_accuracy,[0.57864583 0.53075397 0.56031746 0.51746032 0.58571429],0.5545783730158731,aggregate
Nearest Neighbors,average_precision,[0.87126248 0.80231806 0.83859292 0.83665639 0.86581934],0.842929838336684,aggregate
Nearest Neighbors,neg_brier_score,[-0.17580872 -0.20112518 -0.19230769 -0.17521368 -0.16381766],-0.1816545854520538,aggregate
Nearest Neighbors,f1,[0.86363636 0.86764706 0.87218045 0.88405797 0.87022901],0.8715501704471587,aggregate
Nearest Neighbors,f1_micro,[0.7721519  0.7721519  0.78205128 0.79487179 0.78205128],0.7806556312885427,aggregate
Nearest Neighbors,f1_macro,[0.58566434 0.52473262 0.56652501 0.49758454 0.5951145 ],0.5539242018074785,aggregate
Nearest Neighbors,f1_weighted,[0.75807737 0.72874501 0.75462067 0.73541434 0.76441574],0.748254623975481,aggregate
Nearest Neighbors,neg_log_loss,[-3.70344529 -4.59113197 -4.21235533 -4.55944384 -2.09471566],-3.8322184178776526,aggregate
Nearest Neighbors,precision,[0.83823529 0.80821918 0.82857143 0.81333333 0.83823529],0.8253189056444497,aggregate
Nearest Neighbors,recall,[0.890625   0.93650794 0.92063492 0.96825397 0.9047619 ],0.924156746031746,aggregate
Nearest Neighbors,jaccard,[0.76       0.76623377 0.77333333 0.79220779 0.77027027],0.7724090324090324,aggregate
Nearest Neighbors,roc_auc,[0.66927083 0.51587302 0.58994709 0.58730159 0.66296296],0.6050710978835979,aggregate
Nearest Neighbors,roc_auc_ovr,[0.66927083 0.51587302 0.58994709 0.58730159 0.66296296],0.6050710978835979,aggregate
Nearest Neighbors,roc_auc_ovo,[0.66927083 0.51587302 0.58994709 0.58730159 0.66296296],0.6050710978835979,aggregate
Nearest Neighbors,roc_auc_ovr_weighted,[0.66927083 0.51587302 0.58994709 0.58730159 0.66296296],0.6050710978835979,aggregate
Nearest Neighbors,roc_auc_ovo_weighted,[0.66927083 0.51587302 0.58994709 0.58730159 0.66296296],0.6050710978835979,aggregate
Gaussian Process,accuracy,[0.81012658 0.79746835 0.80769231 0.80769231 0.80769231],0.8061343719571568,aggregate
Gaussian Process,balanced_accuracy,[0.5 0.5 0.5 0.5 0.5],0.5,aggregate
Gaussian Process,average_precision,[0.78920688 0.873883   0.74969614 0.73460739 0.81283687],0.792046055314531,aggregate
Gaussian Process,neg_brier_score,[-0.15388567 -0.16157449 -0.15534982 -0.15534986 -0.1553498 ],-0.156301929660037,aggregate
Gaussian Process,f1,[0.8951049  0.88732394 0.89361702 0.89361702 0.89361702],0.8926559805193307,aggregate
Gaussian Process,f1_micro,[0.81012658 0.79746835 0.80769231 0.80769231 0.80769231],0.8061343719571568,aggregate
Gaussian Process,f1_macro,[0.44755245 0.44366197 0.44680851 0.44680851 0.44680851],0.44632799025966535,aggregate
Gaussian Process,f1_weighted,[0.72514827 0.70761277 0.72176759 0.72176759 0.72176759],0.7196127633949827,aggregate
Gaussian Process,neg_log_loss,[-0.48624359 -0.50408756 -0.48962937 -0.4896295  -0.48962931],-0.4918438634745549,aggregate
Gaussian Process,precision,[0.81012658 0.79746835 0.80769231 0.80769231 0.80769231],0.8061343719571568,aggregate
Gaussian Process,recall,[1. 1. 1. 1. 1.],1.0,aggregate
Gaussian Process,jaccard,[0.81012658 0.79746835 0.80769231 0.80769231 0.80769231],0.8061343719571568,aggregate
Gaussian Process,roc_auc,[0.42916667 0.59325397 0.40634921 0.37460317 0.47301587],0.4552777777777778,aggregate
Gaussian Process,roc_auc_ovr,[0.42916667 0.59325397 0.40634921 0.37460317 0.47301587],0.4552777777777778,aggregate
Gaussian Process,roc_auc_ovo,[0.42916667 0.59325397 0.40634921 0.37460317 0.47301587],0.4552777777777778,aggregate
Gaussian Process,roc_auc_ovr_weighted,[0.42916667 0.59325397 0.40634921 0.37460317 0.47301587],0.4552777777777778,aggregate
Gaussian Process,roc_auc_ovo_weighted,[0.42916667 0.59325397 0.40634921 0.37460317 0.47301587],0.4552777777777778,aggregate
Decision Tree,accuracy,[0.75949367 0.82278481 0.73076923 0.82051282 0.82051282],0.790814670561506,aggregate
Decision Tree,balanced_accuracy,[0.59635417 0.58581349 0.57936508 0.58412698 0.60952381],0.5910367063492064,aggregate
Decision Tree,average_precision,[0.82725122 0.82637821 0.82883013 0.83323034 0.8526575 ],0.8336694808349752,aggregate
Decision Tree,neg_brier_score,[-0.19354323 -0.15290289 -0.22299988 -0.14443113 -0.15544507],-0.173864438651186,aggregate
Decision Tree,f1,[0.85271318 0.89855072 0.832      0.89705882 0.89552239],0.8751690229042735,aggregate
Decision Tree,f1_micro,[0.75949367 0.82278481 0.73076923 0.82051282 0.82051282],0.7908146705615058,aggregate
Decision Tree,f1_macro,[0.59877038 0.59927536 0.57729032 0.59852941 0.62957938],0.6006889709525918,aggregate
Decision Tree,f1_weighted,[0.75627921 0.77732526 0.73403474 0.78223982 0.79323661],0.7686231278248095,aggregate
Decision Tree,neg_log_loss,[-2.99573301 -0.88937463 -3.11282355 -0.46508693 -1.71607468],-1.8358185610833515,aggregate
Decision Tree,precision,[0.84615385 0.82666667 0.83870968 0.83561644 0.84507042],0.8384434102262487,aggregate
Decision Tree,recall,[0.859375   0.98412698 0.82539683 0.96825397 0.95238095],0.917906746031746,aggregate
Decision Tree,jaccard,[0.74324324 0.81578947 0.71232877 0.81333333 0.81081081],0.7791011256389772,aggregate
Decision Tree,roc_auc,[0.53229167 0.58630952 0.55132275 0.57989418 0.63544974],0.5770535714285714,aggregate
Decision Tree,roc_auc_ovr,[0.53229167 0.58630952 0.55132275 0.57989418 0.63544974],0.5770535714285714,aggregate
Decision Tree,roc_auc_ovo,[0.53229167 0.58630952 0.55132275 0.57989418 0.63544974],0.5770535714285714,aggregate
Decision Tree,roc_auc_ovr_weighted,[0.53229167 0.58630952 0.55132275 0.57989418 0.63544974],0.5770535714285714,aggregate
Decision Tree,roc_auc_ovo_weighted,[0.53229167 0.58630952 0.55132275 0.57989418 0.63544974],0.5770535714285714,aggregate
Random Forest,accuracy,[0.79746835 0.79746835 0.79487179 0.80769231 0.80769231],0.8010386238234339,aggregate
Random Forest,balanced_accuracy,[0.4921875  0.5        0.49206349 0.5        0.5       ],0.4968501984126984,aggregate
Random Forest,average_precision,[0.88587457 0.92427992 0.84844982 0.85924416 0.87538413],0.8786465201631734,aggregate
Random Forest,neg_brier_score,[-0.15125144 -0.14712733 -0.16056173 -0.15326483 -0.14658697],-0.15175845963532258,aggregate
Random Forest,f1,[0.88732394 0.88732394 0.88571429 0.89361702 0.89361702],0.889519243118284,aggregate
Random Forest,f1_micro,[0.79746835 0.79746835 0.79487179 0.80769231 0.80769231],0.8010386238234339,aggregate
Random Forest,f1_macro,[0.44366197 0.44366197 0.44285714 0.44680851 0.44680851],0.444759621559142,aggregate
Random Forest,f1_weighted,[0.71884471 0.70761277 0.71538462 0.72176759 0.72176759],0.7170754565304358,aggregate
Random Forest,neg_log_loss,[-0.47288308 -0.45723721 -0.50050689 -0.48564312 -0.46455669],-0.4761653995052176,aggregate
Random Forest,precision,[0.80769231 0.79746835 0.80519481 0.80769231 0.80769231],0.8051480165404217,aggregate
Random Forest,recall,[0.984375   1.         0.98412698 1.         1.        ],0.9937003968253968,aggregate
Random Forest,jaccard,[0.79746835 0.79746835 0.79487179 0.80769231 0.80769231],0.8010386238234339,aggregate
Random Forest,roc_auc,[0.63125    0.75049603 0.56137566 0.58095238 0.64867725],0.6345502645502645,aggregate
Random Forest,roc_auc_ovr,[0.63125    0.75049603 0.56137566 0.58095238 0.64867725],0.6345502645502645,aggregate
Random Forest,roc_auc_ovo,[0.63125    0.75049603 0.56137566 0.58095238 0.64867725],0.6345502645502645,aggregate
Random Forest,roc_auc_ovr_weighted,[0.63125    0.75049603 0.56137566 0.58095238 0.64867725],0.6345502645502645,aggregate
Random Forest,roc_auc_ovo_weighted,[0.63125    0.75049603 0.56137566 0.58095238 0.64867725],0.6345502645502645,aggregate
Neural Net,accuracy,[0.72151899 0.67088608 0.76923077 0.83333333 0.69230769],0.7374553716325869,aggregate
Neural Net,balanced_accuracy,[0.49635417 0.4672619  0.55238095 0.56666667 0.55555556],0.5276438492063491,aggregate
Neural Net,average_precision,[0.80340379 0.77911498 0.8323091  0.8268004  0.81389571],0.8111047954109074,aggregate
Neural Net,neg_brier_score,[-0.20913367 -0.27430637 -0.21239321 -0.16924257 -0.24421686],-0.22185853772980332,aggregate
Neural Net,f1,[0.83333333 0.796875   0.86363636 0.90647482 0.80327869],0.8407196411276343,aggregate
Neural Net,f1_micro,[0.72151899 0.67088608 0.76923077 0.83333333 0.69230769],0.7374553716325869,aggregate
Neural Net,f1_macro,[0.49358974 0.46510417 0.55681818 0.57088447 0.54869817],0.5270189457523541,aggregate
Neural Net,f1_weighted,[0.70431678 0.66248681 0.74562937 0.77740161 0.7053631 ],0.7190395353988202,aggregate
Neural Net,neg_log_loss,[-1.16640107 -1.28840327 -1.30308782 -1.195777   -1.13373056],-1.2174799419497764,aggregate
Neural Net,precision,[0.80882353 0.78461538 0.82608696 0.82894737 0.83050847],0.8157963427092426,aggregate
Neural Net,recall,[0.859375   0.80952381 0.9047619  1.         0.77777778],0.8702876984126984,aggregate
Neural Net,jaccard,[0.71428571 0.66233766 0.76       0.82894737 0.67123288],0.7273607243513516,aggregate
Neural Net,roc_auc,[0.459375   0.45039683 0.50582011 0.55873016 0.51851852],0.49856812169312165,aggregate
Neural Net,roc_auc_ovr,[0.459375   0.45039683 0.50582011 0.55873016 0.51851852],0.49856812169312165,aggregate
Neural Net,roc_auc_ovo,[0.459375   0.45039683 0.50582011 0.55873016 0.51851852],0.49856812169312165,aggregate
Neural Net,roc_auc_ovr_weighted,[0.459375   0.45039683 0.50582011 0.55873016 0.51851852],0.49856812169312165,aggregate
Neural Net,roc_auc_ovo_weighted,[0.459375   0.45039683 0.50582011 0.55873016 0.51851852],0.49856812169312165,aggregate
AdaBoost,accuracy,[0.75949367 0.78481013 0.80769231 0.82051282 0.78205128],0.7909120415449529,aggregate
AdaBoost,balanced_accuracy,[0.57083333 0.58531746 0.67777778 0.55873016 0.61111111],0.6007539682539682,aggregate
AdaBoost,average_precision,[0.88071549 0.90199731 0.93562311 0.90737114 0.88618284],0.902377979322304,aggregate
AdaBoost,neg_brier_score,[-0.22172706 -0.22342553 -0.21869491 -0.22136213 -0.21054617],-0.21915115928090007,aggregate
AdaBoost,f1,[0.85496183 0.87218045 0.88188976 0.89855072 0.86821705],0.8751599651739326,aggregate
AdaBoost,f1_micro,[0.75949367 0.78481013 0.80769231 0.82051282 0.78205128],0.7909120415449529,aggregate
AdaBoost,f1_macro,[0.57562906 0.59609023 0.68232419 0.56038647 0.61929371],0.6067447335448207,aggregate
AdaBoost,f1_weighted,[0.7488861  0.76034644 0.80513377 0.76848755 0.77247731],0.7710662332625544,aggregate
AdaBoost,neg_log_loss,[-0.63524811 -0.63877345 -0.62871148 -0.63481273 -0.61025311],-0.6295597766718306,aggregate
AdaBoost,precision,[0.8358209  0.82857143 0.875      0.82666667 0.84848485],0.8429087678490663,aggregate
AdaBoost,recall,[0.875      0.92063492 0.88888889 0.98412698 0.88888889],0.9115079365079364,aggregate
AdaBoost,jaccard,[0.74666667 0.77333333 0.78873239 0.81578947 0.76712329],0.778329031144328,aggregate
AdaBoost,roc_auc,[0.65       0.68650794 0.77037037 0.72010582 0.66984127],0.6993650793650793,aggregate
AdaBoost,roc_auc_ovr,[0.65       0.68650794 0.77037037 0.72010582 0.66984127],0.6993650793650793,aggregate
AdaBoost,roc_auc_ovo,[0.65       0.68650794 0.77037037 0.72010582 0.66984127],0.6993650793650793,aggregate
AdaBoost,roc_auc_ovr_weighted,[0.65       0.68650794 0.77037037 0.72010582 0.66984127],0.6993650793650793,aggregate
AdaBoost,roc_auc_ovo_weighted,[0.65       0.68650794 0.77037037 0.72010582 0.66984127],0.6993650793650793,aggregate
Naive Bayes,accuracy,[0.6835443  0.69620253 0.65384615 0.79487179 0.57692308],0.6810775722168128,aggregate
Naive Bayes,balanced_accuracy,[0.6515625  0.66964286 0.65873016 0.56825397 0.58571429],0.626780753968254,aggregate
Naive Bayes,average_precision,[0.88872869 0.9104669  0.90628675 0.88969714 0.88375964],0.8957878220311997,aggregate
Naive Bayes,neg_brier_score,[-0.26797937 -0.26413943 -0.31210103 -0.18218095 -0.35067626],-0.2754154082896065,aggregate
Naive Bayes,f1,[0.7826087  0.78947368 0.75229358 0.88059701 0.68571429],0.778137451696802,aggregate
Naive Bayes,f1_micro,[0.6835443  0.69620253 0.65384615 0.79487179 0.57692308],0.6810775722168128,aggregate
Naive Bayes,f1_macro,[0.60060667 0.62200957 0.58891275 0.57666214 0.51932773],0.5815037728283733,aggregate
Naive Bayes,f1_weighted,[0.713494   0.72164012 0.6894548  0.76369899 0.62171946],0.7020014727161972,aggregate
Naive Bayes,neg_log_loss,[-2.1374983  -1.34436267 -2.58867965 -1.01669193 -1.86616807],-1.79068012414861,aggregate
Naive Bayes,precision,[0.88235294 0.88235294 0.89130435 0.83098592 0.85714286],0.8688278005629686,aggregate
Naive Bayes,recall,[0.703125   0.71428571 0.65079365 0.93650794 0.57142857],0.7152281746031746,aggregate
Naive Bayes,jaccard,[0.64285714 0.65217391 0.60294118 0.78666667 0.52173913],0.6412756058945318,aggregate
Naive Bayes,roc_auc,[0.70208333 0.71626984 0.68888889 0.69312169 0.64550265],0.6891732804232804,aggregate
Naive Bayes,roc_auc_ovr,[0.70208333 0.71626984 0.68888889 0.69312169 0.64550265],0.6891732804232804,aggregate
Naive Bayes,roc_auc_ovo,[0.70208333 0.71626984 0.68888889 0.69312169 0.64550265],0.6891732804232804,aggregate
Naive Bayes,roc_auc_ovr_weighted,[0.70208333 0.71626984 0.68888889 0.69312169 0.64550265],0.6891732804232804,aggregate
Naive Bayes,roc_auc_ovo_weighted,[0.70208333 0.71626984 0.68888889 0.69312169 0.64550265],0.6891732804232804,aggregate
QDA,accuracy,[0.56962025 0.74683544 0.70512821 0.71794872 0.69230769],0.6863680623174295,aggregate
QDA,balanced_accuracy,[0.53020833 0.70138889 0.66507937 0.57142857 0.58095238],0.6098115079365078,aggregate
QDA,average_precision,[0.8204233  0.94594607 0.91424933 0.8170599  0.8810365 ],0.8757430198642225,aggregate
QDA,neg_brier_score,[-0.4207619  -0.23514439 -0.27551514 -0.25990866 -0.28478975],-0.29522396581219745,aggregate
QDA,f1,[0.69090909 0.83050847 0.8        0.82258065 0.8       ],0.7887996421293305,aggregate
QDA,f1_micro,[0.56962025 0.74683544 0.70512821 0.71794872 0.69230769],0.6863680623174295,aggregate
QDA,f1_macro,[0.49128788 0.66525424 0.6195122  0.56754032 0.56666667],0.5820522600890554,aggregate
QDA,f1_weighted,[0.61510357 0.76357005 0.73058161 0.72448821 0.71025641],0.7087999707657496,aggregate
QDA,neg_log_loss,[-10.64668785  -3.47222547  -4.45778481  -5.32667608  -3.22865638],-5.426406118137424,aggregate
QDA,precision,[0.82608696 0.89090909 0.88461538 0.83606557 0.84210526],0.8559564537949201,aggregate
QDA,recall,[0.59375    0.77777778 0.73015873 0.80952381 0.76190476],0.7346230158730158,aggregate
QDA,jaccard,[0.52777778 0.71014493 0.66666667 0.69863014 0.66666667],0.6539772351267288,aggregate
QDA,roc_auc,[0.546875   0.82043651 0.73333333 0.51216931 0.62116402],0.646795634920635,aggregate
QDA,roc_auc_ovr,[0.54270833 0.82043651 0.72804233 0.50846561 0.61957672],0.6438458994708995,aggregate
QDA,roc_auc_ovo,[0.54270833 0.82043651 0.72804233 0.50846561 0.61957672],0.6438458994708995,aggregate
QDA,roc_auc_ovr_weighted,[0.54270833 0.82043651 0.72804233 0.50846561 0.61957672],0.6438458994708995,aggregate
QDA,roc_auc_ovo_weighted,[0.54270833 0.82043651 0.72804233 0.50846561 0.61957672],0.6438458994708995,aggregate
Bagging,accuracy,[0.81012658 0.79746835 0.79487179 0.80769231 0.80769231],0.8035702693930542,aggregate
Bagging,balanced_accuracy,[0.5        0.5        0.51746032 0.5        0.5       ],0.5034920634920634,aggregate
Bagging,average_precision,[0.85619362 0.85945675 0.83677704 0.90352288 0.92012329],0.875214717419224,aggregate
Bagging,neg_brier_score,[-0.19       -0.18924051 -0.19192308 -0.18820513 -0.18141026],-0.1881557935735151,aggregate
Bagging,f1,[0.8951049  0.88732394 0.88405797 0.89361702 0.89361702],0.8907441704669102,aggregate
Bagging,f1_micro,[0.81012658 0.79746835 0.79487179 0.80769231 0.80769231],0.8035702693930542,aggregate
Bagging,f1_macro,[0.44755245 0.44366197 0.49758454 0.44680851 0.44680851],0.4564831963445662,aggregate
Bagging,f1_weighted,[0.72514827 0.70761277 0.73541434 0.72176759 0.72176759],0.722342113395378,aggregate
Bagging,neg_log_loss,[-6.55948102 -5.74982081 -6.2360038  -6.22290571 -5.79776148],-6.113194564902875,aggregate
Bagging,precision,[0.81012658 0.79746835 0.81333333 0.80769231 0.80769231],0.807262577085362,aggregate
Bagging,recall,[1.         1.         0.96825397 1.         1.        ],0.9936507936507937,aggregate
Bagging,jaccard,[0.81012658 0.79746835 0.79220779 0.80769231 0.80769231],0.8030374688602537,aggregate
Bagging,roc_auc,[0.58229167 0.61507937 0.56190476 0.67407407 0.71746032],0.6301620370370371,aggregate
Bagging,roc_auc_ovr,[0.4921875  0.58680556 0.4962963  0.52539683 0.54497354],0.5291319444444443,aggregate
Bagging,roc_auc_ovo,[0.4921875  0.58680556 0.4962963  0.52539683 0.54497354],0.5291319444444443,aggregate
Bagging,roc_auc_ovr_weighted,[0.4921875  0.58680556 0.4962963  0.52539683 0.54497354],0.5291319444444443,aggregate
Bagging,roc_auc_ovo_weighted,[0.4921875  0.58680556 0.4962963  0.52539683 0.54497354],0.5291319444444443,aggregate
ExtraTrees,accuracy,[0.78481013 0.79746835 0.84615385 0.80769231 0.80769231],0.8087633885102239,aggregate
ExtraTrees,balanced_accuracy,[0.53541667 0.54662698 0.62539683 0.52539683 0.57619048],0.5618055555555556,aggregate
ExtraTrees,average_precision,[0.89924008 0.94310671 0.90611249 0.9168085  0.89026139],0.9111058349843166,aggregate
ExtraTrees,neg_brier_score,[-0.15087468 -0.13145316 -0.14291282 -0.13641154 -0.14498846],-0.1413281337228173,aggregate
ExtraTrees,f1,[0.87591241 0.88405797 0.91176471 0.89208633 0.88888889],0.8905420610960221,aggregate
ExtraTrees,f1_micro,[0.78481013 0.79746835 0.84615385 0.80769231 0.80769231],0.8087633885102239,aggregate
ExtraTrees,f1_macro,[0.5331943  0.54202899 0.65588235 0.50486669 0.58730159],0.5646547840494116,aggregate
ExtraTrees,f1_weighted,[0.74576629 0.74551458 0.81334842 0.7431557  0.77289377],0.764135753341981,aggregate
ExtraTrees,neg_log_loss,[-0.46761556 -0.40620658 -0.44487121 -0.43430528 -0.4706549 ],-0.4447307074516371,aggregate
ExtraTrees,precision,[0.82191781 0.81333333 0.84931507 0.81578947 0.83333333],0.8267378034126411,aggregate
ExtraTrees,recall,[0.9375     0.96825397 0.98412698 0.98412698 0.95238095],0.9652777777777779,aggregate
ExtraTrees,jaccard,[0.77922078 0.79220779 0.83783784 0.80519481 0.8       ],0.8028922428922429,aggregate
ExtraTrees,roc_auc,[0.678125   0.80654762 0.68783069 0.73280423 0.69312169],0.7196858465608464,aggregate
ExtraTrees,roc_auc_ovr,[0.678125   0.80654762 0.68783069 0.73280423 0.69312169],0.7196858465608464,aggregate
ExtraTrees,roc_auc_ovo,[0.678125   0.80654762 0.68783069 0.73280423 0.69312169],0.7196858465608464,aggregate
ExtraTrees,roc_auc_ovr_weighted,[0.678125   0.80654762 0.68783069 0.73280423 0.69312169],0.7196858465608464,aggregate
ExtraTrees,roc_auc_ovo_weighted,[0.678125   0.80654762 0.68783069 0.73280423 0.69312169],0.7196858465608464,aggregate
GradientBoosting,accuracy,[0.78481013 0.75949367 0.75641026 0.83333333 0.82051282],0.7909120415449531,aggregate
GradientBoosting,balanced_accuracy,[0.6375     0.56944444 0.67142857 0.59206349 0.63492063],0.6210714285714285,aggregate
GradientBoosting,average_precision,[0.91358829 0.91276527 0.92251544 0.92096315 0.86441158],0.9068487451283532,aggregate
GradientBoosting,neg_brier_score,[-0.1750049  -0.16428494 -0.17822056 -0.13964999 -0.16087064],-0.16360620868140688,aggregate
GradientBoosting,f1,[0.86821705 0.85496183 0.84297521 0.90510949 0.89393939],0.8730405951853386,aggregate
GradientBoosting,f1_micro,[0.78481013 0.75949367 0.75641026 0.83333333 0.82051282],0.7909120415449531,aggregate
GradientBoosting,f1_macro,[0.64100508 0.57562906 0.65005903 0.61044948 0.65530303],0.6264891373165,aggregate
GradientBoosting,f1_weighted,[0.78193403 0.74181438 0.76877668 0.79177872 0.80215618],0.7772919958592533,aggregate
GradientBoosting,neg_log_loss,[-0.65061436 -0.56486369 -0.72751077 -0.56372179 -0.97981105],-0.6973043298569799,aggregate
GradientBoosting,precision,[0.86153846 0.82352941 0.87931034 0.83783784 0.85507246],0.8514577039473414,aggregate
GradientBoosting,recall,[0.875      0.88888889 0.80952381 0.98412698 0.93650794],0.898809523809524,aggregate
GradientBoosting,jaccard,[0.76712329 0.74666667 0.72857143 0.82666667 0.80821918],0.7754494455316373,aggregate
GradientBoosting,roc_auc,[0.71979167 0.7281746  0.73968254 0.80634921 0.66031746],0.7308630952380952,aggregate
GradientBoosting,roc_auc_ovr,[0.71979167 0.7281746  0.73968254 0.80634921 0.66084656],0.7309689153439154,aggregate
GradientBoosting,roc_auc_ovo,[0.71979167 0.7281746  0.73968254 0.80634921 0.66084656],0.7309689153439154,aggregate
GradientBoosting,roc_auc_ovr_weighted,[0.71979167 0.7281746  0.73968254 0.80634921 0.66084656],0.7309689153439154,aggregate
GradientBoosting,roc_auc_ovo_weighted,[0.71979167 0.7281746  0.73968254 0.80634921 0.66084656],0.7309689153439154,aggregate
