GameID,Ha,pHa,La,lot_shape__A,lot_shape_symm_A,lot_shape_L_A,lot_shape_R_A,LotNumA,Hb,pHb,Lb,lot_shape__B,lot_shape_symm_B,lot_shape_L_B,lot_shape_R_B,LotNumB,Amb,Corr,diffEV,diffSDs,diffMins,diffMaxs,diffUV,RatioMin,SignMax,pBbet_Unbiased1,pBbet_UnbiasedFB,pBbet_Uniform,pBbet_Sign1,pBbet_SignFB,Dom,diffBEV0,diffBEVfb,diffSignEV,BEASTpred,block,Feedback,B_rate
211,96.0,0.2,3.0,0.0,1.0,0.0,0.0,5.0,59.0,0.5,-19.0,1.0,0.0,0.0,0.0,1.0,0.0,0.0,-1.6000000000000083,1.7973119250772385,-22.0,-39.0,-60.5,0.0,1.0,-0.3956,-0.1852000000000001,-1.0,-0.4984,-0.485,0.0,-1.6000000000000083,-1.6000000000000083,-117.00000000000004,0.19799999999999351,1,0,0.431666667
211,96.0,0.2,3.0,0.0,1.0,0.0,0.0,5.0,59.0,0.5,-19.0,1.0,0.0,0.0,0.0,1.0,0.0,0.0,-1.6000000000000083,1.7973119250772385,-22.0,-39.0,-60.5,0.0,1.0,-0.3956,-0.1852000000000001,-1.0,-0.4984,-0.485,0.0,-1.6000000000000083,-1.6000000000000083,-117.00000000000004,0.3075499999999902,2,1,0.435
211,96.0,0.2,3.0,0.0,1.0,0.0,0.0,5.0,59.0,0.5,-19.0,1.0,0.0,0.0,0.0,1.0,0.0,0.0,-1.6000000000000083,1.7973119250772385,-22.0,-39.0,-60.5,0.0,1.0,-0.3956,-0.1852000000000001,-1.0,-0.4984,-0.485,0.0,-1.6000000000000083,-1.6000000000000083,-117.00000000000004,0.3639499999999846,3,1,0.40333333299999996
211,96.0,0.2,3.0,0.0,1.0,0.0,0.0,5.0,59.0,0.5,-19.0,1.0,0.0,0.0,0.0,1.0,0.0,0.0,-1.6000000000000083,1.7973119250772385,-22.0,-39.0,-60.5,0.0,1.0,-0.3956,-0.1852000000000001,-1.0,-0.4984,-0.485,0.0,-1.6000000000000083,-1.6000000000000083,-117.00000000000004,0.3748999999999837,4,1,0.358333333
211,96.0,0.2,3.0,0.0,1.0,0.0,0.0,5.0,59.0,0.5,-19.0,1.0,0.0,0.0,0.0,1.0,0.0,0.0,-1.6000000000000083,1.7973119250772385,-22.0,-39.0,-60.5,0.0,1.0,-0.3956,-0.1852000000000001,-1.0,-0.4984,-0.485,0.0,-1.6000000000000083,-1.6000000000000083,-117.00000000000004,0.3780499999999831,5,1,0.328333333
212,-9.0,1.0,-9.0,1.0,0.0,0.0,0.0,1.0,-6.0,0.99,-36.0,0.0,1.0,0.0,0.0,9.0,0.0,0.0,2.6999999999999966,3.3000000000000016,-27.0,7.0,0.0,0.25,-1.0,0.9422,0.9439,0.5070000000000001,0.0,0.0,0.0,2.6999999999999966,2.6999999999999966,-1.4210854715202004e-14,0.8379999999999377,1,0,0.75
212,-9.0,1.0,-9.0,1.0,0.0,0.0,0.0,1.0,-6.0,0.99,-36.0,0.0,1.0,0.0,0.0,9.0,0.0,0.0,2.6999999999999966,3.3000000000000016,-27.0,7.0,0.0,0.25,-1.0,0.9422,0.9439,0.5070000000000001,0.0,0.0,0.0,2.6999999999999966,2.6999999999999966,-1.4210854715202004e-14,0.8566499999999352,2,1,0.8683333329999999
212,-9.0,1.0,-9.0,1.0,0.0,0.0,0.0,1.0,-6.0,0.99,-36.0,0.0,1.0,0.0,0.0,9.0,0.0,0.0,2.6999999999999966,3.3000000000000016,-27.0,7.0,0.0,0.25,-1.0,0.9422,0.9439,0.5070000000000001,0.0,0.0,0.0,2.6999999999999966,2.6999999999999966,-1.4210854715202004e-14,0.8712499999999336,3,1,0.928333333
212,-9.0,1.0,-9.0,1.0,0.0,0.0,0.0,1.0,-6.0,0.99,-36.0,0.0,1.0,0.0,0.0,9.0,0.0,0.0,2.6999999999999966,3.3000000000000016,-27.0,7.0,0.0,0.25,-1.0,0.9422,0.9439,0.5070000000000001,0.0,0.0,0.0,2.6999999999999966,2.6999999999999966,-1.4210854715202004e-14,0.8734499999999332,4,1,0.926666667
212,-9.0,1.0,-9.0,1.0,0.0,0.0,0.0,1.0,-6.0,0.99,-36.0,0.0,1.0,0.0,0.0,9.0,0.0,0.0,2.6999999999999966,3.3000000000000016,-27.0,7.0,0.0,0.25,-1.0,0.9422,0.9439,0.5070000000000001,0.0,0.0,0.0,2.6999999999999966,2.6999999999999966,-1.4210854715202004e-14,0.8745499999999331,5,1,0.948333333
213,1.0,1.0,1.0,1.0,0.0,0.0,0.0,1.0,27.0,0.05,1.0,1.0,0.0,0.0,0.0,1.0,1.0,0.0,1.2999999999999998,5.666568626602875,0.0,26.0,13.0,1.0,1.0,0.1689,0.0474,0.4998,0.0,0.0,1.0,4.333333333333333,2.8166666666666664,0.0,0.9999999999999176,1,0,0.93
213,1.0,1.0,1.0,1.0,0.0,0.0,0.0,1.0,27.0,0.05,1.0,1.0,0.0,0.0,0.0,1.0,1.0,0.0,1.2999999999999998,5.666568626602875,0.0,26.0,13.0,1.0,1.0,0.1689,0.0474,0.4998,0.0,0.0,1.0,4.333333333333333,2.8166666666666664,0.0,0.9999999999999176,2,1,0.948333333
213,1.0,1.0,1.0,1.0,0.0,0.0,0.0,1.0,27.0,0.05,1.0,1.0,0.0,0.0,0.0,1.0,1.0,0.0,1.2999999999999998,5.666568626602875,0.0,26.0,13.0,1.0,1.0,0.1689,0.0474,0.4998,0.0,0.0,1.0,4.333333333333333,2.8166666666666664,0.0,0.9999999999999176,3,1,0.953333333
213,1.0,1.0,1.0,1.0,0.0,0.0,0.0,1.0,27.0,0.05,1.0,1.0,0.0,0.0,0.0,1.0,1.0,0.0,1.2999999999999998,5.666568626602875,0.0,26.0,13.0,1.0,1.0,0.1689,0.0474,0.4998,0.0,0.0,1.0,4.333333333333333,2.8166666666666664,0.0,0.9999999999999176,4,1,0.95
213,1.0,1.0,1.0,1.0,0.0,0.0,0.0,1.0,27.0,0.05,1.0,1.0,0.0,0.0,0.0,1.0,1.0,0.0,1.2999999999999998,5.666568626602875,0.0,26.0,13.0,1.0,1.0,0.1689,0.0474,0.4998,0.0,0.0,1.0,4.333333333333333,2.8166666666666664,0.0,0.9999999999999176,5,1,0.971666667
214,3.0,1.0,3.0,1.0,0.0,0.0,0.0,1.0,74.0,0.2,-20.0,1.0,0.0,0.0,0.0,1.0,0.0,0.0,-4.199999999999998,37.6,-23.0,71.0,24.0,0.0,1.0,-0.5862,-0.6008,0.0,-0.8029,-0.7955,0.0,-4.199999999999998,-4.199999999999998,-150.4,0.25104999999999084,1,0,0.175
214,3.0,1.0,3.0,1.0,0.0,0.0,0.0,1.0,74.0,0.2,-20.0,1.0,0.0,0.0,0.0,1.0,0.0,0.0,-4.199999999999998,37.6,-23.0,71.0,24.0,0.0,1.0,-0.5862,-0.6008,0.0,-0.8029,-0.7955,0.0,-4.199999999999998,-4.199999999999998,-150.4,0.2640999999999938,2,1,0.145
214,3.0,1.0,3.0,1.0,0.0,0.0,0.0,1.0,74.0,0.2,-20.0,1.0,0.0,0.0,0.0,1.0,0.0,0.0,-4.199999999999998,37.6,-23.0,71.0,24.0,0.0,1.0,-0.5862,-0.6008,0.0,-0.8029,-0.7955,0.0,-4.199999999999998,-4.199999999999998,-150.4,0.28599999999999104,3,1,0.18333333300000001
214,3.0,1.0,3.0,1.0,0.0,0.0,0.0,1.0,74.0,0.2,-20.0,1.0,0.0,0.0,0.0,1.0,0.0,0.0,-4.199999999999998,37.6,-23.0,71.0,24.0,0.0,1.0,-0.5862,-0.6008,0.0,-0.8029,-0.7955,0.0,-4.199999999999998,-4.199999999999998,-150.4,0.29854999999998993,4,1,0.17
214,3.0,1.0,3.0,1.0,0.0,0.0,0.0,1.0,74.0,0.2,-20.0,1.0,0.0,0.0,0.0,1.0,0.0,0.0,-4.199999999999998,37.6,-23.0,71.0,24.0,0.0,1.0,-0.5862,-0.6008,0.0,-0.8029,-0.7955,0.0,-4.199999999999998,-4.199999999999998,-150.4,0.2910999999999901,5,1,0.161666667
215,32.0,0.5,14.0,1.0,0.0,0.0,0.0,1.0,17.0,0.99,16.0,0.0,1.0,0.0,0.0,5.0,0.0,0.0,-6.009999999999998,-8.000050001250061,1.0,-13.0,-6.0,0.9333333333333332,1.0,0.014000000000000012,0.008000000000000007,-0.0012000000000000346,0.0,0.0,0.0,-6.009999999999998,-6.009999999999998,3.552713678800501e-15,0.0440500000000006,1,0,0.131666667
215,32.0,0.5,14.0,1.0,0.0,0.0,0.0,1.0,17.0,0.99,16.0,0.0,1.0,0.0,0.0,5.0,0.0,0.0,-6.009999999999998,-8.000050001250061,1.0,-13.0,-6.0,0.9333333333333332,1.0,0.014000000000000012,0.008000000000000007,-0.0012000000000000346,0.0,0.0,0.0,-6.009999999999998,-6.009999999999998,3.552713678800501e-15,0.060600000000000875,2,1,0.09833333300000001
215,32.0,0.5,14.0,1.0,0.0,0.0,0.0,1.0,17.0,0.99,16.0,0.0,1.0,0.0,0.0,5.0,0.0,0.0,-6.009999999999998,-8.000050001250061,1.0,-13.0,-6.0,0.9333333333333332,1.0,0.014000000000000012,0.008000000000000007,-0.0012000000000000346,0.0,0.0,0.0,-6.009999999999998,-6.009999999999998,3.552713678800501e-15,0.0537500000000008,3,1,0.12166666699999999
215,32.0,0.5,14.0,1.0,0.0,0.0,0.0,1.0,17.0,0.99,16.0,0.0,1.0,0.0,0.0,5.0,0.0,0.0,-6.009999999999998,-8.000050001250061,1.0,-13.0,-6.0,0.9333333333333332,1.0,0.014000000000000012,0.008000000000000007,-0.0012000000000000346,0.0,0.0,0.0,-6.009999999999998,-6.009999999999998,3.552713678800501e-15,0.05455000000000086,4,1,0.096666667
215,32.0,0.5,14.0,1.0,0.0,0.0,0.0,1.0,17.0,0.99,16.0,0.0,1.0,0.0,0.0,5.0,0.0,0.0,-6.009999999999998,-8.000050001250061,1.0,-13.0,-6.0,0.9333333333333332,1.0,0.014000000000000012,0.008000000000000007,-0.0012000000000000346,0.0,0.0,0.0,-6.009999999999998,-6.009999999999998,3.552713678800501e-15,0.05635000000000087,5,1,0.10666666699999999
216,53.0,0.05,-12.0,0.0,0.0,0.0,1.0,7.0,-9.0,1.0,-9.0,1.0,0.0,0.0,0.0,1.0,0.0,0.0,-0.2500000000000018,-14.71691204023453,3.0,-182.0,-78.625,0.75,1.0,0.9024,0.8888,-0.7596,-0.0496,-0.051,0.0,-0.2500000000000018,-0.2500000000000018,-18.500000000000032,0.35719999999998514,1,0,0.41333333299999997
216,53.0,0.05,-12.0,0.0,0.0,0.0,1.0,7.0,-9.0,1.0,-9.0,1.0,0.0,0.0,0.0,1.0,0.0,0.0,-0.2500000000000018,-14.71691204023453,3.0,-182.0,-78.625,0.75,1.0,0.9024,0.8888,-0.7596,-0.0496,-0.051,0.0,-0.2500000000000018,-0.2500000000000018,-18.500000000000032,0.4651999999999757,2,1,0.456666667
216,53.0,0.05,-12.0,0.0,0.0,0.0,1.0,7.0,-9.0,1.0,-9.0,1.0,0.0,0.0,0.0,1.0,0.0,0.0,-0.2500000000000018,-14.71691204023453,3.0,-182.0,-78.625,0.75,1.0,0.9024,0.8888,-0.7596,-0.0496,-0.051,0.0,-0.2500000000000018,-0.2500000000000018,-18.500000000000032,0.5384499999999686,3,1,0.5166666670000001
216,53.0,0.05,-12.0,0.0,0.0,0.0,1.0,7.0,-9.0,1.0,-9.0,1.0,0.0,0.0,0.0,1.0,0.0,0.0,-0.2500000000000018,-14.71691204023453,3.0,-182.0,-78.625,0.75,1.0,0.9024,0.8888,-0.7596,-0.0496,-0.051,0.0,-0.2500000000000018,-0.2500000000000018,-18.500000000000032,0.5569499999999672,4,1,0.53
216,53.0,0.05,-12.0,0.0,0.0,0.0,1.0,7.0,-9.0,1.0,-9.0,1.0,0.0,0.0,0.0,1.0,0.0,0.0,-0.2500000000000018,-14.71691204023453,3.0,-182.0,-78.625,0.75,1.0,0.9024,0.8888,-0.7596,-0.0496,-0.051,0.0,-0.2500000000000018,-0.2500000000000018,-18.500000000000032,0.5731999999999661,5,1,0.551666667
217,-6.0,1.0,-6.0,0.0,1.0,0.0,0.0,9.0,93.0,0.2,-35.0,0.0,0.0,1.0,0.0,3.0,0.0,0.0,-3.399999999999997,49.79750384682927,-25.0,97.0,66.5,0.2857142857142857,1.0,-0.597,-0.5904,0.508,0.2021,0.2008,0.0,-3.399999999999997,-3.399999999999997,52.00000000000009,0.5272499999999701,1,0,0.40166666700000003
217,-6.0,1.0,-6.0,0.0,1.0,0.0,0.0,9.0,93.0,0.2,-35.0,0.0,0.0,1.0,0.0,3.0,0.0,0.0,-3.399999999999997,49.79750384682927,-25.0,97.0,66.5,0.2857142857142857,1.0,-0.597,-0.5904,0.508,0.2021,0.2008,0.0,-3.399999999999997,-3.399999999999997,52.00000000000009,0.4333999999999786,2,1,0.33666666700000003
217,-6.0,1.0,-6.0,0.0,1.0,0.0,0.0,9.0,93.0,0.2,-35.0,0.0,0.0,1.0,0.0,3.0,0.0,0.0,-3.399999999999997,49.79750384682927,-25.0,97.0,66.5,0.2857142857142857,1.0,-0.597,-0.5904,0.508,0.2021,0.2008,0.0,-3.399999999999997,-3.399999999999997,52.00000000000009,0.4239499999999796,3,1,0.33666666700000003
217,-6.0,1.0,-6.0,0.0,1.0,0.0,0.0,9.0,93.0,0.2,-35.0,0.0,0.0,1.0,0.0,3.0,0.0,0.0,-3.399999999999997,49.79750384682927,-25.0,97.0,66.5,0.2857142857142857,1.0,-0.597,-0.5904,0.508,0.2021,0.2008,0.0,-3.399999999999997,-3.399999999999997,52.00000000000009,0.4186499999999804,4,1,0.308333333
217,-6.0,1.0,-6.0,0.0,1.0,0.0,0.0,9.0,93.0,0.2,-35.0,0.0,0.0,1.0,0.0,3.0,0.0,0.0,-3.399999999999997,49.79750384682927,-25.0,97.0,66.5,0.2857142857142857,1.0,-0.597,-0.5904,0.508,0.2021,0.2008,0.0,-3.399999999999997,-3.399999999999997,52.00000000000009,0.41504999999998027,5,1,0.275
218,12.0,1.0,12.0,1.0,0.0,0.0,0.0,1.0,83.0,0.2,-13.0,1.0,0.0,0.0,0.0,1.0,0.0,0.0,-5.799999999999999,38.4,-25.0,71.0,23.0,0.0,1.0,-0.5926,-0.6013999999999999,-0.0036000000000000476,-0.7982,-0.7958,0.0,-5.799999999999999,-5.799999999999999,-153.60000000000005,0.240549999999992,1,0,0.19166666699999999
218,12.0,1.0,12.0,1.0,0.0,0.0,0.0,1.0,83.0,0.2,-13.0,1.0,0.0,0.0,0.0,1.0,0.0,0.0,-5.799999999999999,38.4,-25.0,71.0,23.0,0.0,1.0,-0.5926,-0.6013999999999999,-0.0036000000000000476,-0.7982,-0.7958,0.0,-5.799999999999999,-5.799999999999999,-153.60000000000005,0.2515999999999946,2,1,0.173333333
218,12.0,1.0,12.0,1.0,0.0,0.0,0.0,1.0,83.0,0.2,-13.0,1.0,0.0,0.0,0.0,1.0,0.0,0.0,-5.799999999999999,38.4,-25.0,71.0,23.0,0.0,1.0,-0.5926,-0.6013999999999999,-0.0036000000000000476,-0.7982,-0.7958,0.0,-5.799999999999999,-5.799999999999999,-153.60000000000005,0.27609999999999235,3,1,0.21666666699999998
218,12.0,1.0,12.0,1.0,0.0,0.0,0.0,1.0,83.0,0.2,-13.0,1.0,0.0,0.0,0.0,1.0,0.0,0.0,-5.799999999999999,38.4,-25.0,71.0,23.0,0.0,1.0,-0.5926,-0.6013999999999999,-0.0036000000000000476,-0.7982,-0.7958,0.0,-5.799999999999999,-5.799999999999999,-153.60000000000005,0.2808999999999913,4,1,0.208333333
218,12.0,1.0,12.0,1.0,0.0,0.0,0.0,1.0,83.0,0.2,-13.0,1.0,0.0,0.0,0.0,1.0,0.0,0.0,-5.799999999999999,38.4,-25.0,71.0,23.0,0.0,1.0,-0.5926,-0.6013999999999999,-0.0036000000000000476,-0.7982,-0.7958,0.0,-5.799999999999999,-5.799999999999999,-153.60000000000005,0.2836499999999911,5,1,0.171666667
219,14.0,0.8,13.0,1.0,0.0,0.0,0.0,1.0,32.0,0.05,12.0,0.0,1.0,0.0,0.0,7.0,0.0,-1.0,-0.8000000000000007,3.967493560384492,-1.0,21.0,16.0,0.9230769230769232,1.0,-0.8944000000000001,-0.8992,0.7624,0.0,0.0,0.0,-0.8000000000000007,-0.8000000000000007,-3.552713678800501e-15,0.5950999999999639,1,0,0.59
219,14.0,0.8,13.0,1.0,0.0,0.0,0.0,1.0,32.0,0.05,12.0,0.0,1.0,0.0,0.0,7.0,0.0,-1.0,-0.8000000000000007,3.967493560384492,-1.0,21.0,16.0,0.9230769230769232,1.0,-0.8944000000000001,-0.8992,0.7624,0.0,0.0,0.0,-0.8000000000000007,-0.8000000000000007,-3.552713678800501e-15,0.5039999999999728,2,1,0.5116666670000001
219,14.0,0.8,13.0,1.0,0.0,0.0,0.0,1.0,32.0,0.05,12.0,0.0,1.0,0.0,0.0,7.0,0.0,-1.0,-0.8000000000000007,3.967493560384492,-1.0,21.0,16.0,0.9230769230769232,1.0,-0.8944000000000001,-0.8992,0.7624,0.0,0.0,0.0,-0.8000000000000007,-0.8000000000000007,-3.552713678800501e-15,0.4355499999999786,3,1,0.46
219,14.0,0.8,13.0,1.0,0.0,0.0,0.0,1.0,32.0,0.05,12.0,0.0,1.0,0.0,0.0,7.0,0.0,-1.0,-0.8000000000000007,3.967493560384492,-1.0,21.0,16.0,0.9230769230769232,1.0,-0.8944000000000001,-0.8992,0.7624,0.0,0.0,0.0,-0.8000000000000007,-0.8000000000000007,-3.552713678800501e-15,0.4130999999999807,4,1,0.45333333299999995
219,14.0,0.8,13.0,1.0,0.0,0.0,0.0,1.0,32.0,0.05,12.0,0.0,1.0,0.0,0.0,7.0,0.0,-1.0,-0.8000000000000007,3.967493560384492,-1.0,21.0,16.0,0.9230769230769232,1.0,-0.8944000000000001,-0.8992,0.7624,0.0,0.0,0.0,-0.8000000000000007,-0.8000000000000007,-3.552713678800501e-15,0.4112499999999804,5,1,0.43
220,-8.0,1.0,-8.0,1.0,0.0,0.0,0.0,1.0,-8.0,1.0,-8.0,0.0,0.0,0.0,1.0,7.0,0.0,0.0,0.0,17.832554500127003,-6.0,120.0,28.285714285714285,0.5714285714285714,1.0,-0.6304000000000001,-0.6221,0.2826,0.1236,0.1231,0.0,0.0,0.0,23.625,0.5366499999999697,1,0,0.49
220,-8.0,1.0,-8.0,1.0,0.0,0.0,0.0,1.0,-8.0,1.0,-8.0,0.0,0.0,0.0,1.0,7.0,0.0,0.0,0.0,17.832554500127003,-6.0,120.0,28.285714285714285,0.5714285714285714,1.0,-0.6304000000000001,-0.6221,0.2826,0.1236,0.1231,0.0,0.0,0.0,23.625,0.4457499999999778,2,1,0.49
220,-8.0,1.0,-8.0,1.0,0.0,0.0,0.0,1.0,-8.0,1.0,-8.0,0.0,0.0,0.0,1.0,7.0,0.0,0.0,0.0,17.832554500127003,-6.0,120.0,28.285714285714285,0.5714285714285714,1.0,-0.6304000000000001,-0.6221,0.2826,0.1236,0.1231,0.0,0.0,0.0,23.625,0.4084999999999808,3,1,0.485
220,-8.0,1.0,-8.0,1.0,0.0,0.0,0.0,1.0,-8.0,1.0,-8.0,0.0,0.0,0.0,1.0,7.0,0.0,0.0,0.0,17.832554500127003,-6.0,120.0,28.285714285714285,0.5714285714285714,1.0,-0.6304000000000001,-0.6221,0.2826,0.1236,0.1231,0.0,0.0,0.0,23.625,0.3962999999999821,4,1,0.456666667
220,-8.0,1.0,-8.0,1.0,0.0,0.0,0.0,1.0,-8.0,1.0,-8.0,0.0,0.0,0.0,1.0,7.0,0.0,0.0,0.0,17.832554500127003,-6.0,120.0,28.285714285714285,0.5714285714285714,1.0,-0.6304000000000001,-0.6221,0.2826,0.1236,0.1231,0.0,0.0,0.0,23.625,0.3849999999999825,5,1,0.47
221,47.0,0.4,-11.0,1.0,0.0,0.0,0.0,1.0,21.0,0.4,1.0,0.0,0.0,0.0,1.0,7.0,0.0,1.0,-3.200000000000001,-13.474201498698385,12.0,94.0,25.25,0.0,1.0,0.23199999999999998,0.2298,0.5056,0.593,0.6027,0.0,-3.200000000000001,-3.200000000000001,182.4,0.6797499999999553,1,0,0.723333333
221,47.0,0.4,-11.0,1.0,0.0,0.0,0.0,1.0,21.0,0.4,1.0,0.0,0.0,0.0,1.0,7.0,0.0,1.0,-3.200000000000001,-13.474201498698385,12.0,94.0,25.25,0.0,1.0,0.23199999999999998,0.2298,0.5056,0.593,0.6027,0.0,-3.200000000000001,-3.200000000000001,182.4,0.6338499999999592,2,1,0.701666667
221,47.0,0.4,-11.0,1.0,0.0,0.0,0.0,1.0,21.0,0.4,1.0,0.0,0.0,0.0,1.0,7.0,0.0,1.0,-3.200000000000001,-13.474201498698385,12.0,94.0,25.25,0.0,1.0,0.23199999999999998,0.2298,0.5056,0.593,0.6027,0.0,-3.200000000000001,-3.200000000000001,182.4,0.5621499999999668,3,1,0.658333333
221,47.0,0.4,-11.0,1.0,0.0,0.0,0.0,1.0,21.0,0.4,1.0,0.0,0.0,0.0,1.0,7.0,0.0,1.0,-3.200000000000001,-13.474201498698385,12.0,94.0,25.25,0.0,1.0,0.23199999999999998,0.2298,0.5056,0.593,0.6027,0.0,-3.200000000000001,-3.200000000000001,182.4,0.5463999999999686,4,1,0.6333333329999999
221,47.0,0.4,-11.0,1.0,0.0,0.0,0.0,1.0,21.0,0.4,1.0,0.0,0.0,0.0,1.0,7.0,0.0,1.0,-3.200000000000001,-13.474201498698385,12.0,94.0,25.25,0.0,1.0,0.23199999999999998,0.2298,0.5056,0.593,0.6027,0.0,-3.200000000000001,-3.200000000000001,182.4,0.5344999999999701,5,1,0.6266666670000001
222,61.0,0.2,-13.0,0.0,0.0,1.0,0.0,4.0,53.0,0.4,-43.0,0.0,0.0,1.0,0.0,3.0,0.0,0.0,-6.399999999999999,17.384850535114957,-30.0,-9.0,-15.700000000000005,0.3023255813953488,1.0,-0.5351999999999999,-0.3304,-1.0,0.1988,0.2057,0.0,-6.399999999999999,-6.399999999999999,42.80000000000001,0.22399999999999248,1,0,0.3
222,61.0,0.2,-13.0,0.0,0.0,1.0,0.0,4.0,53.0,0.4,-43.0,0.0,0.0,1.0,0.0,3.0,0.0,0.0,-6.399999999999999,17.384850535114957,-30.0,-9.0,-15.700000000000005,0.3023255813953488,1.0,-0.5351999999999999,-0.3304,-1.0,0.1988,0.2057,0.0,-6.399999999999999,-6.399999999999999,42.80000000000001,0.3000499999999918,2,1,0.31
222,61.0,0.2,-13.0,0.0,0.0,1.0,0.0,4.0,53.0,0.4,-43.0,0.0,0.0,1.0,0.0,3.0,0.0,0.0,-6.399999999999999,17.384850535114957,-30.0,-9.0,-15.700000000000005,0.3023255813953488,1.0,-0.5351999999999999,-0.3304,-1.0,0.1988,0.2057,0.0,-6.399999999999999,-6.399999999999999,42.80000000000001,0.34554999999998715,3,1,0.34833333299999997
222,61.0,0.2,-13.0,0.0,0.0,1.0,0.0,4.0,53.0,0.4,-43.0,0.0,0.0,1.0,0.0,3.0,0.0,0.0,-6.399999999999999,17.384850535114957,-30.0,-9.0,-15.700000000000005,0.3023255813953488,1.0,-0.5351999999999999,-0.3304,-1.0,0.1988,0.2057,0.0,-6.399999999999999,-6.399999999999999,42.80000000000001,0.3415499999999861,4,1,0.306666667
222,61.0,0.2,-13.0,0.0,0.0,1.0,0.0,4.0,53.0,0.4,-43.0,0.0,0.0,1.0,0.0,3.0,0.0,0.0,-6.399999999999999,17.384850535114957,-30.0,-9.0,-15.700000000000005,0.3023255813953488,1.0,-0.5351999999999999,-0.3304,-1.0,0.1988,0.2057,0.0,-6.399999999999999,-6.399999999999999,42.80000000000001,0.34589999999998616,5,1,0.321666667
223,3.0,1.0,3.0,1.0,0.0,0.0,0.0,1.0,68.0,0.01,-1.0,1.0,0.0,0.0,0.0,1.0,0.0,0.0,-3.31,6.865413316035677,-4.0,65.0,30.5,0.0,1.0,-0.9768,-0.9808,0.000199999999999978,-0.9906,-0.9885,0.0,-3.31,-3.31,-136.62,0.14884999999999618,1,0,0.143333333
223,3.0,1.0,3.0,1.0,0.0,0.0,0.0,1.0,68.0,0.01,-1.0,1.0,0.0,0.0,0.0,1.0,0.0,0.0,-3.31,6.865413316035677,-4.0,65.0,30.5,0.0,1.0,-0.9768,-0.9808,0.000199999999999978,-0.9906,-0.9885,0.0,-3.31,-3.31,-136.62,0.1321499999999972,2,1,0.10666666699999999
223,3.0,1.0,3.0,1.0,0.0,0.0,0.0,1.0,68.0,0.01,-1.0,1.0,0.0,0.0,0.0,1.0,0.0,0.0,-3.31,6.865413316035677,-4.0,65.0,30.5,0.0,1.0,-0.9768,-0.9808,0.000199999999999978,-0.9906,-0.9885,0.0,-3.31,-3.31,-136.62,0.11384999999999855,3,1,0.138333333
223,3.0,1.0,3.0,1.0,0.0,0.0,0.0,1.0,68.0,0.01,-1.0,1.0,0.0,0.0,0.0,1.0,0.0,0.0,-3.31,6.865413316035677,-4.0,65.0,30.5,0.0,1.0,-0.9768,-0.9808,0.000199999999999978,-0.9906,-0.9885,0.0,-3.31,-3.31,-136.62,0.1068999999999986,4,1,0.131666667
223,3.0,1.0,3.0,1.0,0.0,0.0,0.0,1.0,68.0,0.01,-1.0,1.0,0.0,0.0,0.0,1.0,0.0,0.0,-3.31,6.865413316035677,-4.0,65.0,30.5,0.0,1.0,-0.9768,-0.9808,0.000199999999999978,-0.9906,-0.9885,0.0,-3.31,-3.31,-136.62,0.10029999999999874,5,1,0.12166666699999999
224,56.0,0.5,0.0,1.0,0.0,0.0,0.0,1.0,41.0,0.6,5.0,1.0,0.0,0.0,0.0,1.0,0.0,0.0,-1.4000000000000021,-10.363673851961117,5.0,-15.0,-5.0,0.0,1.0,-0.0036000000000000476,-0.010000000000000007,0.010399999999999965,0.4982,0.4998,0.0,-1.4000000000000021,-1.4000000000000021,28.0,0.5175499999999712,1,0,0.648333333
224,56.0,0.5,0.0,1.0,0.0,0.0,0.0,1.0,41.0,0.6,5.0,1.0,0.0,0.0,0.0,1.0,0.0,0.0,-1.4000000000000021,-10.363673851961117,5.0,-15.0,-5.0,0.0,1.0,-0.0036000000000000476,-0.010000000000000007,0.010399999999999965,0.4982,0.4998,0.0,-1.4000000000000021,-1.4000000000000021,28.0,0.5132499999999716,2,1,0.588333333
224,56.0,0.5,0.0,1.0,0.0,0.0,0.0,1.0,41.0,0.6,5.0,1.0,0.0,0.0,0.0,1.0,0.0,0.0,-1.4000000000000021,-10.363673851961117,5.0,-15.0,-5.0,0.0,1.0,-0.0036000000000000476,-0.010000000000000007,0.010399999999999965,0.4982,0.4998,0.0,-1.4000000000000021,-1.4000000000000021,28.0,0.4938999999999731,3,1,0.545
224,56.0,0.5,0.0,1.0,0.0,0.0,0.0,1.0,41.0,0.6,5.0,1.0,0.0,0.0,0.0,1.0,0.0,0.0,-1.4000000000000021,-10.363673851961117,5.0,-15.0,-5.0,0.0,1.0,-0.0036000000000000476,-0.010000000000000007,0.010399999999999965,0.4982,0.4998,0.0,-1.4000000000000021,-1.4000000000000021,28.0,0.4869499999999742,4,1,0.528333333
224,56.0,0.5,0.0,1.0,0.0,0.0,0.0,1.0,41.0,0.6,5.0,1.0,0.0,0.0,0.0,1.0,0.0,0.0,-1.4000000000000021,-10.363673851961117,5.0,-15.0,-5.0,0.0,1.0,-0.0036000000000000476,-0.010000000000000007,0.010399999999999965,0.4982,0.4998,0.0,-1.4000000000000021,-1.4000000000000021,28.0,0.4831999999999746,5,1,0.533333333
225,8.0,0.99,5.0,0.0,0.0,0.0,1.0,3.0,8.0,1.0,8.0,0.0,1.0,0.0,0.0,5.0,0.0,0.0,0.03000000000000292,-1.455422570556848,1.0,-2.0,0.25,0.8333333333333334,1.0,0.28289999999999993,0.253,0.4174,0.0,0.0,0.0,0.03000000000000292,0.03000000000000292,1.7763568394002505e-15,0.5262999999999703,1,0,0.38
225,8.0,0.99,5.0,0.0,0.0,0.0,1.0,3.0,8.0,1.0,8.0,0.0,1.0,0.0,0.0,5.0,0.0,0.0,0.03000000000000292,-1.455422570556848,1.0,-2.0,0.25,0.8333333333333334,1.0,0.28289999999999993,0.253,0.4174,0.0,0.0,0.0,0.03000000000000292,0.03000000000000292,1.7763568394002505e-15,0.5351999999999695,2,1,0.405
225,8.0,0.99,5.0,0.0,0.0,0.0,1.0,3.0,8.0,1.0,8.0,0.0,1.0,0.0,0.0,5.0,0.0,0.0,0.03000000000000292,-1.455422570556848,1.0,-2.0,0.25,0.8333333333333334,1.0,0.28289999999999993,0.253,0.4174,0.0,0.0,0.0,0.03000000000000292,0.03000000000000292,1.7763568394002505e-15,0.5270499999999704,3,1,0.4866666670000001
225,8.0,0.99,5.0,0.0,0.0,0.0,1.0,3.0,8.0,1.0,8.0,0.0,1.0,0.0,0.0,5.0,0.0,0.0,0.03000000000000292,-1.455422570556848,1.0,-2.0,0.25,0.8333333333333334,1.0,0.28289999999999993,0.253,0.4174,0.0,0.0,0.0,0.03000000000000292,0.03000000000000292,1.7763568394002505e-15,0.5284499999999703,4,1,0.5116666670000001
225,8.0,0.99,5.0,0.0,0.0,0.0,1.0,3.0,8.0,1.0,8.0,0.0,1.0,0.0,0.0,5.0,0.0,0.0,0.03000000000000292,-1.455422570556848,1.0,-2.0,0.25,0.8333333333333334,1.0,0.28289999999999993,0.253,0.4174,0.0,0.0,0.0,0.03000000000000292,0.03000000000000292,1.7763568394002505e-15,0.5288499999999701,5,1,0.49
226,23.0,1.0,23.0,1.0,0.0,0.0,0.0,1.0,242.0,0.1,2.0,1.0,0.0,0.0,0.0,1.0,0.0,0.0,3.000000000000004,72.0,-21.0,219.0,99.0,0.08695652173913042,1.0,-0.8069999999999999,-0.7936000000000001,0.0016000000000000456,0.0,0.0,0.0,3.000000000000004,3.000000000000004,0.0,0.32704999999998674,1,0,0.373333333
226,23.0,1.0,23.0,1.0,0.0,0.0,0.0,1.0,242.0,0.1,2.0,1.0,0.0,0.0,0.0,1.0,0.0,0.0,3.000000000000004,72.0,-21.0,219.0,99.0,0.08695652173913042,1.0,-0.8069999999999999,-0.7936000000000001,0.0016000000000000456,0.0,0.0,0.0,3.000000000000004,3.000000000000004,0.0,0.26664999999999184,2,1,0.386666667
226,23.0,1.0,23.0,1.0,0.0,0.0,0.0,1.0,242.0,0.1,2.0,1.0,0.0,0.0,0.0,1.0,0.0,0.0,3.000000000000004,72.0,-21.0,219.0,99.0,0.08695652173913042,1.0,-0.8069999999999999,-0.7936000000000001,0.0016000000000000456,0.0,0.0,0.0,3.000000000000004,3.000000000000004,0.0,0.24909999999999405,3,1,0.378333333
226,23.0,1.0,23.0,1.0,0.0,0.0,0.0,1.0,242.0,0.1,2.0,1.0,0.0,0.0,0.0,1.0,0.0,0.0,3.000000000000004,72.0,-21.0,219.0,99.0,0.08695652173913042,1.0,-0.8069999999999999,-0.7936000000000001,0.0016000000000000456,0.0,0.0,0.0,3.000000000000004,3.000000000000004,0.0,0.240599999999994,4,1,0.40166666700000003
226,23.0,1.0,23.0,1.0,0.0,0.0,0.0,1.0,242.0,0.1,2.0,1.0,0.0,0.0,0.0,1.0,0.0,0.0,3.000000000000004,72.0,-21.0,219.0,99.0,0.08695652173913042,1.0,-0.8069999999999999,-0.7936000000000001,0.0016000000000000456,0.0,0.0,0.0,3.000000000000004,3.000000000000004,0.0,0.2363499999999933,5,1,0.38
227,19.0,1.0,19.0,1.0,0.0,0.0,0.0,1.0,26.0,0.8,-19.0,1.0,0.0,0.0,0.0,1.0,1.0,0.0,-2.0,18.0,-38.0,7.0,-15.5,0.0,1.0,-0.10159999999999997,0.6048,0.005200000000000038,-0.5505,-0.2077,0.0,-17.833333333333332,-9.916666666666666,-17.999999999999996,0.06220000000000096,1,0,0.161666667
227,19.0,1.0,19.0,1.0,0.0,0.0,0.0,1.0,26.0,0.8,-19.0,1.0,0.0,0.0,0.0,1.0,1.0,0.0,-2.0,18.0,-38.0,7.0,-15.5,0.0,1.0,-0.10159999999999997,0.6048,0.005200000000000038,-0.5505,-0.2077,0.0,-17.833333333333332,-9.916666666666666,-17.999999999999996,0.1813499999999951,2,1,0.308333333
227,19.0,1.0,19.0,1.0,0.0,0.0,0.0,1.0,26.0,0.8,-19.0,1.0,0.0,0.0,0.0,1.0,1.0,0.0,-2.0,18.0,-38.0,7.0,-15.5,0.0,1.0,-0.10159999999999997,0.6048,0.005200000000000038,-0.5505,-0.2077,0.0,-17.833333333333332,-9.916666666666666,-17.999999999999996,0.2936499999999917,3,1,0.548333333
227,19.0,1.0,19.0,1.0,0.0,0.0,0.0,1.0,26.0,0.8,-19.0,1.0,0.0,0.0,0.0,1.0,1.0,0.0,-2.0,18.0,-38.0,7.0,-15.5,0.0,1.0,-0.10159999999999997,0.6048,0.005200000000000038,-0.5505,-0.2077,0.0,-17.833333333333332,-9.916666666666666,-17.999999999999996,0.3553499999999864,4,1,0.576666667
227,19.0,1.0,19.0,1.0,0.0,0.0,0.0,1.0,26.0,0.8,-19.0,1.0,0.0,0.0,0.0,1.0,1.0,0.0,-2.0,18.0,-38.0,7.0,-15.5,0.0,1.0,-0.10159999999999997,0.6048,0.005200000000000038,-0.5505,-0.2077,0.0,-17.833333333333332,-9.916666666666666,-17.999999999999996,0.3946999999999825,5,1,0.573333333
228,0.0,1.0,0.0,1.0,0.0,0.0,0.0,1.0,7.0,0.05,-2.0,0.0,1.0,0.0,0.0,7.0,0.0,0.0,-1.5499999999999998,1.9805302320338365,-2.0,10.0,5.875,0.0,1.0,-0.9012,-0.8968,0.746,-0.8976,-0.9064,0.0,-1.5499999999999998,-1.5499999999999998,-10.8,0.24934999999999144,1,0,0.296666667
228,0.0,1.0,0.0,1.0,0.0,0.0,0.0,1.0,7.0,0.05,-2.0,0.0,1.0,0.0,0.0,7.0,0.0,0.0,-1.5499999999999998,1.9805302320338365,-2.0,10.0,5.875,0.0,1.0,-0.9012,-0.8968,0.746,-0.8976,-0.9064,0.0,-1.5499999999999998,-1.5499999999999998,-10.8,0.2315999999999933,2,1,0.175
228,0.0,1.0,0.0,1.0,0.0,0.0,0.0,1.0,7.0,0.05,-2.0,0.0,1.0,0.0,0.0,7.0,0.0,0.0,-1.5499999999999998,1.9805302320338365,-2.0,10.0,5.875,0.0,1.0,-0.9012,-0.8968,0.746,-0.8976,-0.9064,0.0,-1.5499999999999998,-1.5499999999999998,-10.8,0.21459999999999324,3,1,0.115
228,0.0,1.0,0.0,1.0,0.0,0.0,0.0,1.0,7.0,0.05,-2.0,0.0,1.0,0.0,0.0,7.0,0.0,0.0,-1.5499999999999998,1.9805302320338365,-2.0,10.0,5.875,0.0,1.0,-0.9012,-0.8968,0.746,-0.8976,-0.9064,0.0,-1.5499999999999998,-1.5499999999999998,-10.8,0.21284999999999327,4,1,0.10166666699999999
228,0.0,1.0,0.0,1.0,0.0,0.0,0.0,1.0,7.0,0.05,-2.0,0.0,1.0,0.0,0.0,7.0,0.0,0.0,-1.5499999999999998,1.9805302320338365,-2.0,10.0,5.875,0.0,1.0,-0.9012,-0.8968,0.746,-0.8976,-0.9064,0.0,-1.5499999999999998,-1.5499999999999998,-10.8,0.2076999999999937,5,1,0.095
229,2.0,1.0,2.0,1.0,0.0,0.0,0.0,1.0,0.0,0.99,-3.0,0.0,0.0,0.0,1.0,4.0,1.0,0.0,-2.03,4.569365382632473,-5.0,9.0,0.5,0.0,1.0,-0.3682,-0.5025999999999999,0.0065999999999999965,-0.6717,-0.7479,0.0,-1.5,-1.765,-21.07,0.3469999999999843,1,0,0.40666666700000004
229,2.0,1.0,2.0,1.0,0.0,0.0,0.0,1.0,0.0,0.99,-3.0,0.0,0.0,0.0,1.0,4.0,1.0,0.0,-2.03,4.569365382632473,-5.0,9.0,0.5,0.0,1.0,-0.3682,-0.5025999999999999,0.0065999999999999965,-0.6717,-0.7479,0.0,-1.5,-1.765,-21.07,0.27504999999999197,2,1,0.333333333
229,2.0,1.0,2.0,1.0,0.0,0.0,0.0,1.0,0.0,0.99,-3.0,0.0,0.0,0.0,1.0,4.0,1.0,0.0,-2.03,4.569365382632473,-5.0,9.0,0.5,0.0,1.0,-0.3682,-0.5025999999999999,0.0065999999999999965,-0.6717,-0.7479,0.0,-1.5,-1.765,-21.07,0.25069999999999343,3,1,0.308333333
229,2.0,1.0,2.0,1.0,0.0,0.0,0.0,1.0,0.0,0.99,-3.0,0.0,0.0,0.0,1.0,4.0,1.0,0.0,-2.03,4.569365382632473,-5.0,9.0,0.5,0.0,1.0,-0.3682,-0.5025999999999999,0.0065999999999999965,-0.6717,-0.7479,0.0,-1.5,-1.765,-21.07,0.2375999999999937,4,1,0.241666667
229,2.0,1.0,2.0,1.0,0.0,0.0,0.0,1.0,0.0,0.99,-3.0,0.0,0.0,0.0,1.0,4.0,1.0,0.0,-2.03,4.569365382632473,-5.0,9.0,0.5,0.0,1.0,-0.3682,-0.5025999999999999,0.0065999999999999965,-0.6717,-0.7479,0.0,-1.5,-1.765,-21.07,0.2265999999999937,5,1,0.228333333
230,24.0,0.75,20.0,1.0,0.0,0.0,0.0,1.0,17.0,0.95,7.0,1.0,0.0,0.0,0.0,1.0,0.0,0.0,-6.5,0.4473986642014601,-13.0,-7.0,-10.0,0.35,1.0,-1.0,-1.0,-1.0,0.0,0.0,-1.0,-6.5,-6.5,0.0,0.0,1,0,0.12166666699999999
230,24.0,0.75,20.0,1.0,0.0,0.0,0.0,1.0,17.0,0.95,7.0,1.0,0.0,0.0,0.0,1.0,0.0,0.0,-6.5,0.4473986642014601,-13.0,-7.0,-10.0,0.35,1.0,-1.0,-1.0,-1.0,0.0,0.0,-1.0,-6.5,-6.5,0.0,0.0,2,1,0.03
230,24.0,0.75,20.0,1.0,0.0,0.0,0.0,1.0,17.0,0.95,7.0,1.0,0.0,0.0,0.0,1.0,0.0,0.0,-6.5,0.4473986642014601,-13.0,-7.0,-10.0,0.35,1.0,-1.0,-1.0,-1.0,0.0,0.0,-1.0,-6.5,-6.5,0.0,0.0,3,1,0.016666667
230,24.0,0.75,20.0,1.0,0.0,0.0,0.0,1.0,17.0,0.95,7.0,1.0,0.0,0.0,0.0,1.0,0.0,0.0,-6.5,0.4473986642014601,-13.0,-7.0,-10.0,0.35,1.0,-1.0,-1.0,-1.0,0.0,0.0,-1.0,-6.5,-6.5,0.0,0.0,4,1,0.005
230,24.0,0.75,20.0,1.0,0.0,0.0,0.0,1.0,17.0,0.95,7.0,1.0,0.0,0.0,0.0,1.0,0.0,0.0,-6.5,0.4473986642014601,-13.0,-7.0,-10.0,0.35,1.0,-1.0,-1.0,-1.0,0.0,0.0,-1.0,-6.5,-6.5,0.0,0.0,5,1,0.005
231,22.0,0.75,10.0,1.0,0.0,0.0,0.0,1.0,29.0,0.75,-3.0,1.0,0.0,0.0,0.0,1.0,0.0,0.0,2.0,8.660254037844387,-13.0,7.0,-3.0,0.0,1.0,0.5025999999999999,0.4842,-0.0018000000000000238,-0.2515,-0.2499,0.0,2.0,2.0,-16.0,0.4840999999999741,1,0,0.256666667
231,22.0,0.75,10.0,1.0,0.0,0.0,0.0,1.0,29.0,0.75,-3.0,1.0,0.0,0.0,0.0,1.0,0.0,0.0,2.0,8.660254037844387,-13.0,7.0,-3.0,0.0,1.0,0.5025999999999999,0.4842,-0.0018000000000000238,-0.2515,-0.2499,0.0,2.0,2.0,-16.0,0.5701999999999658,2,1,0.378333333
231,22.0,0.75,10.0,1.0,0.0,0.0,0.0,1.0,29.0,0.75,-3.0,1.0,0.0,0.0,0.0,1.0,0.0,0.0,2.0,8.660254037844387,-13.0,7.0,-3.0,0.0,1.0,0.5025999999999999,0.4842,-0.0018000000000000238,-0.2515,-0.2499,0.0,2.0,2.0,-16.0,0.5979999999999634,3,1,0.45333333299999995
231,22.0,0.75,10.0,1.0,0.0,0.0,0.0,1.0,29.0,0.75,-3.0,1.0,0.0,0.0,0.0,1.0,0.0,0.0,2.0,8.660254037844387,-13.0,7.0,-3.0,0.0,1.0,0.5025999999999999,0.4842,-0.0018000000000000238,-0.2515,-0.2499,0.0,2.0,2.0,-16.0,0.6098499999999621,4,1,0.523333333
231,22.0,0.75,10.0,1.0,0.0,0.0,0.0,1.0,29.0,0.75,-3.0,1.0,0.0,0.0,0.0,1.0,0.0,0.0,2.0,8.660254037844387,-13.0,7.0,-3.0,0.0,1.0,0.5025999999999999,0.4842,-0.0018000000000000238,-0.2515,-0.2499,0.0,2.0,2.0,-16.0,0.6139999999999622,5,1,0.518333333
232,25.0,0.4,5.0,0.0,1.0,0.0,0.0,9.0,46.0,0.01,8.0,0.0,1.0,0.0,0.0,7.0,0.0,0.0,-4.6200000000000045,-6.0557637327962315,3.0,20.0,18.25,0.625,1.0,0.2246,0.1978,0.9512,0.0,0.0,0.0,-4.6200000000000045,-4.6200000000000045,0.0,0.444599999999978,1,0,0.46166666700000003
232,25.0,0.4,5.0,0.0,1.0,0.0,0.0,9.0,46.0,0.01,8.0,0.0,1.0,0.0,0.0,7.0,0.0,0.0,-4.6200000000000045,-6.0557637327962315,3.0,20.0,18.25,0.625,1.0,0.2246,0.1978,0.9512,0.0,0.0,0.0,-4.6200000000000045,-4.6200000000000045,0.0,0.3486999999999857,2,1,0.3666666670000001
232,25.0,0.4,5.0,0.0,1.0,0.0,0.0,9.0,46.0,0.01,8.0,0.0,1.0,0.0,0.0,7.0,0.0,0.0,-4.6200000000000045,-6.0557637327962315,3.0,20.0,18.25,0.625,1.0,0.2246,0.1978,0.9512,0.0,0.0,0.0,-4.6200000000000045,-4.6200000000000045,0.0,0.28029999999999017,3,1,0.295
232,25.0,0.4,5.0,0.0,1.0,0.0,0.0,9.0,46.0,0.01,8.0,0.0,1.0,0.0,0.0,7.0,0.0,0.0,-4.6200000000000045,-6.0557637327962315,3.0,20.0,18.25,0.625,1.0,0.2246,0.1978,0.9512,0.0,0.0,0.0,-4.6200000000000045,-4.6200000000000045,0.0,0.2610499999999921,4,1,0.29833333300000003
232,25.0,0.4,5.0,0.0,1.0,0.0,0.0,9.0,46.0,0.01,8.0,0.0,1.0,0.0,0.0,7.0,0.0,0.0,-4.6200000000000045,-6.0557637327962315,3.0,20.0,18.25,0.625,1.0,0.2246,0.1978,0.9512,0.0,0.0,0.0,-4.6200000000000045,-4.6200000000000045,0.0,0.2432499999999923,5,1,0.288333333
233,18.0,1.0,18.0,1.0,0.0,0.0,0.0,1.0,34.0,0.1,19.0,1.0,0.0,0.0,0.0,1.0,0.0,0.0,2.5,4.5,1.0,16.0,8.5,0.9473684210526316,1.0,1.0,1.0,1.0,0.0,0.0,1.0,2.5,2.5,0.0,0.9999999999999176,1,0,0.8666666670000001
233,18.0,1.0,18.0,1.0,0.0,0.0,0.0,1.0,34.0,0.1,19.0,1.0,0.0,0.0,0.0,1.0,0.0,0.0,2.5,4.5,1.0,16.0,8.5,0.9473684210526316,1.0,1.0,1.0,1.0,0.0,0.0,1.0,2.5,2.5,0.0,0.9999999999999176,2,1,0.945
233,18.0,1.0,18.0,1.0,0.0,0.0,0.0,1.0,34.0,0.1,19.0,1.0,0.0,0.0,0.0,1.0,0.0,0.0,2.5,4.5,1.0,16.0,8.5,0.9473684210526316,1.0,1.0,1.0,1.0,0.0,0.0,1.0,2.5,2.5,0.0,0.9999999999999176,3,1,0.981666667
233,18.0,1.0,18.0,1.0,0.0,0.0,0.0,1.0,34.0,0.1,19.0,1.0,0.0,0.0,0.0,1.0,0.0,0.0,2.5,4.5,1.0,16.0,8.5,0.9473684210526316,1.0,1.0,1.0,1.0,0.0,0.0,1.0,2.5,2.5,0.0,0.9999999999999176,4,1,0.99
233,18.0,1.0,18.0,1.0,0.0,0.0,0.0,1.0,34.0,0.1,19.0,1.0,0.0,0.0,0.0,1.0,0.0,0.0,2.5,4.5,1.0,16.0,8.5,0.9473684210526316,1.0,1.0,1.0,1.0,0.0,0.0,1.0,2.5,2.5,0.0,0.9999999999999176,5,1,0.9883333329999999
234,-8.0,1.0,-8.0,1.0,0.0,0.0,0.0,1.0,47.0,0.25,-17.0,1.0,0.0,0.0,0.0,1.0,1.0,0.0,7.0,27.71281292110204,-9.0,55.0,23.0,0.4705882352941176,1.0,-0.569,-0.4948,-0.005200000000000038,0.2159,0.2528,0.0,4.666666666666666,5.833333333333332,32.0,0.9155499999999284,1,0,0.695
234,-8.0,1.0,-8.0,1.0,0.0,0.0,0.0,1.0,47.0,0.25,-17.0,1.0,0.0,0.0,0.0,1.0,1.0,0.0,7.0,27.71281292110204,-9.0,55.0,23.0,0.4705882352941176,1.0,-0.569,-0.4948,-0.005200000000000038,0.2159,0.2528,0.0,4.666666666666666,5.833333333333332,32.0,0.8078999999999407,2,1,0.635
234,-8.0,1.0,-8.0,1.0,0.0,0.0,0.0,1.0,47.0,0.25,-17.0,1.0,0.0,0.0,0.0,1.0,1.0,0.0,7.0,27.71281292110204,-9.0,55.0,23.0,0.4705882352941176,1.0,-0.569,-0.4948,-0.005200000000000038,0.2159,0.2528,0.0,4.666666666666666,5.833333333333332,32.0,0.7314499999999486,3,1,0.566666667
234,-8.0,1.0,-8.0,1.0,0.0,0.0,0.0,1.0,47.0,0.25,-17.0,1.0,0.0,0.0,0.0,1.0,1.0,0.0,7.0,27.71281292110204,-9.0,55.0,23.0,0.4705882352941176,1.0,-0.569,-0.4948,-0.005200000000000038,0.2159,0.2528,0.0,4.666666666666666,5.833333333333332,32.0,0.7061999999999511,4,1,0.505
234,-8.0,1.0,-8.0,1.0,0.0,0.0,0.0,1.0,47.0,0.25,-17.0,1.0,0.0,0.0,0.0,1.0,1.0,0.0,7.0,27.71281292110204,-9.0,55.0,23.0,0.4705882352941176,1.0,-0.569,-0.4948,-0.005200000000000038,0.2159,0.2528,0.0,4.666666666666666,5.833333333333332,32.0,0.6871999999999532,5,1,0.56
235,-8.0,1.0,-8.0,1.0,0.0,0.0,0.0,1.0,-8.0,0.6,-19.0,0.0,0.0,1.0,0.0,4.0,0.0,0.0,-4.399999999999999,6.452906321960671,-11.0,3.0,-2.5,0.42105263157894735,-1.0,-0.09519999999999997,-0.1068,-0.0038000000000000256,0.0,0.0,0.0,-4.399999999999999,-4.399999999999999,0.0,0.08744999999999964,1,0,0.208333333
235,-8.0,1.0,-8.0,1.0,0.0,0.0,0.0,1.0,-8.0,0.6,-19.0,0.0,0.0,1.0,0.0,4.0,0.0,0.0,-4.399999999999999,6.452906321960671,-11.0,3.0,-2.5,0.42105263157894735,-1.0,-0.09519999999999997,-0.1068,-0.0038000000000000256,0.0,0.0,0.0,-4.399999999999999,-4.399999999999999,0.0,0.09164999999999948,2,1,0.21
235,-8.0,1.0,-8.0,1.0,0.0,0.0,0.0,1.0,-8.0,0.6,-19.0,0.0,0.0,1.0,0.0,4.0,0.0,0.0,-4.399999999999999,6.452906321960671,-11.0,3.0,-2.5,0.42105263157894735,-1.0,-0.09519999999999997,-0.1068,-0.0038000000000000256,0.0,0.0,0.0,-4.399999999999999,-4.399999999999999,0.0,0.08659999999999955,3,1,0.181666667
235,-8.0,1.0,-8.0,1.0,0.0,0.0,0.0,1.0,-8.0,0.6,-19.0,0.0,0.0,1.0,0.0,4.0,0.0,0.0,-4.399999999999999,6.452906321960671,-11.0,3.0,-2.5,0.42105263157894735,-1.0,-0.09519999999999997,-0.1068,-0.0038000000000000256,0.0,0.0,0.0,-4.399999999999999,-4.399999999999999,0.0,0.08324999999999992,4,1,0.171666667
235,-8.0,1.0,-8.0,1.0,0.0,0.0,0.0,1.0,-8.0,0.6,-19.0,0.0,0.0,1.0,0.0,4.0,0.0,0.0,-4.399999999999999,6.452906321960671,-11.0,3.0,-2.5,0.42105263157894735,-1.0,-0.09519999999999997,-0.1068,-0.0038000000000000256,0.0,0.0,0.0,-4.399999999999999,-4.399999999999999,0.0,0.08474999999999959,5,1,0.14
236,15.0,1.0,15.0,1.0,0.0,0.0,0.0,1.0,43.0,0.01,7.0,0.0,1.0,0.0,0.0,3.0,0.0,0.0,-7.64,3.582652648527345,-8.0,29.0,19.0,0.4666666666666667,1.0,-0.98,-0.9798,0.4818,0.0,0.0,0.0,-7.64,-7.64,-7.105427357601002e-15,0.2971999999999896,1,0,0.195
236,15.0,1.0,15.0,1.0,0.0,0.0,0.0,1.0,43.0,0.01,7.0,0.0,1.0,0.0,0.0,3.0,0.0,0.0,-7.64,3.582652648527345,-8.0,29.0,19.0,0.4666666666666667,1.0,-0.98,-0.9798,0.4818,0.0,0.0,0.0,-7.64,-7.64,-7.105427357601002e-15,0.20214999999999367,2,1,0.12166666699999999
236,15.0,1.0,15.0,1.0,0.0,0.0,0.0,1.0,43.0,0.01,7.0,0.0,1.0,0.0,0.0,3.0,0.0,0.0,-7.64,3.582652648527345,-8.0,29.0,19.0,0.4666666666666667,1.0,-0.98,-0.9798,0.4818,0.0,0.0,0.0,-7.64,-7.64,-7.105427357601002e-15,0.14019999999999738,3,1,0.08833333300000001
236,15.0,1.0,15.0,1.0,0.0,0.0,0.0,1.0,43.0,0.01,7.0,0.0,1.0,0.0,0.0,3.0,0.0,0.0,-7.64,3.582652648527345,-8.0,29.0,19.0,0.4666666666666667,1.0,-0.98,-0.9798,0.4818,0.0,0.0,0.0,-7.64,-7.64,-7.105427357601002e-15,0.12604999999999825,4,1,0.081666667
236,15.0,1.0,15.0,1.0,0.0,0.0,0.0,1.0,43.0,0.01,7.0,0.0,1.0,0.0,0.0,3.0,0.0,0.0,-7.64,3.582652648527345,-8.0,29.0,19.0,0.4666666666666667,1.0,-0.98,-0.9798,0.4818,0.0,0.0,0.0,-7.64,-7.64,-7.105427357601002e-15,0.11624999999999855,5,1,0.061666667
237,20.0,0.6,10.0,0.0,0.0,1.0,0.0,2.0,75.0,0.5,-49.0,1.0,0.0,0.0,0.0,1.0,1.0,0.0,-3.0,57.0401612929451,-59.0,54.0,-3.6666666666666634,0.0,1.0,-0.3164,0.0020000000000000018,-0.008000000000000007,-0.6524,-0.5031,0.0,-22.66666666666667,-12.833333333333336,-124.0,0.2563499999999916,1,0,0.11666666699999999
237,20.0,0.6,10.0,0.0,0.0,1.0,0.0,2.0,75.0,0.5,-49.0,1.0,0.0,0.0,0.0,1.0,1.0,0.0,-3.0,57.0401612929451,-59.0,54.0,-3.6666666666666634,0.0,1.0,-0.3164,0.0020000000000000018,-0.008000000000000007,-0.6524,-0.5031,0.0,-22.66666666666667,-12.833333333333336,-124.0,0.3652499999999855,2,1,0.23
237,20.0,0.6,10.0,0.0,0.0,1.0,0.0,2.0,75.0,0.5,-49.0,1.0,0.0,0.0,0.0,1.0,1.0,0.0,-3.0,57.0401612929451,-59.0,54.0,-3.6666666666666634,0.0,1.0,-0.3164,0.0020000000000000018,-0.008000000000000007,-0.6524,-0.5031,0.0,-22.66666666666667,-12.833333333333336,-124.0,0.3933999999999826,3,1,0.328333333
237,20.0,0.6,10.0,0.0,0.0,1.0,0.0,2.0,75.0,0.5,-49.0,1.0,0.0,0.0,0.0,1.0,1.0,0.0,-3.0,57.0401612929451,-59.0,54.0,-3.6666666666666634,0.0,1.0,-0.3164,0.0020000000000000018,-0.008000000000000007,-0.6524,-0.5031,0.0,-22.66666666666667,-12.833333333333336,-124.0,0.3941499999999824,4,1,0.31
237,20.0,0.6,10.0,0.0,0.0,1.0,0.0,2.0,75.0,0.5,-49.0,1.0,0.0,0.0,0.0,1.0,1.0,0.0,-3.0,57.0401612929451,-59.0,54.0,-3.6666666666666634,0.0,1.0,-0.3164,0.0020000000000000018,-0.008000000000000007,-0.6524,-0.5031,0.0,-22.66666666666667,-12.833333333333336,-124.0,0.4047999999999819,5,1,0.328333333
238,31.0,0.05,2.0,0.0,1.0,0.0,0.0,9.0,28.0,0.05,14.0,1.0,0.0,0.0,0.0,1.0,1.0,0.0,11.249999999999998,-3.2770801504147737,12.0,-7.0,-7.100000000000001,0.14285714285714285,1.0,0.9022,0.9012,-0.8028,0.0,0.0,0.0,9.366666666666667,10.308333333333332,0.0,0.9285999999999268,1,0,0.861666667
238,31.0,0.05,2.0,0.0,1.0,0.0,0.0,9.0,28.0,0.05,14.0,1.0,0.0,0.0,0.0,1.0,1.0,0.0,11.249999999999998,-3.2770801504147737,12.0,-7.0,-7.100000000000001,0.14285714285714285,1.0,0.9022,0.9012,-0.8028,0.0,0.0,0.0,9.366666666666667,10.308333333333332,0.0,0.9424499999999248,2,1,0.945
238,31.0,0.05,2.0,0.0,1.0,0.0,0.0,9.0,28.0,0.05,14.0,1.0,0.0,0.0,0.0,1.0,1.0,0.0,11.249999999999998,-3.2770801504147737,12.0,-7.0,-7.100000000000001,0.14285714285714285,1.0,0.9022,0.9012,-0.8028,0.0,0.0,0.0,9.366666666666667,10.308333333333332,0.0,0.9592499999999228,3,1,0.951666667
238,31.0,0.05,2.0,0.0,1.0,0.0,0.0,9.0,28.0,0.05,14.0,1.0,0.0,0.0,0.0,1.0,1.0,0.0,11.249999999999998,-3.2770801504147737,12.0,-7.0,-7.100000000000001,0.14285714285714285,1.0,0.9022,0.9012,-0.8028,0.0,0.0,0.0,9.366666666666667,10.308333333333332,0.0,0.9630999999999224,4,1,0.963333333
238,31.0,0.05,2.0,0.0,1.0,0.0,0.0,9.0,28.0,0.05,14.0,1.0,0.0,0.0,0.0,1.0,1.0,0.0,11.249999999999998,-3.2770801504147737,12.0,-7.0,-7.100000000000001,0.14285714285714285,1.0,0.9022,0.9012,-0.8028,0.0,0.0,0.0,9.366666666666667,10.308333333333332,0.0,0.9672499999999221,5,1,0.95
239,34.0,0.1,30.0,0.0,0.0,1.0,0.0,5.0,35.0,0.95,-1.0,0.0,1.0,0.0,0.0,9.0,1.0,0.0,2.8000000000000185,5.275453697247034,-9.0,1.0,3.4000000000000057,0.0,1.0,0.17559999999999998,0.7764,0.708,-0.4059,-0.0489,0.0,-10.133333333333333,-3.6666666666666567,-3.999999999999978,0.4537999999999766,1,0,0.261666667
239,34.0,0.1,30.0,0.0,0.0,1.0,0.0,5.0,35.0,0.95,-1.0,0.0,1.0,0.0,0.0,9.0,1.0,0.0,2.8000000000000185,5.275453697247034,-9.0,1.0,3.4000000000000057,0.0,1.0,0.17559999999999998,0.7764,0.708,-0.4059,-0.0489,0.0,-10.133333333333333,-3.6666666666666567,-3.999999999999978,0.6067499999999629,2,1,0.48
239,34.0,0.1,30.0,0.0,0.0,1.0,0.0,5.0,35.0,0.95,-1.0,0.0,1.0,0.0,0.0,9.0,1.0,0.0,2.8000000000000185,5.275453697247034,-9.0,1.0,3.4000000000000057,0.0,1.0,0.17559999999999998,0.7764,0.708,-0.4059,-0.0489,0.0,-10.133333333333333,-3.6666666666666567,-3.999999999999978,0.7032499999999523,3,1,0.7666666670000001
239,34.0,0.1,30.0,0.0,0.0,1.0,0.0,5.0,35.0,0.95,-1.0,0.0,1.0,0.0,0.0,9.0,1.0,0.0,2.8000000000000185,5.275453697247034,-9.0,1.0,3.4000000000000057,0.0,1.0,0.17559999999999998,0.7764,0.708,-0.4059,-0.0489,0.0,-10.133333333333333,-3.6666666666666567,-3.999999999999978,0.7416999999999481,4,1,0.808333333
239,34.0,0.1,30.0,0.0,0.0,1.0,0.0,5.0,35.0,0.95,-1.0,0.0,1.0,0.0,0.0,9.0,1.0,0.0,2.8000000000000185,5.275453697247034,-9.0,1.0,3.4000000000000057,0.0,1.0,0.17559999999999998,0.7764,0.708,-0.4059,-0.0489,0.0,-10.133333333333333,-3.6666666666666567,-3.999999999999978,0.7542499999999467,5,1,0.82
240,19.0,1.0,19.0,1.0,0.0,0.0,0.0,1.0,58.0,0.01,16.0,0.0,0.0,1.0,0.0,2.0,0.0,0.0,-2.5799999999999983,4.180143538205357,-3.0,40.0,25.0,0.8421052631578947,1.0,-0.9802,-0.982,0.3372,0.0,0.0,0.0,-2.5799999999999983,-2.5799999999999983,0.0,0.44389999999997737,1,0,0.45833333299999995
240,19.0,1.0,19.0,1.0,0.0,0.0,0.0,1.0,58.0,0.01,16.0,0.0,0.0,1.0,0.0,2.0,0.0,0.0,-2.5799999999999983,4.180143538205357,-3.0,40.0,25.0,0.8421052631578947,1.0,-0.9802,-0.982,0.3372,0.0,0.0,0.0,-2.5799999999999983,-2.5799999999999983,0.0,0.3424999999999861,2,1,0.381666667
240,19.0,1.0,19.0,1.0,0.0,0.0,0.0,1.0,58.0,0.01,16.0,0.0,0.0,1.0,0.0,2.0,0.0,0.0,-2.5799999999999983,4.180143538205357,-3.0,40.0,25.0,0.8421052631578947,1.0,-0.9802,-0.982,0.3372,0.0,0.0,0.0,-2.5799999999999983,-2.5799999999999983,0.0,0.2771999999999921,3,1,0.34666666700000004
240,19.0,1.0,19.0,1.0,0.0,0.0,0.0,1.0,58.0,0.01,16.0,0.0,0.0,1.0,0.0,2.0,0.0,0.0,-2.5799999999999983,4.180143538205357,-3.0,40.0,25.0,0.8421052631578947,1.0,-0.9802,-0.982,0.3372,0.0,0.0,0.0,-2.5799999999999983,-2.5799999999999983,0.0,0.2535499999999936,4,1,0.323333333
240,19.0,1.0,19.0,1.0,0.0,0.0,0.0,1.0,58.0,0.01,16.0,0.0,0.0,1.0,0.0,2.0,0.0,0.0,-2.5799999999999983,4.180143538205357,-3.0,40.0,25.0,0.8421052631578947,1.0,-0.9802,-0.982,0.3372,0.0,0.0,0.0,-2.5799999999999983,-2.5799999999999983,0.0,0.2420999999999936,5,1,0.316666667
241,17.0,1.0,17.0,1.0,0.0,0.0,0.0,1.0,104.0,0.4,-42.0,0.0,0.0,0.0,1.0,7.0,0.0,0.0,-0.5999999999999943,72.40883923941884,-59.0,207.0,93.5,0.0,1.0,-0.2136,-0.193,0.7502,-0.6109,-0.5975,0.0,-0.5999999999999943,-0.5999999999999943,-319.2,0.4074999999999808,1,0,0.286666667
241,17.0,1.0,17.0,1.0,0.0,0.0,0.0,1.0,104.0,0.4,-42.0,0.0,0.0,0.0,1.0,7.0,0.0,0.0,-0.5999999999999943,72.40883923941884,-59.0,207.0,93.5,0.0,1.0,-0.2136,-0.193,0.7502,-0.6109,-0.5975,0.0,-0.5999999999999943,-0.5999999999999943,-319.2,0.43174999999997904,2,1,0.373333333
241,17.0,1.0,17.0,1.0,0.0,0.0,0.0,1.0,104.0,0.4,-42.0,0.0,0.0,0.0,1.0,7.0,0.0,0.0,-0.5999999999999943,72.40883923941884,-59.0,207.0,93.5,0.0,1.0,-0.2136,-0.193,0.7502,-0.6109,-0.5975,0.0,-0.5999999999999943,-0.5999999999999943,-319.2,0.4411499999999784,3,1,0.433333333
241,17.0,1.0,17.0,1.0,0.0,0.0,0.0,1.0,104.0,0.4,-42.0,0.0,0.0,0.0,1.0,7.0,0.0,0.0,-0.5999999999999943,72.40883923941884,-59.0,207.0,93.5,0.0,1.0,-0.2136,-0.193,0.7502,-0.6109,-0.5975,0.0,-0.5999999999999943,-0.5999999999999943,-319.2,0.44234999999997787,4,1,0.45833333299999995
241,17.0,1.0,17.0,1.0,0.0,0.0,0.0,1.0,104.0,0.4,-42.0,0.0,0.0,0.0,1.0,7.0,0.0,0.0,-0.5999999999999943,72.40883923941884,-59.0,207.0,93.5,0.0,1.0,-0.2136,-0.193,0.7502,-0.6109,-0.5975,0.0,-0.5999999999999943,-0.5999999999999943,-319.2,0.4472999999999779,5,1,0.456666667
242,23.0,1.0,23.0,1.0,0.0,0.0,0.0,1.0,40.0,0.25,17.0,1.0,0.0,0.0,0.0,1.0,0.0,0.0,-0.25,9.959292143521044,-6.0,17.0,5.5,0.7391304347826086,1.0,-0.4778,-0.4934,0.008399999999999963,0.0,0.0,0.0,-0.25,-0.25,0.0,0.5040499999999726,1,0,0.556666667
242,23.0,1.0,23.0,1.0,0.0,0.0,0.0,1.0,40.0,0.25,17.0,1.0,0.0,0.0,0.0,1.0,0.0,0.0,-0.25,9.959292143521044,-6.0,17.0,5.5,0.7391304347826086,1.0,-0.4778,-0.4934,0.008399999999999963,0.0,0.0,0.0,-0.25,-0.25,0.0,0.4442999999999773,2,1,0.583333333
242,23.0,1.0,23.0,1.0,0.0,0.0,0.0,1.0,40.0,0.25,17.0,1.0,0.0,0.0,0.0,1.0,0.0,0.0,-0.25,9.959292143521044,-6.0,17.0,5.5,0.7391304347826086,1.0,-0.4778,-0.4934,0.008399999999999963,0.0,0.0,0.0,-0.25,-0.25,0.0,0.4381999999999785,3,1,0.56
242,23.0,1.0,23.0,1.0,0.0,0.0,0.0,1.0,40.0,0.25,17.0,1.0,0.0,0.0,0.0,1.0,0.0,0.0,-0.25,9.959292143521044,-6.0,17.0,5.5,0.7391304347826086,1.0,-0.4778,-0.4934,0.008399999999999963,0.0,0.0,0.0,-0.25,-0.25,0.0,0.4412499999999779,4,1,0.505
242,23.0,1.0,23.0,1.0,0.0,0.0,0.0,1.0,40.0,0.25,17.0,1.0,0.0,0.0,0.0,1.0,0.0,0.0,-0.25,9.959292143521044,-6.0,17.0,5.5,0.7391304347826086,1.0,-0.4778,-0.4934,0.008399999999999963,0.0,0.0,0.0,-0.25,-0.25,0.0,0.4382499999999777,5,1,0.5
243,42.0,0.4,4.0,0.0,0.0,0.0,1.0,3.0,19.0,1.0,19.0,0.0,0.0,0.0,1.0,4.0,1.0,0.0,-0.20000000000000284,-14.097895391181149,12.0,-16.0,-11.5,0.25,1.0,0.2078,0.1954,-0.4990000000000001,0.0,0.0,0.0,-0.3000000000000007,-0.25,0.0,0.5096999999999716,1,0,0.593333333
243,42.0,0.4,4.0,0.0,0.0,0.0,1.0,3.0,19.0,1.0,19.0,0.0,0.0,0.0,1.0,4.0,1.0,0.0,-0.20000000000000284,-14.097895391181149,12.0,-16.0,-11.5,0.25,1.0,0.2078,0.1954,-0.4990000000000001,0.0,0.0,0.0,-0.3000000000000007,-0.25,0.0,0.5280499999999703,2,1,0.6316666670000001
243,42.0,0.4,4.0,0.0,0.0,0.0,1.0,3.0,19.0,1.0,19.0,0.0,0.0,0.0,1.0,4.0,1.0,0.0,-0.20000000000000284,-14.097895391181149,12.0,-16.0,-11.5,0.25,1.0,0.2078,0.1954,-0.4990000000000001,0.0,0.0,0.0,-0.3000000000000007,-0.25,0.0,0.5263499999999702,3,1,0.583333333
243,42.0,0.4,4.0,0.0,0.0,0.0,1.0,3.0,19.0,1.0,19.0,0.0,0.0,0.0,1.0,4.0,1.0,0.0,-0.20000000000000284,-14.097895391181149,12.0,-16.0,-11.5,0.25,1.0,0.2078,0.1954,-0.4990000000000001,0.0,0.0,0.0,-0.3000000000000007,-0.25,0.0,0.5162499999999711,4,1,0.605
243,42.0,0.4,4.0,0.0,0.0,0.0,1.0,3.0,19.0,1.0,19.0,0.0,0.0,0.0,1.0,4.0,1.0,0.0,-0.20000000000000284,-14.097895391181149,12.0,-16.0,-11.5,0.25,1.0,0.2078,0.1954,-0.4990000000000001,0.0,0.0,0.0,-0.3000000000000007,-0.25,0.0,0.5185999999999714,5,1,0.555
244,-8.0,1.0,-8.0,1.0,0.0,0.0,0.0,1.0,-7.0,0.9,-29.0,1.0,0.0,0.0,0.0,1.0,0.0,0.0,-1.1999999999999993,6.599999999999999,-21.0,1.0,-10.0,0.27586206896551724,-1.0,0.7951999999999999,0.8062,0.00439999999999996,0.0,0.0,0.0,-1.1999999999999993,-1.1999999999999993,0.0,0.26614999999999045,1,0,0.281666667
244,-8.0,1.0,-8.0,1.0,0.0,0.0,0.0,1.0,-7.0,0.9,-29.0,1.0,0.0,0.0,0.0,1.0,0.0,0.0,-1.1999999999999993,6.599999999999999,-21.0,1.0,-10.0,0.27586206896551724,-1.0,0.7951999999999999,0.8062,0.00439999999999996,0.0,0.0,0.0,-1.1999999999999993,-1.1999999999999993,0.0,0.3074499999999888,2,1,0.37
244,-8.0,1.0,-8.0,1.0,0.0,0.0,0.0,1.0,-7.0,0.9,-29.0,1.0,0.0,0.0,0.0,1.0,0.0,0.0,-1.1999999999999993,6.599999999999999,-21.0,1.0,-10.0,0.27586206896551724,-1.0,0.7951999999999999,0.8062,0.00439999999999996,0.0,0.0,0.0,-1.1999999999999993,-1.1999999999999993,0.0,0.3211999999999872,3,1,0.34333333299999996
244,-8.0,1.0,-8.0,1.0,0.0,0.0,0.0,1.0,-7.0,0.9,-29.0,1.0,0.0,0.0,0.0,1.0,0.0,0.0,-1.1999999999999993,6.599999999999999,-21.0,1.0,-10.0,0.27586206896551724,-1.0,0.7951999999999999,0.8062,0.00439999999999996,0.0,0.0,0.0,-1.1999999999999993,-1.1999999999999993,0.0,0.3255499999999869,4,1,0.34
244,-8.0,1.0,-8.0,1.0,0.0,0.0,0.0,1.0,-7.0,0.9,-29.0,1.0,0.0,0.0,0.0,1.0,0.0,0.0,-1.1999999999999993,6.599999999999999,-21.0,1.0,-10.0,0.27586206896551724,-1.0,0.7951999999999999,0.8062,0.00439999999999996,0.0,0.0,0.0,-1.1999999999999993,-1.1999999999999993,0.0,0.32924999999998644,5,1,0.34833333299999997
245,24.0,1.0,24.0,1.0,0.0,0.0,0.0,1.0,71.0,0.1,16.0,1.0,0.0,0.0,0.0,1.0,0.0,0.0,-2.5,16.5,-8.0,47.0,19.5,0.6666666666666666,1.0,-0.7928,-0.7964,0.004599999999999993,0.0,0.0,0.0,-2.5,-2.5,0.0,0.3955499999999816,1,0,0.34166666700000003
245,24.0,1.0,24.0,1.0,0.0,0.0,0.0,1.0,71.0,0.1,16.0,1.0,0.0,0.0,0.0,1.0,0.0,0.0,-2.5,16.5,-8.0,47.0,19.5,0.6666666666666666,1.0,-0.7928,-0.7964,0.004599999999999993,0.0,0.0,0.0,-2.5,-2.5,0.0,0.3189999999999882,2,1,0.32
245,24.0,1.0,24.0,1.0,0.0,0.0,0.0,1.0,71.0,0.1,16.0,1.0,0.0,0.0,0.0,1.0,0.0,0.0,-2.5,16.5,-8.0,47.0,19.5,0.6666666666666666,1.0,-0.7928,-0.7964,0.004599999999999993,0.0,0.0,0.0,-2.5,-2.5,0.0,0.29104999999999104,3,1,0.3616666670000001
245,24.0,1.0,24.0,1.0,0.0,0.0,0.0,1.0,71.0,0.1,16.0,1.0,0.0,0.0,0.0,1.0,0.0,0.0,-2.5,16.5,-8.0,47.0,19.5,0.6666666666666666,1.0,-0.7928,-0.7964,0.004599999999999993,0.0,0.0,0.0,-2.5,-2.5,0.0,0.2790499999999914,4,1,0.38333333299999994
245,24.0,1.0,24.0,1.0,0.0,0.0,0.0,1.0,71.0,0.1,16.0,1.0,0.0,0.0,0.0,1.0,0.0,0.0,-2.5,16.5,-8.0,47.0,19.5,0.6666666666666666,1.0,-0.7928,-0.7964,0.004599999999999993,0.0,0.0,0.0,-2.5,-2.5,0.0,0.2739999999999922,5,1,0.39
246,8.0,1.0,8.0,1.0,0.0,0.0,0.0,1.0,3.0,0.99,-28.0,1.0,0.0,0.0,0.0,1.0,0.0,0.0,-5.3100000000000005,3.084461055030523,-36.0,-5.0,-20.5,0.0,1.0,-1.0,-1.0,-1.0,-0.0113,-0.0095,-1.0,-5.3100000000000005,-5.3100000000000005,-0.7199999999999989,0.0,1,0,0.055
246,8.0,1.0,8.0,1.0,0.0,0.0,0.0,1.0,3.0,0.99,-28.0,1.0,0.0,0.0,0.0,1.0,0.0,0.0,-5.3100000000000005,3.084461055030523,-36.0,-5.0,-20.5,0.0,1.0,-1.0,-1.0,-1.0,-0.0113,-0.0095,-1.0,-5.3100000000000005,-5.3100000000000005,-0.7199999999999989,0.0,2,1,0.018333333
246,8.0,1.0,8.0,1.0,0.0,0.0,0.0,1.0,3.0,0.99,-28.0,1.0,0.0,0.0,0.0,1.0,0.0,0.0,-5.3100000000000005,3.084461055030523,-36.0,-5.0,-20.5,0.0,1.0,-1.0,-1.0,-1.0,-0.0113,-0.0095,-1.0,-5.3100000000000005,-5.3100000000000005,-0.7199999999999989,0.0,3,1,0.011666667
246,8.0,1.0,8.0,1.0,0.0,0.0,0.0,1.0,3.0,0.99,-28.0,1.0,0.0,0.0,0.0,1.0,0.0,0.0,-5.3100000000000005,3.084461055030523,-36.0,-5.0,-20.5,0.0,1.0,-1.0,-1.0,-1.0,-0.0113,-0.0095,-1.0,-5.3100000000000005,-5.3100000000000005,-0.7199999999999989,0.0,4,1,0.006666666999999999
246,8.0,1.0,8.0,1.0,0.0,0.0,0.0,1.0,3.0,0.99,-28.0,1.0,0.0,0.0,0.0,1.0,0.0,0.0,-5.3100000000000005,3.084461055030523,-36.0,-5.0,-20.5,0.0,1.0,-1.0,-1.0,-1.0,-0.0113,-0.0095,-1.0,-5.3100000000000005,-5.3100000000000005,-0.7199999999999989,0.0,5,1,0.005
247,26.0,1.0,26.0,1.0,0.0,0.0,0.0,1.0,22.0,0.9,-9.0,1.0,0.0,0.0,0.0,1.0,0.0,0.0,-7.099999999999998,9.3,-35.0,-4.0,-19.5,0.0,1.0,-1.0,-1.0,-1.0,-0.0974,-0.1025,-1.0,-7.099999999999998,-7.099999999999998,-7.0,0.0,1,0,0.036666667
247,26.0,1.0,26.0,1.0,0.0,0.0,0.0,1.0,22.0,0.9,-9.0,1.0,0.0,0.0,0.0,1.0,0.0,0.0,-7.099999999999998,9.3,-35.0,-4.0,-19.5,0.0,1.0,-1.0,-1.0,-1.0,-0.0974,-0.1025,-1.0,-7.099999999999998,-7.099999999999998,-7.0,0.0,2,1,0.013333333000000001
247,26.0,1.0,26.0,1.0,0.0,0.0,0.0,1.0,22.0,0.9,-9.0,1.0,0.0,0.0,0.0,1.0,0.0,0.0,-7.099999999999998,9.3,-35.0,-4.0,-19.5,0.0,1.0,-1.0,-1.0,-1.0,-0.0974,-0.1025,-1.0,-7.099999999999998,-7.099999999999998,-7.0,0.0,3,1,0.008333333
247,26.0,1.0,26.0,1.0,0.0,0.0,0.0,1.0,22.0,0.9,-9.0,1.0,0.0,0.0,0.0,1.0,0.0,0.0,-7.099999999999998,9.3,-35.0,-4.0,-19.5,0.0,1.0,-1.0,-1.0,-1.0,-0.0974,-0.1025,-1.0,-7.099999999999998,-7.099999999999998,-7.0,0.0,4,1,0.01
247,26.0,1.0,26.0,1.0,0.0,0.0,0.0,1.0,22.0,0.9,-9.0,1.0,0.0,0.0,0.0,1.0,0.0,0.0,-7.099999999999998,9.3,-35.0,-4.0,-19.5,0.0,1.0,-1.0,-1.0,-1.0,-0.0974,-0.1025,-1.0,-7.099999999999998,-7.099999999999998,-7.0,0.0,5,1,0.011666667
248,-10.0,1.0,-10.0,1.0,0.0,0.0,0.0,1.0,-6.0,0.25,-19.0,0.0,1.0,0.0,0.0,3.0,0.0,0.0,-5.75,5.640257086339238,-9.0,5.0,0.75,0.5263157894736842,-1.0,-0.4834000000000001,-0.51,0.5049999999999999,0.0,0.0,0.0,-5.75,-5.75,0.0,0.08030000000000012,1,0,0.233333333
248,-10.0,1.0,-10.0,1.0,0.0,0.0,0.0,1.0,-6.0,0.25,-19.0,0.0,1.0,0.0,0.0,3.0,0.0,0.0,-5.75,5.640257086339238,-9.0,5.0,0.75,0.5263157894736842,-1.0,-0.4834000000000001,-0.51,0.5049999999999999,0.0,0.0,0.0,-5.75,-5.75,0.0,0.06980000000000051,2,1,0.198333333
248,-10.0,1.0,-10.0,1.0,0.0,0.0,0.0,1.0,-6.0,0.25,-19.0,0.0,1.0,0.0,0.0,3.0,0.0,0.0,-5.75,5.640257086339238,-9.0,5.0,0.75,0.5263157894736842,-1.0,-0.4834000000000001,-0.51,0.5049999999999999,0.0,0.0,0.0,-5.75,-5.75,0.0,0.05910000000000092,3,1,0.18333333300000001
248,-10.0,1.0,-10.0,1.0,0.0,0.0,0.0,1.0,-6.0,0.25,-19.0,0.0,1.0,0.0,0.0,3.0,0.0,0.0,-5.75,5.640257086339238,-9.0,5.0,0.75,0.5263157894736842,-1.0,-0.4834000000000001,-0.51,0.5049999999999999,0.0,0.0,0.0,-5.75,-5.75,0.0,0.05705000000000088,4,1,0.15333333300000002
248,-10.0,1.0,-10.0,1.0,0.0,0.0,0.0,1.0,-6.0,0.25,-19.0,0.0,1.0,0.0,0.0,3.0,0.0,0.0,-5.75,5.640257086339238,-9.0,5.0,0.75,0.5263157894736842,-1.0,-0.4834000000000001,-0.51,0.5049999999999999,0.0,0.0,0.0,-5.75,-5.75,0.0,0.05490000000000085,5,1,0.12
249,18.0,0.75,7.0,1.0,0.0,0.0,0.0,1.0,16.0,0.8,9.0,1.0,0.0,0.0,0.0,1.0,0.0,0.0,-0.6500000000000004,-1.9631397208144128,2.0,-2.0,0.0,0.7777777777777778,1.0,-0.4812,-0.5025999999999999,0.00940000000000002,0.0,0.0,0.0,-0.6500000000000004,-0.6500000000000004,0.0,0.3706499999999833,1,0,0.3
249,18.0,0.75,7.0,1.0,0.0,0.0,0.0,1.0,16.0,0.8,9.0,1.0,0.0,0.0,0.0,1.0,0.0,0.0,-0.6500000000000004,-1.9631397208144128,2.0,-2.0,0.0,0.7777777777777778,1.0,-0.4812,-0.5025999999999999,0.00940000000000002,0.0,0.0,0.0,-0.6500000000000004,-0.6500000000000004,0.0,0.3766999999999833,2,1,0.306666667
249,18.0,0.75,7.0,1.0,0.0,0.0,0.0,1.0,16.0,0.8,9.0,1.0,0.0,0.0,0.0,1.0,0.0,0.0,-0.6500000000000004,-1.9631397208144128,2.0,-2.0,0.0,0.7777777777777778,1.0,-0.4812,-0.5025999999999999,0.00940000000000002,0.0,0.0,0.0,-0.6500000000000004,-0.6500000000000004,0.0,0.38669999999998267,3,1,0.225
249,18.0,0.75,7.0,1.0,0.0,0.0,0.0,1.0,16.0,0.8,9.0,1.0,0.0,0.0,0.0,1.0,0.0,0.0,-0.6500000000000004,-1.9631397208144128,2.0,-2.0,0.0,0.7777777777777778,1.0,-0.4812,-0.5025999999999999,0.00940000000000002,0.0,0.0,0.0,-0.6500000000000004,-0.6500000000000004,0.0,0.3757499999999834,4,1,0.23
249,18.0,0.75,7.0,1.0,0.0,0.0,0.0,1.0,16.0,0.8,9.0,1.0,0.0,0.0,0.0,1.0,0.0,0.0,-0.6500000000000004,-1.9631397208144128,2.0,-2.0,0.0,0.7777777777777778,1.0,-0.4812,-0.5025999999999999,0.00940000000000002,0.0,0.0,0.0,-0.6500000000000004,-0.6500000000000004,0.0,0.3782999999999829,5,1,0.22166666699999998
250,19.0,1.0,19.0,0.0,0.0,1.0,0.0,4.0,78.0,0.1,13.0,1.0,0.0,0.0,0.0,1.0,0.0,0.0,0.5,14.91742430504416,5.0,56.0,29.0,0.6153846153846154,1.0,-0.5596000000000001,-0.5768,0.5012000000000001,0.0,0.0,0.0,0.5,0.5,0.0,0.5791999999999656,1,0,0.44833333299999995
250,19.0,1.0,19.0,0.0,0.0,1.0,0.0,4.0,78.0,0.1,13.0,1.0,0.0,0.0,0.0,1.0,0.0,0.0,0.5,14.91742430504416,5.0,56.0,29.0,0.6153846153846154,1.0,-0.5596000000000001,-0.5768,0.5012000000000001,0.0,0.0,0.0,0.5,0.5,0.0,0.4791999999999742,2,1,0.378333333
250,19.0,1.0,19.0,0.0,0.0,1.0,0.0,4.0,78.0,0.1,13.0,1.0,0.0,0.0,0.0,1.0,0.0,0.0,0.5,14.91742430504416,5.0,56.0,29.0,0.6153846153846154,1.0,-0.5596000000000001,-0.5768,0.5012000000000001,0.0,0.0,0.0,0.5,0.5,0.0,0.4336999999999788,3,1,0.446666667
250,19.0,1.0,19.0,0.0,0.0,1.0,0.0,4.0,78.0,0.1,13.0,1.0,0.0,0.0,0.0,1.0,0.0,0.0,0.5,14.91742430504416,5.0,56.0,29.0,0.6153846153846154,1.0,-0.5596000000000001,-0.5768,0.5012000000000001,0.0,0.0,0.0,0.5,0.5,0.0,0.4151999999999801,4,1,0.435
250,19.0,1.0,19.0,0.0,0.0,1.0,0.0,4.0,78.0,0.1,13.0,1.0,0.0,0.0,0.0,1.0,0.0,0.0,0.5,14.91742430504416,5.0,56.0,29.0,0.6153846153846154,1.0,-0.5596000000000001,-0.5768,0.5012000000000001,0.0,0.0,0.0,0.5,0.5,0.0,0.40844999999998105,5,1,0.436666667
251,-5.0,1.0,-5.0,1.0,0.0,0.0,0.0,1.0,138.0,0.2,-35.0,1.0,0.0,0.0,0.0,1.0,0.0,0.0,4.600000000000001,69.2,-30.0,143.0,56.5,0.14285714285714285,1.0,-0.5958000000000001,-0.6124,0.005600000000000049,0.2015,0.2023,0.0,4.600000000000001,4.600000000000001,69.19999999999999,0.461249999999976,1,0,0.35333333299999997
251,-5.0,1.0,-5.0,1.0,0.0,0.0,0.0,1.0,138.0,0.2,-35.0,1.0,0.0,0.0,0.0,1.0,0.0,0.0,4.600000000000001,69.2,-30.0,143.0,56.5,0.14285714285714285,1.0,-0.5958000000000001,-0.6124,0.005600000000000049,0.2015,0.2023,0.0,4.600000000000001,4.600000000000001,69.19999999999999,0.3828499999999832,2,1,0.368333333
251,-5.0,1.0,-5.0,1.0,0.0,0.0,0.0,1.0,138.0,0.2,-35.0,1.0,0.0,0.0,0.0,1.0,0.0,0.0,4.600000000000001,69.2,-30.0,143.0,56.5,0.14285714285714285,1.0,-0.5958000000000001,-0.6124,0.005600000000000049,0.2015,0.2023,0.0,4.600000000000001,4.600000000000001,69.19999999999999,0.3854499999999833,3,1,0.415
251,-5.0,1.0,-5.0,1.0,0.0,0.0,0.0,1.0,138.0,0.2,-35.0,1.0,0.0,0.0,0.0,1.0,0.0,0.0,4.600000000000001,69.2,-30.0,143.0,56.5,0.14285714285714285,1.0,-0.5958000000000001,-0.6124,0.005600000000000049,0.2015,0.2023,0.0,4.600000000000001,4.600000000000001,69.19999999999999,0.3859999999999826,4,1,0.38333333299999994
251,-5.0,1.0,-5.0,1.0,0.0,0.0,0.0,1.0,138.0,0.2,-35.0,1.0,0.0,0.0,0.0,1.0,0.0,0.0,4.600000000000001,69.2,-30.0,143.0,56.5,0.14285714285714285,1.0,-0.5958000000000001,-0.6124,0.005600000000000049,0.2015,0.2023,0.0,4.600000000000001,4.600000000000001,69.19999999999999,0.3842499999999828,5,1,0.323333333
252,29.0,1.0,29.0,1.0,0.0,0.0,0.0,1.0,79.0,0.1,17.0,0.0,0.0,1.0,0.0,4.0,0.0,0.0,-5.799999999999998,18.656366205668238,-12.0,53.0,35.60000000000001,0.5862068965517241,1.0,-0.8084,-0.7896000000000001,0.6066,0.0,0.0,0.0,-5.799999999999998,-5.799999999999998,0.0,0.4907999999999737,1,0,0.42
252,29.0,1.0,29.0,1.0,0.0,0.0,0.0,1.0,79.0,0.1,17.0,0.0,0.0,1.0,0.0,4.0,0.0,0.0,-5.799999999999998,18.656366205668238,-12.0,53.0,35.60000000000001,0.5862068965517241,1.0,-0.8084,-0.7896000000000001,0.6066,0.0,0.0,0.0,-5.799999999999998,-5.799999999999998,0.0,0.3788499999999834,2,1,0.38
252,29.0,1.0,29.0,1.0,0.0,0.0,0.0,1.0,79.0,0.1,17.0,0.0,0.0,1.0,0.0,4.0,0.0,0.0,-5.799999999999998,18.656366205668238,-12.0,53.0,35.60000000000001,0.5862068965517241,1.0,-0.8084,-0.7896000000000001,0.6066,0.0,0.0,0.0,-5.799999999999998,-5.799999999999998,0.0,0.31629999999998903,3,1,0.37
252,29.0,1.0,29.0,1.0,0.0,0.0,0.0,1.0,79.0,0.1,17.0,0.0,0.0,1.0,0.0,4.0,0.0,0.0,-5.799999999999998,18.656366205668238,-12.0,53.0,35.60000000000001,0.5862068965517241,1.0,-0.8084,-0.7896000000000001,0.6066,0.0,0.0,0.0,-5.799999999999998,-5.799999999999998,0.0,0.3028999999999894,4,1,0.335
252,29.0,1.0,29.0,1.0,0.0,0.0,0.0,1.0,79.0,0.1,17.0,0.0,0.0,1.0,0.0,4.0,0.0,0.0,-5.799999999999998,18.656366205668238,-12.0,53.0,35.60000000000001,0.5862068965517241,1.0,-0.8084,-0.7896000000000001,0.6066,0.0,0.0,0.0,-5.799999999999998,-5.799999999999998,0.0,0.2932499999999908,5,1,0.318333333
253,219.0,0.05,-21.0,0.0,1.0,0.0,0.0,5.0,-4.0,0.75,-15.0,0.0,0.0,1.0,0.0,5.0,0.0,0.0,2.2499999999999964,-44.17169522211357,-9.0,-221.0,-190.16666666666663,0.7,1.0,0.8009999999999999,0.8156000000000001,-1.0,0.2732,0.3121,0.0,2.2499999999999964,2.2499999999999964,69.025,0.491299999999973,1,0,0.483333333
253,219.0,0.05,-21.0,0.0,1.0,0.0,0.0,5.0,-4.0,0.75,-15.0,0.0,0.0,1.0,0.0,5.0,0.0,0.0,2.2499999999999964,-44.17169522211357,-9.0,-221.0,-190.16666666666663,0.7,1.0,0.8009999999999999,0.8156000000000001,-1.0,0.2732,0.3121,0.0,2.2499999999999964,2.2499999999999964,69.025,0.5942499999999632,2,1,0.598333333
253,219.0,0.05,-21.0,0.0,1.0,0.0,0.0,5.0,-4.0,0.75,-15.0,0.0,0.0,1.0,0.0,5.0,0.0,0.0,2.2499999999999964,-44.17169522211357,-9.0,-221.0,-190.16666666666663,0.7,1.0,0.8009999999999999,0.8156000000000001,-1.0,0.2732,0.3121,0.0,2.2499999999999964,2.2499999999999964,69.025,0.6699999999999561,3,1,0.666666667
253,219.0,0.05,-21.0,0.0,1.0,0.0,0.0,5.0,-4.0,0.75,-15.0,0.0,0.0,1.0,0.0,5.0,0.0,0.0,2.2499999999999964,-44.17169522211357,-9.0,-221.0,-190.16666666666663,0.7,1.0,0.8009999999999999,0.8156000000000001,-1.0,0.2732,0.3121,0.0,2.2499999999999964,2.2499999999999964,69.025,0.6863999999999542,4,1,0.68
253,219.0,0.05,-21.0,0.0,1.0,0.0,0.0,5.0,-4.0,0.75,-15.0,0.0,0.0,1.0,0.0,5.0,0.0,0.0,2.2499999999999964,-44.17169522211357,-9.0,-221.0,-190.16666666666663,0.7,1.0,0.8009999999999999,0.8156000000000001,-1.0,0.2732,0.3121,0.0,2.2499999999999964,2.2499999999999964,69.025,0.7085499999999517,5,1,0.72
254,78.0,0.2,17.0,0.0,1.0,0.0,0.0,3.0,214.0,0.25,-34.0,1.0,0.0,0.0,0.0,1.0,0.0,0.0,-1.2000000000000028,82.98510097498325,-51.0,135.0,27.25,0.0,1.0,-0.494,-0.5058,-0.014000000000000012,-0.7529,-0.7509999999999999,0.0,-1.2000000000000028,-1.2000000000000028,-372.0,0.2947499999999895,1,0,0.238333333
254,78.0,0.2,17.0,0.0,1.0,0.0,0.0,3.0,214.0,0.25,-34.0,1.0,0.0,0.0,0.0,1.0,0.0,0.0,-1.2000000000000028,82.98510097498325,-51.0,135.0,27.25,0.0,1.0,-0.494,-0.5058,-0.014000000000000012,-0.7529,-0.7509999999999999,0.0,-1.2000000000000028,-1.2000000000000028,-372.0,0.2948999999999914,2,1,0.268333333
254,78.0,0.2,17.0,0.0,1.0,0.0,0.0,3.0,214.0,0.25,-34.0,1.0,0.0,0.0,0.0,1.0,0.0,0.0,-1.2000000000000028,82.98510097498325,-51.0,135.0,27.25,0.0,1.0,-0.494,-0.5058,-0.014000000000000012,-0.7529,-0.7509999999999999,0.0,-1.2000000000000028,-1.2000000000000028,-372.0,0.3276999999999877,3,1,0.278333333
254,78.0,0.2,17.0,0.0,1.0,0.0,0.0,3.0,214.0,0.25,-34.0,1.0,0.0,0.0,0.0,1.0,0.0,0.0,-1.2000000000000028,82.98510097498325,-51.0,135.0,27.25,0.0,1.0,-0.494,-0.5058,-0.014000000000000012,-0.7529,-0.7509999999999999,0.0,-1.2000000000000028,-1.2000000000000028,-372.0,0.34159999999998625,4,1,0.25
254,78.0,0.2,17.0,0.0,1.0,0.0,0.0,3.0,214.0,0.25,-34.0,1.0,0.0,0.0,0.0,1.0,0.0,0.0,-1.2000000000000028,82.98510097498325,-51.0,135.0,27.25,0.0,1.0,-0.494,-0.5058,-0.014000000000000012,-0.7529,-0.7509999999999999,0.0,-1.2000000000000028,-1.2000000000000028,-372.0,0.3374499999999864,5,1,0.21833333300000002
255,0.0,1.0,0.0,1.0,0.0,0.0,0.0,1.0,-7.0,0.8,-15.0,1.0,0.0,0.0,0.0,1.0,0.0,0.0,-8.6,3.2,-15.0,-7.0,-11.0,0.0,0.0,-1.0,-1.0,-1.0,-1.0,-1.0,-1.0,-8.6,-8.6,-15.0,0.0,1,0,0.065
255,0.0,1.0,0.0,1.0,0.0,0.0,0.0,1.0,-7.0,0.8,-15.0,1.0,0.0,0.0,0.0,1.0,0.0,0.0,-8.6,3.2,-15.0,-7.0,-11.0,0.0,0.0,-1.0,-1.0,-1.0,-1.0,-1.0,-1.0,-8.6,-8.6,-15.0,0.0,2,1,0.023333332999999998
255,0.0,1.0,0.0,1.0,0.0,0.0,0.0,1.0,-7.0,0.8,-15.0,1.0,0.0,0.0,0.0,1.0,0.0,0.0,-8.6,3.2,-15.0,-7.0,-11.0,0.0,0.0,-1.0,-1.0,-1.0,-1.0,-1.0,-1.0,-8.6,-8.6,-15.0,0.0,3,1,0.011666667
255,0.0,1.0,0.0,1.0,0.0,0.0,0.0,1.0,-7.0,0.8,-15.0,1.0,0.0,0.0,0.0,1.0,0.0,0.0,-8.6,3.2,-15.0,-7.0,-11.0,0.0,0.0,-1.0,-1.0,-1.0,-1.0,-1.0,-1.0,-8.6,-8.6,-15.0,0.0,4,1,0.008333333
255,0.0,1.0,0.0,1.0,0.0,0.0,0.0,1.0,-7.0,0.8,-15.0,1.0,0.0,0.0,0.0,1.0,0.0,0.0,-8.6,3.2,-15.0,-7.0,-11.0,0.0,0.0,-1.0,-1.0,-1.0,-1.0,-1.0,-1.0,-8.6,-8.6,-15.0,0.0,5,1,0.008333333
256,1.0,1.0,1.0,1.0,0.0,0.0,0.0,1.0,74.0,0.05,4.0,1.0,0.0,0.0,0.0,1.0,1.0,0.0,6.5,15.256146302392356,3.0,73.0,38.0,0.25,1.0,1.0,1.0,1.0,0.0,0.0,1.0,13.666666666666664,10.083333333333332,0.0,0.9999999999999176,1,0,0.926666667
256,1.0,1.0,1.0,1.0,0.0,0.0,0.0,1.0,74.0,0.05,4.0,1.0,0.0,0.0,0.0,1.0,1.0,0.0,6.5,15.256146302392356,3.0,73.0,38.0,0.25,1.0,1.0,1.0,1.0,0.0,0.0,1.0,13.666666666666664,10.083333333333332,0.0,0.9999999999999176,2,1,0.95
256,1.0,1.0,1.0,1.0,0.0,0.0,0.0,1.0,74.0,0.05,4.0,1.0,0.0,0.0,0.0,1.0,1.0,0.0,6.5,15.256146302392356,3.0,73.0,38.0,0.25,1.0,1.0,1.0,1.0,0.0,0.0,1.0,13.666666666666664,10.083333333333332,0.0,0.9999999999999176,3,1,0.97
256,1.0,1.0,1.0,1.0,0.0,0.0,0.0,1.0,74.0,0.05,4.0,1.0,0.0,0.0,0.0,1.0,1.0,0.0,6.5,15.256146302392356,3.0,73.0,38.0,0.25,1.0,1.0,1.0,1.0,0.0,0.0,1.0,13.666666666666664,10.083333333333332,0.0,0.9999999999999176,4,1,0.973333333
256,1.0,1.0,1.0,1.0,0.0,0.0,0.0,1.0,74.0,0.05,4.0,1.0,0.0,0.0,0.0,1.0,1.0,0.0,6.5,15.256146302392356,3.0,73.0,38.0,0.25,1.0,1.0,1.0,1.0,0.0,0.0,1.0,13.666666666666664,10.083333333333332,0.0,0.9999999999999176,5,1,0.97
257,34.0,0.8,-21.0,0.0,1.0,0.0,0.0,3.0,48.0,0.4,4.0,1.0,0.0,0.0,0.0,1.0,0.0,0.0,-1.4000000000000021,-0.4535792950876889,25.0,13.0,5.75,0.0,1.0,0.21100000000000002,0.028200000000000006,0.5032000000000001,0.1969,0.2022,0.0,-1.4000000000000021,-1.4000000000000021,27.599999999999994,0.6388999999999598,1,0,0.658333333
257,34.0,0.8,-21.0,0.0,1.0,0.0,0.0,3.0,48.0,0.4,4.0,1.0,0.0,0.0,0.0,1.0,0.0,0.0,-1.4000000000000021,-0.4535792950876889,25.0,13.0,5.75,0.0,1.0,0.21100000000000002,0.028200000000000006,0.5032000000000001,0.1969,0.2022,0.0,-1.4000000000000021,-1.4000000000000021,27.599999999999994,0.5585499999999671,2,1,0.581666667
257,34.0,0.8,-21.0,0.0,1.0,0.0,0.0,3.0,48.0,0.4,4.0,1.0,0.0,0.0,0.0,1.0,0.0,0.0,-1.4000000000000021,-0.4535792950876889,25.0,13.0,5.75,0.0,1.0,0.21100000000000002,0.028200000000000006,0.5032000000000001,0.1969,0.2022,0.0,-1.4000000000000021,-1.4000000000000021,27.599999999999994,0.5205999999999705,3,1,0.543333333
257,34.0,0.8,-21.0,0.0,1.0,0.0,0.0,3.0,48.0,0.4,4.0,1.0,0.0,0.0,0.0,1.0,0.0,0.0,-1.4000000000000021,-0.4535792950876889,25.0,13.0,5.75,0.0,1.0,0.21100000000000002,0.028200000000000006,0.5032000000000001,0.1969,0.2022,0.0,-1.4000000000000021,-1.4000000000000021,27.599999999999994,0.5035999999999721,4,1,0.531666667
257,34.0,0.8,-21.0,0.0,1.0,0.0,0.0,3.0,48.0,0.4,4.0,1.0,0.0,0.0,0.0,1.0,0.0,0.0,-1.4000000000000021,-0.4535792950876889,25.0,13.0,5.75,0.0,1.0,0.21100000000000002,0.028200000000000006,0.5032000000000001,0.1969,0.2022,0.0,-1.4000000000000021,-1.4000000000000021,27.599999999999994,0.499249999999973,5,1,0.57
258,1.0,1.0,1.0,1.0,0.0,0.0,0.0,1.0,13.0,0.4,-3.0,1.0,0.0,0.0,0.0,1.0,1.0,0.0,2.4000000000000004,7.83836717690617,-4.0,12.0,4.0,0.0,1.0,-0.506,-0.20740000000000008,-0.012799999999999978,-0.7490000000000001,-0.6013,0.0,0.0,1.2000000000000002,-19.2,0.4670999999999753,1,0,0.498333333
258,1.0,1.0,1.0,1.0,0.0,0.0,0.0,1.0,13.0,0.4,-3.0,1.0,0.0,0.0,0.0,1.0,1.0,0.0,2.4000000000000004,7.83836717690617,-4.0,12.0,4.0,0.0,1.0,-0.506,-0.20740000000000008,-0.012799999999999978,-0.7490000000000001,-0.6013,0.0,0.0,1.2000000000000002,-19.2,0.519249999999971,2,1,0.533333333
258,1.0,1.0,1.0,1.0,0.0,0.0,0.0,1.0,13.0,0.4,-3.0,1.0,0.0,0.0,0.0,1.0,1.0,0.0,2.4000000000000004,7.83836717690617,-4.0,12.0,4.0,0.0,1.0,-0.506,-0.20740000000000008,-0.012799999999999978,-0.7490000000000001,-0.6013,0.0,0.0,1.2000000000000002,-19.2,0.5674499999999666,3,1,0.595
258,1.0,1.0,1.0,1.0,0.0,0.0,0.0,1.0,13.0,0.4,-3.0,1.0,0.0,0.0,0.0,1.0,1.0,0.0,2.4000000000000004,7.83836717690617,-4.0,12.0,4.0,0.0,1.0,-0.506,-0.20740000000000008,-0.012799999999999978,-0.7490000000000001,-0.6013,0.0,0.0,1.2000000000000002,-19.2,0.5929999999999632,4,1,0.6083333329999999
258,1.0,1.0,1.0,1.0,0.0,0.0,0.0,1.0,13.0,0.4,-3.0,1.0,0.0,0.0,0.0,1.0,1.0,0.0,2.4000000000000004,7.83836717690617,-4.0,12.0,4.0,0.0,1.0,-0.506,-0.20740000000000008,-0.012799999999999978,-0.7490000000000001,-0.6013,0.0,0.0,1.2000000000000002,-19.2,0.5984499999999632,5,1,0.583333333
259,3.0,0.95,-8.0,0.0,1.0,0.0,0.0,5.0,67.0,0.2,-13.0,0.0,1.0,0.0,0.0,7.0,1.0,0.0,0.5500000000000038,29.41673429780603,-5.0,65.0,55.83333333333334,0.6153846153846154,1.0,-0.2876,-0.591,0.7387999999999999,-0.5943,-0.7458,0.0,13.033333333333335,6.791666666666669,-124.5,0.8821499999999324,1,0,0.6416666670000001
259,3.0,0.95,-8.0,0.0,1.0,0.0,0.0,5.0,67.0,0.2,-13.0,0.0,1.0,0.0,0.0,7.0,1.0,0.0,0.5500000000000038,29.41673429780603,-5.0,65.0,55.83333333333334,0.6153846153846154,1.0,-0.2876,-0.591,0.7387999999999999,-0.5943,-0.7458,0.0,13.033333333333335,6.791666666666669,-124.5,0.8367999999999377,2,1,0.52
259,3.0,0.95,-8.0,0.0,1.0,0.0,0.0,5.0,67.0,0.2,-13.0,0.0,1.0,0.0,0.0,7.0,1.0,0.0,0.5500000000000038,29.41673429780603,-5.0,65.0,55.83333333333334,0.6153846153846154,1.0,-0.2876,-0.591,0.7387999999999999,-0.5943,-0.7458,0.0,13.033333333333335,6.791666666666669,-124.5,0.7237999999999499,3,1,0.435
259,3.0,0.95,-8.0,0.0,1.0,0.0,0.0,5.0,67.0,0.2,-13.0,0.0,1.0,0.0,0.0,7.0,1.0,0.0,0.5500000000000038,29.41673429780603,-5.0,65.0,55.83333333333334,0.6153846153846154,1.0,-0.2876,-0.591,0.7387999999999999,-0.5943,-0.7458,0.0,13.033333333333335,6.791666666666669,-124.5,0.5968999999999629,4,1,0.373333333
259,3.0,0.95,-8.0,0.0,1.0,0.0,0.0,5.0,67.0,0.2,-13.0,0.0,1.0,0.0,0.0,7.0,1.0,0.0,0.5500000000000038,29.41673429780603,-5.0,65.0,55.83333333333334,0.6153846153846154,1.0,-0.2876,-0.591,0.7387999999999999,-0.5943,-0.7458,0.0,13.033333333333335,6.791666666666669,-124.5,0.5249499999999699,5,1,0.375
260,82.0,0.2,-29.0,1.0,0.0,0.0,0.0,1.0,-7.0,0.99,-10.0,1.0,0.0,0.0,0.0,1.0,0.0,0.0,-0.22999999999999865,-44.101503768868014,19.0,-89.0,-35.0,0.3448275862068966,1.0,0.6028,0.6024,-0.011600000000000056,-0.1959,-0.2021,0.0,-0.22999999999999865,-0.22999999999999865,-44.39999999999999,0.5125499999999718,1,0,0.6083333329999999
260,82.0,0.2,-29.0,1.0,0.0,0.0,0.0,1.0,-7.0,0.99,-10.0,1.0,0.0,0.0,0.0,1.0,0.0,0.0,-0.22999999999999865,-44.101503768868014,19.0,-89.0,-35.0,0.3448275862068966,1.0,0.6028,0.6024,-0.011600000000000056,-0.1959,-0.2021,0.0,-0.22999999999999865,-0.22999999999999865,-44.39999999999999,0.5986999999999634,2,1,0.678333333
260,82.0,0.2,-29.0,1.0,0.0,0.0,0.0,1.0,-7.0,0.99,-10.0,1.0,0.0,0.0,0.0,1.0,0.0,0.0,-0.22999999999999865,-44.101503768868014,19.0,-89.0,-35.0,0.3448275862068966,1.0,0.6028,0.6024,-0.011600000000000056,-0.1959,-0.2021,0.0,-0.22999999999999865,-0.22999999999999865,-44.39999999999999,0.6071499999999622,3,1,0.663333333
260,82.0,0.2,-29.0,1.0,0.0,0.0,0.0,1.0,-7.0,0.99,-10.0,1.0,0.0,0.0,0.0,1.0,0.0,0.0,-0.22999999999999865,-44.101503768868014,19.0,-89.0,-35.0,0.3448275862068966,1.0,0.6028,0.6024,-0.011600000000000056,-0.1959,-0.2021,0.0,-0.22999999999999865,-0.22999999999999865,-44.39999999999999,0.6016999999999624,4,1,0.6366666670000001
260,82.0,0.2,-29.0,1.0,0.0,0.0,0.0,1.0,-7.0,0.99,-10.0,1.0,0.0,0.0,0.0,1.0,0.0,0.0,-0.22999999999999865,-44.101503768868014,19.0,-89.0,-35.0,0.3448275862068966,1.0,0.6028,0.6024,-0.011600000000000056,-0.1959,-0.2021,0.0,-0.22999999999999865,-0.22999999999999865,-44.39999999999999,0.6073499999999619,5,1,0.663333333
261,28.0,1.0,28.0,1.0,0.0,0.0,0.0,1.0,69.0,0.4,3.0,0.0,1.0,0.0,0.0,3.0,0.0,0.0,1.4000000000000021,32.33635724691326,-25.0,42.0,24.5,0.10714285714285714,1.0,-0.2062,-0.214,0.4952,0.0,0.0,0.0,1.4000000000000021,1.4000000000000021,0.0,0.5320499999999702,1,0,0.435
261,28.0,1.0,28.0,1.0,0.0,0.0,0.0,1.0,69.0,0.4,3.0,0.0,1.0,0.0,0.0,3.0,0.0,0.0,1.4000000000000021,32.33635724691326,-25.0,42.0,24.5,0.10714285714285714,1.0,-0.2062,-0.214,0.4952,0.0,0.0,0.0,1.4000000000000021,1.4000000000000021,0.0,0.5083499999999719,2,1,0.488333333
261,28.0,1.0,28.0,1.0,0.0,0.0,0.0,1.0,69.0,0.4,3.0,0.0,1.0,0.0,0.0,3.0,0.0,0.0,1.4000000000000021,32.33635724691326,-25.0,42.0,24.5,0.10714285714285714,1.0,-0.2062,-0.214,0.4952,0.0,0.0,0.0,1.4000000000000021,1.4000000000000021,0.0,0.5145999999999711,3,1,0.5083333329999999
261,28.0,1.0,28.0,1.0,0.0,0.0,0.0,1.0,69.0,0.4,3.0,0.0,1.0,0.0,0.0,3.0,0.0,0.0,1.4000000000000021,32.33635724691326,-25.0,42.0,24.5,0.10714285714285714,1.0,-0.2062,-0.214,0.4952,0.0,0.0,0.0,1.4000000000000021,1.4000000000000021,0.0,0.5089999999999715,4,1,0.5083333329999999
261,28.0,1.0,28.0,1.0,0.0,0.0,0.0,1.0,69.0,0.4,3.0,0.0,1.0,0.0,0.0,3.0,0.0,0.0,1.4000000000000021,32.33635724691326,-25.0,42.0,24.5,0.10714285714285714,1.0,-0.2062,-0.214,0.4952,0.0,0.0,0.0,1.4000000000000021,1.4000000000000021,0.0,0.5096499999999718,5,1,0.4866666670000001
262,55.0,0.05,9.0,0.0,0.0,1.0,0.0,3.0,23.0,0.8,-17.0,0.0,1.0,0.0,0.0,5.0,0.0,0.0,3.7000000000000095,5.984562181229513,-26.0,-32.0,-26.66666666666667,0.0,1.0,0.4808,0.5012000000000001,-0.8418000000000001,-0.1999,-0.1998,0.0,3.7000000000000095,3.7000000000000095,-29.599999999999966,0.39249999999998175,1,0,0.371666667
262,55.0,0.05,9.0,0.0,0.0,1.0,0.0,3.0,23.0,0.8,-17.0,0.0,1.0,0.0,0.0,5.0,0.0,0.0,3.7000000000000095,5.984562181229513,-26.0,-32.0,-26.66666666666667,0.0,1.0,0.4808,0.5012000000000001,-0.8418000000000001,-0.1999,-0.1998,0.0,3.7000000000000095,3.7000000000000095,-29.599999999999966,0.5061499999999723,2,1,0.5033333329999999
262,55.0,0.05,9.0,0.0,0.0,1.0,0.0,3.0,23.0,0.8,-17.0,0.0,1.0,0.0,0.0,5.0,0.0,0.0,3.7000000000000095,5.984562181229513,-26.0,-32.0,-26.66666666666667,0.0,1.0,0.4808,0.5012000000000001,-0.8418000000000001,-0.1999,-0.1998,0.0,3.7000000000000095,3.7000000000000095,-29.599999999999966,0.5703999999999658,3,1,0.58
262,55.0,0.05,9.0,0.0,0.0,1.0,0.0,3.0,23.0,0.8,-17.0,0.0,1.0,0.0,0.0,5.0,0.0,0.0,3.7000000000000095,5.984562181229513,-26.0,-32.0,-26.66666666666667,0.0,1.0,0.4808,0.5012000000000001,-0.8418000000000001,-0.1999,-0.1998,0.0,3.7000000000000095,3.7000000000000095,-29.599999999999966,0.5902499999999642,4,1,0.625
262,55.0,0.05,9.0,0.0,0.0,1.0,0.0,3.0,23.0,0.8,-17.0,0.0,1.0,0.0,0.0,5.0,0.0,0.0,3.7000000000000095,5.984562181229513,-26.0,-32.0,-26.66666666666667,0.0,1.0,0.4808,0.5012000000000001,-0.8418000000000001,-0.1999,-0.1998,0.0,3.7000000000000095,3.7000000000000095,-29.599999999999966,0.6069999999999623,5,1,0.593333333
263,103.0,0.01,9.0,1.0,0.0,0.0,0.0,1.0,29.0,0.75,-44.0,1.0,0.0,0.0,0.0,1.0,1.0,0.0,0.8100000000000005,22.25704532932978,-53.0,-74.0,-63.5,0.0,1.0,-0.2044,0.4866,-1.0,-0.5838,-0.2504,0.0,-23.79333333333333,-11.491666666666667,-73.5,0.15244999999999684,1,0,0.14
263,103.0,0.01,9.0,1.0,0.0,0.0,0.0,1.0,29.0,0.75,-44.0,1.0,0.0,0.0,0.0,1.0,1.0,0.0,0.8100000000000005,22.25704532932978,-53.0,-74.0,-63.5,0.0,1.0,-0.2044,0.4866,-1.0,-0.5838,-0.2504,0.0,-23.79333333333333,-11.491666666666667,-73.5,0.3498999999999868,2,1,0.301666667
263,103.0,0.01,9.0,1.0,0.0,0.0,0.0,1.0,29.0,0.75,-44.0,1.0,0.0,0.0,0.0,1.0,1.0,0.0,0.8100000000000005,22.25704532932978,-53.0,-74.0,-63.5,0.0,1.0,-0.2044,0.4866,-1.0,-0.5838,-0.2504,0.0,-23.79333333333333,-11.491666666666667,-73.5,0.4119499999999811,3,1,0.45
263,103.0,0.01,9.0,1.0,0.0,0.0,0.0,1.0,29.0,0.75,-44.0,1.0,0.0,0.0,0.0,1.0,1.0,0.0,0.8100000000000005,22.25704532932978,-53.0,-74.0,-63.5,0.0,1.0,-0.2044,0.4866,-1.0,-0.5838,-0.2504,0.0,-23.79333333333333,-11.491666666666667,-73.5,0.4277499999999795,4,1,0.46666666700000003
263,103.0,0.01,9.0,1.0,0.0,0.0,0.0,1.0,29.0,0.75,-44.0,1.0,0.0,0.0,0.0,1.0,1.0,0.0,0.8100000000000005,22.25704532932978,-53.0,-74.0,-63.5,0.0,1.0,-0.2044,0.4866,-1.0,-0.5838,-0.2504,0.0,-23.79333333333333,-11.491666666666667,-73.5,0.4415999999999776,5,1,0.47
264,26.0,0.75,-9.0,0.0,0.0,0.0,1.0,3.0,82.0,0.01,13.0,0.0,1.0,0.0,0.0,9.0,0.0,0.0,-3.5599999999999987,-8.436316204705333,22.0,56.0,57.35,0.0,1.0,-0.4936,-0.4950000000000001,1.0,0.2455,0.2434,0.0,-3.5599999999999987,-3.5599999999999987,47.5,0.6271999999999607,1,0,0.6033333329999999
264,26.0,0.75,-9.0,0.0,0.0,0.0,1.0,3.0,82.0,0.01,13.0,0.0,1.0,0.0,0.0,9.0,0.0,0.0,-3.5599999999999987,-8.436316204705333,22.0,56.0,57.35,0.0,1.0,-0.4936,-0.4950000000000001,1.0,0.2455,0.2434,0.0,-3.5599999999999987,-3.5599999999999987,47.5,0.5108499999999712,2,1,0.47
264,26.0,0.75,-9.0,0.0,0.0,0.0,1.0,3.0,82.0,0.01,13.0,0.0,1.0,0.0,0.0,9.0,0.0,0.0,-3.5599999999999987,-8.436316204705333,22.0,56.0,57.35,0.0,1.0,-0.4936,-0.4950000000000001,1.0,0.2455,0.2434,0.0,-3.5599999999999987,-3.5599999999999987,47.5,0.4535999999999771,3,1,0.423333333
264,26.0,0.75,-9.0,0.0,0.0,0.0,1.0,3.0,82.0,0.01,13.0,0.0,1.0,0.0,0.0,9.0,0.0,0.0,-3.5599999999999987,-8.436316204705333,22.0,56.0,57.35,0.0,1.0,-0.4936,-0.4950000000000001,1.0,0.2455,0.2434,0.0,-3.5599999999999987,-3.5599999999999987,47.5,0.4303499999999789,4,1,0.38833333299999995
264,26.0,0.75,-9.0,0.0,0.0,0.0,1.0,3.0,82.0,0.01,13.0,0.0,1.0,0.0,0.0,9.0,0.0,0.0,-3.5599999999999987,-8.436316204705333,22.0,56.0,57.35,0.0,1.0,-0.4936,-0.4950000000000001,1.0,0.2455,0.2434,0.0,-3.5599999999999987,-3.5599999999999987,47.5,0.41739999999997995,5,1,0.3616666670000001
265,30.0,0.4,13.0,0.0,0.0,0.0,1.0,2.0,146.0,0.25,-25.0,0.0,1.0,0.0,0.0,5.0,0.0,1.0,-2.0499999999999936,65.69461495587916,-38.0,117.0,93.16666666666669,0.0,1.0,-0.5016,-0.4806,0.6554,-0.743,-0.7531,0.0,-2.0499999999999936,-2.0499999999999936,-259.5,0.3674499999999832,1,0,0.201666667
265,30.0,0.4,13.0,0.0,0.0,0.0,1.0,2.0,146.0,0.25,-25.0,0.0,1.0,0.0,0.0,5.0,0.0,1.0,-2.0499999999999936,65.69461495587916,-38.0,117.0,93.16666666666669,0.0,1.0,-0.5016,-0.4806,0.6554,-0.743,-0.7531,0.0,-2.0499999999999936,-2.0499999999999936,-259.5,0.3525999999999856,2,1,0.275
265,30.0,0.4,13.0,0.0,0.0,0.0,1.0,2.0,146.0,0.25,-25.0,0.0,1.0,0.0,0.0,5.0,0.0,1.0,-2.0499999999999936,65.69461495587916,-38.0,117.0,93.16666666666669,0.0,1.0,-0.5016,-0.4806,0.6554,-0.743,-0.7531,0.0,-2.0499999999999936,-2.0499999999999936,-259.5,0.3700999999999846,3,1,0.278333333
265,30.0,0.4,13.0,0.0,0.0,0.0,1.0,2.0,146.0,0.25,-25.0,0.0,1.0,0.0,0.0,5.0,0.0,1.0,-2.0499999999999936,65.69461495587916,-38.0,117.0,93.16666666666669,0.0,1.0,-0.5016,-0.4806,0.6554,-0.743,-0.7531,0.0,-2.0499999999999936,-2.0499999999999936,-259.5,0.3857499999999828,4,1,0.305
265,30.0,0.4,13.0,0.0,0.0,0.0,1.0,2.0,146.0,0.25,-25.0,0.0,1.0,0.0,0.0,5.0,0.0,1.0,-2.0499999999999936,65.69461495587916,-38.0,117.0,93.16666666666669,0.0,1.0,-0.5016,-0.4806,0.6554,-0.743,-0.7531,0.0,-2.0499999999999936,-2.0499999999999936,-259.5,0.3909499999999828,5,1,0.26
266,-2.0,1.0,-2.0,1.0,0.0,0.0,0.0,1.0,11.0,0.5,-12.0,1.0,0.0,0.0,0.0,1.0,0.0,0.0,1.5,11.5,-10.0,13.0,1.5,0.16666666666666666,1.0,-0.0016000000000000456,-0.008599999999999997,0.0012000000000000346,0.5059,0.5014,0.0,1.5,1.5,23.0,0.6087999999999629,1,0,0.65
266,-2.0,1.0,-2.0,1.0,0.0,0.0,0.0,1.0,11.0,0.5,-12.0,1.0,0.0,0.0,0.0,1.0,0.0,0.0,1.5,11.5,-10.0,13.0,1.5,0.16666666666666666,1.0,-0.0016000000000000456,-0.008599999999999997,0.0012000000000000346,0.5059,0.5014,0.0,1.5,1.5,23.0,0.5806499999999649,2,1,0.711666667
266,-2.0,1.0,-2.0,1.0,0.0,0.0,0.0,1.0,11.0,0.5,-12.0,1.0,0.0,0.0,0.0,1.0,0.0,0.0,1.5,11.5,-10.0,13.0,1.5,0.16666666666666666,1.0,-0.0016000000000000456,-0.008599999999999997,0.0012000000000000346,0.5059,0.5014,0.0,1.5,1.5,23.0,0.5917999999999637,3,1,0.685
266,-2.0,1.0,-2.0,1.0,0.0,0.0,0.0,1.0,11.0,0.5,-12.0,1.0,0.0,0.0,0.0,1.0,0.0,0.0,1.5,11.5,-10.0,13.0,1.5,0.16666666666666666,1.0,-0.0016000000000000456,-0.008599999999999997,0.0012000000000000346,0.5059,0.5014,0.0,1.5,1.5,23.0,0.5985999999999638,4,1,0.678333333
266,-2.0,1.0,-2.0,1.0,0.0,0.0,0.0,1.0,11.0,0.5,-12.0,1.0,0.0,0.0,0.0,1.0,0.0,0.0,1.5,11.5,-10.0,13.0,1.5,0.16666666666666666,1.0,-0.0016000000000000456,-0.008599999999999997,0.0012000000000000346,0.5059,0.5014,0.0,1.5,1.5,23.0,0.5972999999999633,5,1,0.663333333
267,-7.0,1.0,-7.0,1.0,0.0,0.0,0.0,1.0,-6.0,0.75,-19.0,0.0,0.0,0.0,1.0,5.0,0.0,0.0,-2.25,8.671072598012312,-12.0,27.0,4.166666666666666,0.3684210526315789,1.0,-0.6376,-0.6299999999999999,-0.01140000000000002,0.0933,0.0932,0.0,-2.25,-2.25,7.3125,0.3315999999999861,1,0,0.288333333
267,-7.0,1.0,-7.0,1.0,0.0,0.0,0.0,1.0,-6.0,0.75,-19.0,0.0,0.0,0.0,1.0,5.0,0.0,0.0,-2.25,8.671072598012312,-12.0,27.0,4.166666666666666,0.3684210526315789,1.0,-0.6376,-0.6299999999999999,-0.01140000000000002,0.0933,0.0932,0.0,-2.25,-2.25,7.3125,0.2909499999999899,2,1,0.28
267,-7.0,1.0,-7.0,1.0,0.0,0.0,0.0,1.0,-6.0,0.75,-19.0,0.0,0.0,0.0,1.0,5.0,0.0,0.0,-2.25,8.671072598012312,-12.0,27.0,4.166666666666666,0.3684210526315789,1.0,-0.6376,-0.6299999999999999,-0.01140000000000002,0.0933,0.0932,0.0,-2.25,-2.25,7.3125,0.265849999999992,3,1,0.305
267,-7.0,1.0,-7.0,1.0,0.0,0.0,0.0,1.0,-6.0,0.75,-19.0,0.0,0.0,0.0,1.0,5.0,0.0,0.0,-2.25,8.671072598012312,-12.0,27.0,4.166666666666666,0.3684210526315789,1.0,-0.6376,-0.6299999999999999,-0.01140000000000002,0.0933,0.0932,0.0,-2.25,-2.25,7.3125,0.2646499999999921,4,1,0.273333333
267,-7.0,1.0,-7.0,1.0,0.0,0.0,0.0,1.0,-6.0,0.75,-19.0,0.0,0.0,0.0,1.0,5.0,0.0,0.0,-2.25,8.671072598012312,-12.0,27.0,4.166666666666666,0.3684210526315789,1.0,-0.6376,-0.6299999999999999,-0.01140000000000002,0.0933,0.0932,0.0,-2.25,-2.25,7.3125,0.2584499999999918,5,1,0.251666667
268,16.0,1.0,16.0,1.0,0.0,0.0,0.0,1.0,23.0,0.8,-15.0,0.0,0.0,0.0,1.0,3.0,0.0,0.0,-0.5999999999999979,15.35708305636197,-31.0,11.0,-2.0,0.0,1.0,0.6115999999999999,0.6073999999999999,0.498,-0.1995,-0.1996,0.0,-0.5999999999999979,-0.5999999999999979,-16.799999999999994,0.4045999999999807,1,0,0.475
268,16.0,1.0,16.0,1.0,0.0,0.0,0.0,1.0,23.0,0.8,-15.0,0.0,0.0,0.0,1.0,3.0,0.0,0.0,-0.5999999999999979,15.35708305636197,-31.0,11.0,-2.0,0.0,1.0,0.6115999999999999,0.6073999999999999,0.498,-0.1995,-0.1996,0.0,-0.5999999999999979,-0.5999999999999979,-16.799999999999994,0.4894499999999731,2,1,0.62
268,16.0,1.0,16.0,1.0,0.0,0.0,0.0,1.0,23.0,0.8,-15.0,0.0,0.0,0.0,1.0,3.0,0.0,0.0,-0.5999999999999979,15.35708305636197,-31.0,11.0,-2.0,0.0,1.0,0.6115999999999999,0.6073999999999999,0.498,-0.1995,-0.1996,0.0,-0.5999999999999979,-0.5999999999999979,-16.799999999999994,0.5152499999999707,3,1,0.6416666670000001
268,16.0,1.0,16.0,1.0,0.0,0.0,0.0,1.0,23.0,0.8,-15.0,0.0,0.0,0.0,1.0,3.0,0.0,0.0,-0.5999999999999979,15.35708305636197,-31.0,11.0,-2.0,0.0,1.0,0.6115999999999999,0.6073999999999999,0.498,-0.1995,-0.1996,0.0,-0.5999999999999979,-0.5999999999999979,-16.799999999999994,0.53059999999997,4,1,0.6166666670000001
268,16.0,1.0,16.0,1.0,0.0,0.0,0.0,1.0,23.0,0.8,-15.0,0.0,0.0,0.0,1.0,3.0,0.0,0.0,-0.5999999999999979,15.35708305636197,-31.0,11.0,-2.0,0.0,1.0,0.6115999999999999,0.6073999999999999,0.498,-0.1995,-0.1996,0.0,-0.5999999999999979,-0.5999999999999979,-16.799999999999994,0.5254999999999702,5,1,0.571666667
269,-3.0,1.0,-3.0,1.0,0.0,0.0,0.0,1.0,149.0,0.2,-34.0,1.0,0.0,0.0,0.0,1.0,0.0,0.0,5.599999999999998,73.2,-31.0,152.0,60.5,0.08823529411764706,1.0,-0.5995999999999999,-0.6068,-0.004999999999999949,0.197,0.2027,0.0,5.599999999999998,5.599999999999998,73.19999999999997,0.4466999999999768,1,0,0.355
269,-3.0,1.0,-3.0,1.0,0.0,0.0,0.0,1.0,149.0,0.2,-34.0,1.0,0.0,0.0,0.0,1.0,0.0,0.0,5.599999999999998,73.2,-31.0,152.0,60.5,0.08823529411764706,1.0,-0.5995999999999999,-0.6068,-0.004999999999999949,0.197,0.2027,0.0,5.599999999999998,5.599999999999998,73.19999999999997,0.3723499999999839,2,1,0.33166666699999997
269,-3.0,1.0,-3.0,1.0,0.0,0.0,0.0,1.0,149.0,0.2,-34.0,1.0,0.0,0.0,0.0,1.0,0.0,0.0,5.599999999999998,73.2,-31.0,152.0,60.5,0.08823529411764706,1.0,-0.5995999999999999,-0.6068,-0.004999999999999949,0.197,0.2027,0.0,5.599999999999998,5.599999999999998,73.19999999999997,0.3784499999999837,3,1,0.345
269,-3.0,1.0,-3.0,1.0,0.0,0.0,0.0,1.0,149.0,0.2,-34.0,1.0,0.0,0.0,0.0,1.0,0.0,0.0,5.599999999999998,73.2,-31.0,152.0,60.5,0.08823529411764706,1.0,-0.5995999999999999,-0.6068,-0.004999999999999949,0.197,0.2027,0.0,5.599999999999998,5.599999999999998,73.19999999999997,0.3768999999999834,4,1,0.34
269,-3.0,1.0,-3.0,1.0,0.0,0.0,0.0,1.0,149.0,0.2,-34.0,1.0,0.0,0.0,0.0,1.0,0.0,0.0,5.599999999999998,73.2,-31.0,152.0,60.5,0.08823529411764706,1.0,-0.5995999999999999,-0.6068,-0.004999999999999949,0.197,0.2027,0.0,5.599999999999998,5.599999999999998,73.19999999999997,0.3755499999999837,5,1,0.328333333
270,62.0,0.25,-18.0,1.0,0.0,0.0,0.0,1.0,-5.0,0.9,-23.0,1.0,0.0,0.0,0.0,1.0,0.0,0.0,-8.799999999999997,-29.24101615137755,-5.0,-67.0,-36.0,0.7826086956521741,1.0,0.3024,0.3442,-1.0,-0.241,-0.2418,0.0,-8.799999999999997,-8.799999999999997,-42.5,0.1631999999999965,1,0,0.41166666700000004
270,62.0,0.25,-18.0,1.0,0.0,0.0,0.0,1.0,-5.0,0.9,-23.0,1.0,0.0,0.0,0.0,1.0,0.0,0.0,-8.799999999999997,-29.24101615137755,-5.0,-67.0,-36.0,0.7826086956521741,1.0,0.3024,0.3442,-1.0,-0.241,-0.2418,0.0,-8.799999999999997,-8.799999999999997,-42.5,0.2770999999999923,2,1,0.418333333
270,62.0,0.25,-18.0,1.0,0.0,0.0,0.0,1.0,-5.0,0.9,-23.0,1.0,0.0,0.0,0.0,1.0,0.0,0.0,-8.799999999999997,-29.24101615137755,-5.0,-67.0,-36.0,0.7826086956521741,1.0,0.3024,0.3442,-1.0,-0.241,-0.2418,0.0,-8.799999999999997,-8.799999999999997,-42.5,0.31989999999998914,3,1,0.431666667
270,62.0,0.25,-18.0,1.0,0.0,0.0,0.0,1.0,-5.0,0.9,-23.0,1.0,0.0,0.0,0.0,1.0,0.0,0.0,-8.799999999999997,-29.24101615137755,-5.0,-67.0,-36.0,0.7826086956521741,1.0,0.3024,0.3442,-1.0,-0.241,-0.2418,0.0,-8.799999999999997,-8.799999999999997,-42.5,0.3274999999999881,4,1,0.46166666700000003
270,62.0,0.25,-18.0,1.0,0.0,0.0,0.0,1.0,-5.0,0.9,-23.0,1.0,0.0,0.0,0.0,1.0,0.0,0.0,-8.799999999999997,-29.24101615137755,-5.0,-67.0,-36.0,0.7826086956521741,1.0,0.3024,0.3442,-1.0,-0.241,-0.2418,0.0,-8.799999999999997,-8.799999999999997,-42.5,0.325999999999988,5,1,0.498333333
